{"Protocol":0,"Id":"db75e140a2c22a22f2318990ab24e226","Path":"/data/media/movies/Mahavatar Narsimha (2025)/Mahavatar Narsimha 2025 1080p WEB-DL (Tel \u002B Tam \u002B Hin \u002B Mal \u002B Kan] - ESub.mkv","EncoderPath":null,"EncoderProtocol":null,"Type":0,"Container":"mkv","Size":7930622323,"Name":"Mahavatar Narsimha 2025 1080p WEB-DL (Tel \u002B Tam \u002B Hin \u002B Mal \u002B Kan] - ESub","IsRemote":false,"ETag":"da8b7cf237c36647c6913693e5eaa7d7","RunTimeTicks":78793390000,"ReadAtNativeFramerate":false,"IgnoreDts":false,"IgnoreIndex":false,"GenPtsInput":false,"SupportsTranscoding":true,"SupportsDirectStream":true,"SupportsDirectPlay":true,"IsInfiniteStream":false,"UseMostCompatibleTranscodingProfile":false,"RequiresOpening":false,"OpenToken":null,"RequiresClosing":false,"LiveStreamId":null,"BufferMs":null,"RequiresLooping":false,"SupportsProbing":true,"VideoType":0,"IsoType":null,"Video3DFormat":null,"MediaStreams":[{"Codec":"h264","CodecTag":null,"Language":"eng","ColorRange":null,"ColorSpace":null,"ColorTransfer":null,"ColorPrimaries":null,"DvVersionMajor":null,"DvVersionMinor":null,"DvProfile":null,"DvLevel":null,"RpuPresentFlag":null,"ElPresentFlag":null,"BlPresentFlag":null,"DvBlSignalCompatibilityId":null,"Rotation":null,"Comment":null,"TimeBase":"1/1000","CodecTimeBase":null,"Title":"www.5MovieRulz.clinic","Hdr10PlusPresentFlag":null,"VideoRange":1,"VideoRangeType":1,"VideoDoViTitle":null,"AudioSpatialFormat":0,"LocalizedUndefined":null,"LocalizedDefault":null,"LocalizedForced":null,"LocalizedExternal":null,"LocalizedHearingImpaired":null,"DisplayTitle":"www.5MovieRulz.clinic - 1080p - H264 - SDR","NalLengthSize":"4","IsInterlaced":false,"IsAVC":true,"ChannelLayout":null,"BitRate":8052068,"BitDepth":8,"RefFrames":1,"PacketLength":null,"Channels":null,"SampleRate":null,"IsDefault":true,"IsForced":false,"IsHearingImpaired":false,"Height":1080,"Width":1920,"AverageFrameRate":30,"RealFrameRate":30,"ReferenceFrameRate":30,"Profile":"High","Type":1,"AspectRatio":"16:9","Index":0,"Score":null,"IsExternal":false,"DeliveryMethod":null,"DeliveryUrl":null,"IsExternalUrl":null,"IsTextSubtitleStream":false,"SupportsExternalStream":false,"Path":null,"PixelFormat":"yuv420p","Level":40,"IsAnamorphic":false},{"Codec":"eac3","CodecTag":null,"Language":"tel","ColorRange":null,"ColorSpace":null,"ColorTransfer":null,"ColorPrimaries":null,"DvVersionMajor":null,"DvVersionMinor":null,"DvProfile":null,"DvLevel":null,"RpuPresentFlag":null,"ElPresentFlag":null,"BlPresentFlag":null,"DvBlSignalCompatibilityId":null,"Rotation":null,"Comment":null,"TimeBase":"1/1000","CodecTimeBase":null,"Title":"www.5MovieRulz.clinic","Hdr10PlusPresentFlag":null,"VideoRange":0,"VideoRangeType":0,"VideoDoViTitle":null,"AudioSpatialFormat":0,"LocalizedUndefined":null,"LocalizedDefault":"Default","LocalizedForced":null,"LocalizedExternal":"External","LocalizedHearingImpaired":null,"DisplayTitle":"www.5MovieRulz.clinic - Telugu - Dolby Digital\u002B - 5.1 - Default","NalLengthSize":null,"IsInterlaced":false,"IsAVC":false,"ChannelLayout":"5.1","BitRate":640000,"BitDepth":null,"RefFrames":null,"PacketLength":null,"Channels":6,"SampleRate":48000,"IsDefault":true,"IsForced":false,"IsHearingImpaired":false,"Height":null,"Width":null,"AverageFrameRate":null,"RealFrameRate":null,"ReferenceFrameRate":null,"Profile":null,"Type":0,"AspectRatio":null,"Index":1,"Score":null,"IsExternal":false,"DeliveryMethod":null,"DeliveryUrl":null,"IsExternalUrl":null,"IsTextSubtitleStream":false,"SupportsExternalStream":false,"Path":null,"PixelFormat":null,"Level":0,"IsAnamorphic":null},{"Codec":"eac3","CodecTag":null,"Language":"tam","ColorRange":null,"ColorSpace":null,"ColorTransfer":null,"ColorPrimaries":null,"DvVersionMajor":null,"DvVersionMinor":null,"DvProfile":null,"DvLevel":null,"RpuPresentFlag":null,"ElPresentFlag":null,"BlPresentFlag":null,"DvBlSignalCompatibilityId":null,"Rotation":null,"Comment":null,"TimeBase":"1/1000","CodecTimeBase":null,"Title":"www.5MovieRulz.clinic","Hdr10PlusPresentFlag":null,"VideoRange":0,"VideoRangeType":0,"VideoDoViTitle":null,"AudioSpatialFormat":0,"LocalizedUndefined":null,"LocalizedDefault":"Default","LocalizedForced":null,"LocalizedExternal":"External","LocalizedHearingImpaired":null,"DisplayTitle":"www.5MovieRulz.clinic - Tamil - Dolby Digital\u002B - 5.1","NalLengthSize":null,"IsInterlaced":false,"IsAVC":false,"ChannelLayout":"5.1","BitRate":640000,"BitDepth":null,"RefFrames":null,"PacketLength":null,"Channels":6,"SampleRate":48000,"IsDefault":false,"IsForced":false,"IsHearingImpaired":false,"Height":null,"Width":null,"AverageFrameRate":null,"RealFrameRate":null,"ReferenceFrameRate":null,"Profile":null,"Type":0,"AspectRatio":null,"Index":2,"Score":null,"IsExternal":false,"DeliveryMethod":null,"DeliveryUrl":null,"IsExternalUrl":null,"IsTextSubtitleStream":false,"SupportsExternalStream":false,"Path":null,"PixelFormat":null,"Level":0,"IsAnamorphic":null},{"Codec":"eac3","CodecTag":null,"Language":"hin","ColorRange":null,"ColorSpace":null,"ColorTransfer":null,"ColorPrimaries":null,"DvVersionMajor":null,"DvVersionMinor":null,"DvProfile":null,"DvLevel":null,"RpuPresentFlag":null,"ElPresentFlag":null,"BlPresentFlag":null,"DvBlSignalCompatibilityId":null,"Rotation":null,"Comment":null,"TimeBase":"1/1000","CodecTimeBase":null,"Title":"www.5MovieRulz.clinic","Hdr10PlusPresentFlag":null,"VideoRange":0,"VideoRangeType":0,"VideoDoViTitle":null,"AudioSpatialFormat":0,"LocalizedUndefined":null,"LocalizedDefault":"Default","LocalizedForced":null,"LocalizedExternal":"External","LocalizedHearingImpaired":null,"DisplayTitle":"www.5MovieRulz.clinic - Hindi - Dolby Digital\u002B - 5.1","NalLengthSize":null,"IsInterlaced":false,"IsAVC":false,"ChannelLayout":"5.1","BitRate":640000,"BitDepth":null,"RefFrames":null,"PacketLength":null,"Channels":6,"SampleRate":48000,"IsDefault":false,"IsForced":false,"IsHearingImpaired":false,"Height":null,"Width":null,"AverageFrameRate":null,"RealFrameRate":null,"ReferenceFrameRate":null,"Profile":null,"Type":0,"AspectRatio":null,"Index":3,"Score":null,"IsExternal":false,"DeliveryMethod":null,"DeliveryUrl":null,"IsExternalUrl":null,"IsTextSubtitleStream":false,"SupportsExternalStream":false,"Path":null,"PixelFormat":null,"Level":0,"IsAnamorphic":null},{"Codec":"eac3","CodecTag":null,"Language":"mal","ColorRange":null,"ColorSpace":null,"ColorTransfer":null,"ColorPrimaries":null,"DvVersionMajor":null,"DvVersionMinor":null,"DvProfile":null,"DvLevel":null,"RpuPresentFlag":null,"ElPresentFlag":null,"BlPresentFlag":null,"DvBlSignalCompatibilityId":null,"Rotation":null,"Comment":null,"TimeBase":"1/1000","CodecTimeBase":null,"Title":"www.5MovieRulz.clinic","Hdr10PlusPresentFlag":null,"VideoRange":0,"VideoRangeType":0,"VideoDoViTitle":null,"AudioSpatialFormat":0,"LocalizedUndefined":null,"LocalizedDefault":"Default","LocalizedForced":null,"LocalizedExternal":"External","LocalizedHearingImpaired":null,"DisplayTitle":"www.5MovieRulz.clinic - Malayalam - Dolby Digital\u002B - 5.1","NalLengthSize":null,"IsInterlaced":false,"IsAVC":false,"ChannelLayout":"5.1","BitRate":640000,"BitDepth":null,"RefFrames":null,"PacketLength":null,"Channels":6,"SampleRate":48000,"IsDefault":false,"IsForced":false,"IsHearingImpaired":false,"Height":null,"Width":null,"AverageFrameRate":null,"RealFrameRate":null,"ReferenceFrameRate":null,"Profile":null,"Type":0,"AspectRatio":null,"Index":4,"Score":null,"IsExternal":false,"DeliveryMethod":null,"DeliveryUrl":null,"IsExternalUrl":null,"IsTextSubtitleStream":false,"SupportsExternalStream":false,"Path":null,"PixelFormat":null,"Level":0,"IsAnamorphic":null},{"Codec":"eac3","CodecTag":null,"Language":"kan","ColorRange":null,"ColorSpace":null,"ColorTransfer":null,"ColorPrimaries":null,"DvVersionMajor":null,"DvVersionMinor":null,"DvProfile":null,"DvLevel":null,"RpuPresentFlag":null,"ElPresentFlag":null,"BlPresentFlag":null,"DvBlSignalCompatibilityId":null,"Rotation":null,"Comment":null,"TimeBase":"1/1000","CodecTimeBase":null,"Title":"www.5MovieRulz.clinic","Hdr10PlusPresentFlag":null,"VideoRange":0,"VideoRangeType":0,"VideoDoViTitle":null,"AudioSpatialFormat":0,"LocalizedUndefined":null,"LocalizedDefault":"Default","LocalizedForced":null,"LocalizedExternal":"External","LocalizedHearingImpaired":null,"DisplayTitle":"www.5MovieRulz.clinic - Kannada - Dolby Digital\u002B - 5.1","NalLengthSize":null,"IsInterlaced":false,"IsAVC":false,"ChannelLayout":"5.1","BitRate":640000,"BitDepth":null,"RefFrames":null,"PacketLength":null,"Channels":6,"SampleRate":48000,"IsDefault":false,"IsForced":false,"IsHearingImpaired":false,"Height":null,"Width":null,"AverageFrameRate":null,"RealFrameRate":null,"ReferenceFrameRate":null,"Profile":null,"Type":0,"AspectRatio":null,"Index":5,"Score":null,"IsExternal":false,"DeliveryMethod":null,"DeliveryUrl":null,"IsExternalUrl":null,"IsTextSubtitleStream":false,"SupportsExternalStream":false,"Path":null,"PixelFormat":null,"Level":0,"IsAnamorphic":null},{"Codec":"aac","CodecTag":null,"Language":"tel","ColorRange":null,"ColorSpace":null,"ColorTransfer":null,"ColorPrimaries":null,"DvVersionMajor":null,"DvVersionMinor":null,"DvProfile":null,"DvLevel":null,"RpuPresentFlag":null,"ElPresentFlag":null,"BlPresentFlag":null,"DvBlSignalCompatibilityId":null,"Rotation":null,"Comment":null,"TimeBase":"1/1000","CodecTimeBase":null,"Title":"www.5MovieRulz.clinic","Hdr10PlusPresentFlag":null,"VideoRange":0,"VideoRangeType":0,"VideoDoViTitle":null,"AudioSpatialFormat":0,"LocalizedUndefined":null,"LocalizedDefault":"Default","LocalizedForced":null,"LocalizedExternal":"External","LocalizedHearingImpaired":null,"DisplayTitle":"www.5MovieRulz.clinic - Telugu - HE-AAC - Stereo","NalLengthSize":null,"IsInterlaced":false,"IsAVC":false,"ChannelLayout":"stereo","BitRate":63999,"BitDepth":null,"RefFrames":null,"PacketLength":null,"Channels":2,"SampleRate":48000,"IsDefault":false,"IsForced":false,"IsHearingImpaired":false,"Height":null,"Width":null,"AverageFrameRate":null,"RealFrameRate":null,"ReferenceFrameRate":null,"Profile":"HE-AAC","Type":0,"AspectRatio":null,"Index":6,"Score":null,"IsExternal":false,"DeliveryMethod":null,"DeliveryUrl":null,"IsExternalUrl":null,"IsTextSubtitleStream":false,"SupportsExternalStream":false,"Path":null,"PixelFormat":null,"Level":0,"IsAnamorphic":null},{"Codec":"aac","CodecTag":null,"Language":"tam","ColorRange":null,"ColorSpace":null,"ColorTransfer":null,"ColorPrimaries":null,"DvVersionMajor":null,"DvVersionMinor":null,"DvProfile":null,"DvLevel":null,"RpuPresentFlag":null,"ElPresentFlag":null,"BlPresentFlag":null,"DvBlSignalCompatibilityId":null,"Rotation":null,"Comment":null,"TimeBase":"1/1000","CodecTimeBase":null,"Title":"www.5MovieRulz.clinic","Hdr10PlusPresentFlag":null,"VideoRange":0,"VideoRangeType":0,"VideoDoViTitle":null,"AudioSpatialFormat":0,"LocalizedUndefined":null,"LocalizedDefault":"Default","LocalizedForced":null,"LocalizedExternal":"External","LocalizedHearingImpaired":null,"DisplayTitle":"www.5MovieRulz.clinic - Tamil - HE-AAC - Stereo","NalLengthSize":null,"IsInterlaced":false,"IsAVC":false,"ChannelLayout":"stereo","BitRate":63999,"BitDepth":null,"RefFrames":null,"PacketLength":null,"Channels":2,"SampleRate":48000,"IsDefault":false,"IsForced":false,"IsHearingImpaired":false,"Height":null,"Width":null,"AverageFrameRate":null,"RealFrameRate":null,"ReferenceFrameRate":null,"Profile":"HE-AAC","Type":0,"AspectRatio":null,"Index":7,"Score":null,"IsExternal":false,"DeliveryMethod":null,"DeliveryUrl":null,"IsExternalUrl":null,"IsTextSubtitleStream":false,"SupportsExternalStream":false,"Path":null,"PixelFormat":null,"Level":0,"IsAnamorphic":null},{"Codec":"aac","CodecTag":null,"Language":"hin","ColorRange":null,"ColorSpace":null,"ColorTransfer":null,"ColorPrimaries":null,"DvVersionMajor":null,"DvVersionMinor":null,"DvProfile":null,"DvLevel":null,"RpuPresentFlag":null,"ElPresentFlag":null,"BlPresentFlag":null,"DvBlSignalCompatibilityId":null,"Rotation":null,"Comment":null,"TimeBase":"1/1000","CodecTimeBase":null,"Title":"www.5MovieRulz.clinic","Hdr10PlusPresentFlag":null,"VideoRange":0,"VideoRangeType":0,"VideoDoViTitle":null,"AudioSpatialFormat":0,"LocalizedUndefined":null,"LocalizedDefault":"Default","LocalizedForced":null,"LocalizedExternal":"External","LocalizedHearingImpaired":null,"DisplayTitle":"www.5MovieRulz.clinic - Hindi - HE-AAC - Stereo","NalLengthSize":null,"IsInterlaced":false,"IsAVC":false,"ChannelLayout":"stereo","BitRate":63999,"BitDepth":null,"RefFrames":null,"PacketLength":null,"Channels":2,"SampleRate":48000,"IsDefault":false,"IsForced":false,"IsHearingImpaired":false,"Height":null,"Width":null,"AverageFrameRate":null,"RealFrameRate":null,"ReferenceFrameRate":null,"Profile":"HE-AAC","Type":0,"AspectRatio":null,"Index":8,"Score":null,"IsExternal":false,"DeliveryMethod":null,"DeliveryUrl":null,"IsExternalUrl":null,"IsTextSubtitleStream":false,"SupportsExternalStream":false,"Path":null,"PixelFormat":null,"Level":0,"IsAnamorphic":null},{"Codec":"aac","CodecTag":null,"Language":"mal","ColorRange":null,"ColorSpace":null,"ColorTransfer":null,"ColorPrimaries":null,"DvVersionMajor":null,"DvVersionMinor":null,"DvProfile":null,"DvLevel":null,"RpuPresentFlag":null,"ElPresentFlag":null,"BlPresentFlag":null,"DvBlSignalCompatibilityId":null,"Rotation":null,"Comment":null,"TimeBase":"1/1000","CodecTimeBase":null,"Title":"www.5MovieRulz.clinic","Hdr10PlusPresentFlag":null,"VideoRange":0,"VideoRangeType":0,"VideoDoViTitle":null,"AudioSpatialFormat":0,"LocalizedUndefined":null,"LocalizedDefault":"Default","LocalizedForced":null,"LocalizedExternal":"External","LocalizedHearingImpaired":null,"DisplayTitle":"www.5MovieRulz.clinic - Malayalam - HE-AAC - Stereo","NalLengthSize":null,"IsInterlaced":false,"IsAVC":false,"ChannelLayout":"stereo","BitRate":63999,"BitDepth":null,"RefFrames":null,"PacketLength":null,"Channels":2,"SampleRate":48000,"IsDefault":false,"IsForced":false,"IsHearingImpaired":false,"Height":null,"Width":null,"AverageFrameRate":null,"RealFrameRate":null,"ReferenceFrameRate":null,"Profile":"HE-AAC","Type":0,"AspectRatio":null,"Index":9,"Score":null,"IsExternal":false,"DeliveryMethod":null,"DeliveryUrl":null,"IsExternalUrl":null,"IsTextSubtitleStream":false,"SupportsExternalStream":false,"Path":null,"PixelFormat":null,"Level":0,"IsAnamorphic":null},{"Codec":"aac","CodecTag":null,"Language":"kan","ColorRange":null,"ColorSpace":null,"ColorTransfer":null,"ColorPrimaries":null,"DvVersionMajor":null,"DvVersionMinor":null,"DvProfile":null,"DvLevel":null,"RpuPresentFlag":null,"ElPresentFlag":null,"BlPresentFlag":null,"DvBlSignalCompatibilityId":null,"Rotation":null,"Comment":null,"TimeBase":"1/1000","CodecTimeBase":null,"Title":"www.5MovieRulz.clinic","Hdr10PlusPresentFlag":null,"VideoRange":0,"VideoRangeType":0,"VideoDoViTitle":null,"AudioSpatialFormat":0,"LocalizedUndefined":null,"LocalizedDefault":"Default","LocalizedForced":null,"LocalizedExternal":"External","LocalizedHearingImpaired":null,"DisplayTitle":"www.5MovieRulz.clinic - Kannada - HE-AAC - Stereo","NalLengthSize":null,"IsInterlaced":false,"IsAVC":false,"ChannelLayout":"stereo","BitRate":63999,"BitDepth":null,"RefFrames":null,"PacketLength":null,"Channels":2,"SampleRate":48000,"IsDefault":false,"IsForced":false,"IsHearingImpaired":false,"Height":null,"Width":null,"AverageFrameRate":null,"RealFrameRate":null,"ReferenceFrameRate":null,"Profile":"HE-AAC","Type":0,"AspectRatio":null,"Index":10,"Score":null,"IsExternal":false,"DeliveryMethod":null,"DeliveryUrl":null,"IsExternalUrl":null,"IsTextSubtitleStream":false,"SupportsExternalStream":false,"Path":null,"PixelFormat":null,"Level":0,"IsAnamorphic":null},{"Codec":"subrip","CodecTag":null,"Language":"eng","ColorRange":null,"ColorSpace":null,"ColorTransfer":null,"ColorPrimaries":null,"DvVersionMajor":null,"DvVersionMinor":null,"DvProfile":null,"DvLevel":null,"RpuPresentFlag":null,"ElPresentFlag":null,"BlPresentFlag":null,"DvBlSignalCompatibilityId":null,"Rotation":null,"Comment":null,"TimeBase":"1/1000","CodecTimeBase":null,"Title":"www.5MovieRulz.clinic","Hdr10PlusPresentFlag":null,"VideoRange":0,"VideoRangeType":0,"VideoDoViTitle":null,"AudioSpatialFormat":0,"LocalizedUndefined":"Undefined","LocalizedDefault":"Default","LocalizedForced":"Forced","LocalizedExternal":"External","LocalizedHearingImpaired":"Hearing Impaired","DisplayTitle":"www.5MovieRulz.clinic - English - Default - SUBRIP","NalLengthSize":null,"IsInterlaced":false,"IsAVC":false,"ChannelLayout":null,"BitRate":null,"BitDepth":null,"RefFrames":null,"PacketLength":null,"Channels":null,"SampleRate":null,"IsDefault":true,"IsForced":false,"IsHearingImpaired":false,"Height":0,"Width":0,"AverageFrameRate":null,"RealFrameRate":null,"ReferenceFrameRate":null,"Profile":null,"Type":2,"AspectRatio":null,"Index":11,"Score":null,"IsExternal":false,"DeliveryMethod":null,"DeliveryUrl":null,"IsExternalUrl":null,"IsTextSubtitleStream":true,"SupportsExternalStream":true,"Path":null,"PixelFormat":null,"Level":0,"IsAnamorphic":null}],"MediaAttachments":[],"Formats":[],"Bitrate":11572063,"FallbackMaxStreamingBitrate":null,"Timestamp":null,"RequiredHttpHeaders":{},"TranscodingUrl":null,"TranscodingSubProtocol":0,"TranscodingContainer":null,"AnalyzeDurationMs":null,"DefaultAudioStreamIndex":null,"DefaultSubtitleStreamIndex":null,"HasSegments":false}

/usr/lib/jellyfin-ffmpeg/ffmpeg -analyzeduration 200M -probesize 1G -ss 00:42:02.533 -noaccurate_seek -fflags +genpts  -i file:"/data/media/movies/Mahavatar Narsimha (2025)/Mahavatar Narsimha 2025 1080p WEB-DL (Tel + Tam + Hin + Mal + Kan] - ESub.mkv" -map_metadata -1 -map_chapters -1 -threads 0 -map 0:0 -map 0:1 -map -0:s -codec:v:0 copy -bsf:v h264_mp4toannexb -start_at_zero -codec:a:0 copy -copyts -avoid_negative_ts disabled -max_muxing_queue_size 2048 -f hls -max_delay 5000000 -hls_time 6 -hls_segment_type fmp4 -hls_fmp4_init_filename "78ebca037eef387a18e73226c1597212-1.mp4" -start_number 420 -hls_segment_filename "/config/cache/transcodes/78ebca037eef387a18e73226c1597212%d.mp4" -hls_playlist_type vod -hls_list_size 0 -hls_segment_options movflags=+frag_discont -y "/config/cache/transcodes/78ebca037eef387a18e73226c1597212.m3u8"


ffmpeg version 7.1.3-Jellyfin Copyright (c) 2000-2025 the FFmpeg developers
  built with gcc 13 (Ubuntu 13.3.0-6ubuntu2~24.04.1)
  configuration: --prefix=/usr/lib/jellyfin-ffmpeg --target-os=linux --extra-version=Jellyfin --disable-doc --disable-ffplay --disable-static --disable-libxcb --disable-sdl2 --disable-xlib --enable-lto=auto --enable-gpl --enable-version3 --enable-shared --enable-gmp --enable-gnutls --enable-chromaprint --enable-opencl --enable-libdrm --enable-libxml2 --enable-libass --enable-libfreetype --enable-libfribidi --enable-libfontconfig --enable-libharfbuzz --enable-libbluray --enable-libmp3lame --enable-libopus --enable-libtheora --enable-libvorbis --enable-libopenmpt --enable-libdav1d --enable-libsvtav1 --enable-libwebp --enable-libvpx --enable-libx264 --enable-libx265 --enable-libzvbi --enable-libzimg --enable-libfdk-aac --arch=arm64 --cross-prefix=/usr/bin/aarch64-linux-gnu- --toolchain=hardened --enable-cross-compile --enable-rkmpp --enable-rkrga --enable-ffnvcodec --enable-cuda --enable-cuda-llvm --enable-cuvid --enable-nvdec --enable-nvenc
  libavutil      59. 39.100 / 59. 39.100
  libavcodec     61. 19.101 / 61. 19.101
  libavformat    61.  7.100 / 61.  7.100
  libavdevice    61.  3.100 / 61.  3.100
  libavfilter    10.  4.100 / 10.  4.100
  libswscale      8.  3.100 /  8.  3.100
  libswresample   5.  3.100 /  5.  3.100
  libpostproc    58.  3.100 / 58.  3.100
Input #0, matroska,webm, from 'file:/data/media/movies/Mahavatar Narsimha (2025)/Mahavatar Narsimha 2025 1080p WEB-DL (Tel + Tam + Hin + Mal + Kan] - ESub.mkv':
  Metadata:
    title           : www.5MovieRulz.clinic
    encoder         : libebml v1.3.3 + libmatroska v1.4.4
    creation_time   : 2025-09-19T07:28:47.000000Z
  Duration: 02:11:19.34, start: 0.000000, bitrate: 8052 kb/s
  Stream #0:0(eng): Video: h264 (High), yuv420p(progressive), 1920x1080 [SAR 1:1 DAR 16:9], 30 fps, 30 tbr, 1k tbn (default)
      Metadata:
        title           : www.5MovieRulz.clinic
        BPS             : 4526567
        BPS-eng         : 4526567
        DURATION        : 02:11:19.266000000
        DURATION-eng    : 02:11:19.266000000
        NUMBER_OF_FRAMES: 236378
        NUMBER_OF_FRAMES-eng: 236378
        NUMBER_OF_BYTES : 4458253347
        NUMBER_OF_BYTES-eng: 4458253347
        _STATISTICS_WRITING_APP: mkvmerge v9.0.0 ('Power to progress') 64bit
        _STATISTICS_WRITING_APP-eng: mkvmerge v9.0.0 ('Power to progress') 64bit
        _STATISTICS_WRITING_DATE_UTC: 2025-09-19 07:28:47
        _STATISTICS_WRITING_DATE_UTC-eng: 2025-09-19 07:28:47
        _STATISTICS_TAGS: BPS DURATION NUMBER_OF_FRAMES NUMBER_OF_BYTES
        _STATISTICS_TAGS-eng: BPS DURATION NUMBER_OF_FRAMES NUMBER_OF_BYTES
  Stream #0:1(tel): Audio: eac3, 48000 Hz, 5.1(side), fltp, 640 kb/s (default)
      Metadata:
        title           : www.5MovieRulz.clinic
        BPS             : 640000
        BPS-eng         : 640000
        DURATION        : 02:11:19.232000000
        DURATION-eng    : 02:11:19.232000000
        NUMBER_OF_FRAMES: 246226
        NUMBER_OF_FRAMES-eng: 246226
        NUMBER_OF_BYTES : 630338560
        NUMBER_OF_BYTES-eng: 630338560
        _STATISTICS_WRITING_APP: mkvmerge v9.0.0 ('Power to progress') 64bit
        _STATISTICS_WRITING_APP-eng: mkvmerge v9.0.0 ('Power to progress') 64bit
        _STATISTICS_WRITING_DATE_UTC: 2025-09-19 07:28:47
        _STATISTICS_WRITING_DATE_UTC-eng: 2025-09-19 07:28:47
        _STATISTICS_TAGS: BPS DURATION NUMBER_OF_FRAMES NUMBER_OF_BYTES
        _STATISTICS_TAGS-eng: BPS DURATION NUMBER_OF_FRAMES NUMBER_OF_BYTES
  Stream #0:2(tam): Audio: eac3, 48000 Hz, 5.1(side), fltp, 640 kb/s
      Metadata:
        title           : www.5MovieRulz.clinic
        BPS             : 640000
        BPS-eng         : 640000
        DURATION        : 02:11:19.232000000
        DURATION-eng    : 02:11:19.232000000
        NUMBER_OF_FRAMES: 246226
        NUMBER_OF_FRAMES-eng: 246226
        NUMBER_OF_BYTES : 630338560
        NUMBER_OF_BYTES-eng: 630338560
        _STATISTICS_WRITING_APP: mkvmerge v9.0.0 ('Power to progress') 64bit
        _STATISTICS_WRITING_APP-eng: mkvmerge v9.0.0 ('Power to progress') 64bit
        _STATISTICS_WRITING_DATE_UTC: 2025-09-19 07:28:47
        _STATISTICS_WRITING_DATE_UTC-eng: 2025-09-19 07:28:47
        _STATISTICS_TAGS: BPS DURATION NUMBER_OF_FRAMES NUMBER_OF_BYTES
        _STATISTICS_TAGS-eng: BPS DURATION NUMBER_OF_FRAMES NUMBER_OF_BYTES
  Stream #0:3(hin): Audio: eac3, 48000 Hz, 5.1(side), fltp, 640 kb/s
      Metadata:
        title           : www.5MovieRulz.clinic
        BPS             : 640000
        BPS-eng         : 640000
        DURATION        : 02:11:19.232000000
        DURATION-eng    : 02:11:19.232000000
        NUMBER_OF_FRAMES: 246226
        NUMBER_OF_FRAMES-eng: 246226
        NUMBER_OF_BYTES : 630338560
        NUMBER_OF_BYTES-eng: 630338560
        _STATISTICS_WRITING_APP: mkvmerge v9.0.0 ('Power to progress') 64bit
        _STATISTICS_WRITING_APP-eng: mkvmerge v9.0.0 ('Power to progress') 64bit
        _STATISTICS_WRITING_DATE_UTC: 2025-09-19 07:28:47
        _STATISTICS_WRITING_DATE_UTC-eng: 2025-09-19 07:28:47
        _STATISTICS_TAGS: BPS DURATION NUMBER_OF_FRAMES NUMBER_OF_BYTES
        _STATISTICS_TAGS-eng: BPS DURATION NUMBER_OF_FRAMES NUMBER_OF_BYTES
  Stream #0:4(mal): Audio: eac3, 48000 Hz, 5.1(side), fltp, 640 kb/s
      Metadata:
        title           : www.5MovieRulz.clinic
        BPS             : 640000
        BPS-eng         : 640000
        DURATION        : 02:11:19.232000000
        DURATION-eng    : 02:11:19.232000000
        NUMBER_OF_FRAMES: 246226
        NUMBER_OF_FRAMES-eng: 246226
        NUMBER_OF_BYTES : 630338560
        NUMBER_OF_BYTES-eng: 630338560
        _STATISTICS_WRITING_APP: mkvmerge v9.0.0 ('Power to progress') 64bit
        _STATISTICS_WRITING_APP-eng: mkvmerge v9.0.0 ('Power to progress') 64bit
        _STATISTICS_WRITING_DATE_UTC: 2025-09-19 07:28:47
        _STATISTICS_WRITING_DATE_UTC-eng: 2025-09-19 07:28:47
        _STATISTICS_TAGS: BPS DURATION NUMBER_OF_FRAMES NUMBER_OF_BYTES
        _STATISTICS_TAGS-eng: BPS DURATION NUMBER_OF_FRAMES NUMBER_OF_BYTES
  Stream #0:5(kan): Audio: eac3, 48000 Hz, 5.1(side), fltp, 640 kb/s
      Metadata:
        title           : www.5MovieRulz.clinic
        BPS             : 640000
        BPS-eng         : 640000
        DURATION        : 02:11:19.232000000
        DURATION-eng    : 02:11:19.232000000
        NUMBER_OF_FRAMES: 246226
        NUMBER_OF_FRAMES-eng: 246226
        NUMBER_OF_BYTES : 630338560
        NUMBER_OF_BYTES-eng: 630338560
        _STATISTICS_WRITING_APP: mkvmerge v9.0.0 ('Power to progress') 64bit
        _STATISTICS_WRITING_APP-eng: mkvmerge v9.0.0 ('Power to progress') 64bit
        _STATISTICS_WRITING_DATE_UTC: 2025-09-19 07:28:47
        _STATISTICS_WRITING_DATE_UTC-eng: 2025-09-19 07:28:47
        _STATISTICS_TAGS: BPS DURATION NUMBER_OF_FRAMES NUMBER_OF_BYTES
        _STATISTICS_TAGS-eng: BPS DURATION NUMBER_OF_FRAMES NUMBER_OF_BYTES
  Stream #0:6(tel): Audio: aac (HE-AAC), 48000 Hz, stereo, fltp
      Metadata:
        title           : www.5MovieRulz.clinic
        BPS             : 63999
        BPS-eng         : 63999
        DURATION        : 02:11:19.339000000
        DURATION-eng    : 02:11:19.339000000
        NUMBER_OF_FRAMES: 184672
        NUMBER_OF_FRAMES-eng: 184672
        NUMBER_OF_BYTES : 63034709
        NUMBER_OF_BYTES-eng: 63034709
        _STATISTICS_WRITING_APP: mkvmerge v9.0.0 ('Power to progress') 64bit
        _STATISTICS_WRITING_APP-eng: mkvmerge v9.0.0 ('Power to progress') 64bit
        _STATISTICS_WRITING_DATE_UTC: 2025-09-19 07:28:47
        _STATISTICS_WRITING_DATE_UTC-eng: 2025-09-19 07:28:47
        _STATISTICS_TAGS: BPS DURATION NUMBER_OF_FRAMES NUMBER_OF_BYTES
        _STATISTICS_TAGS-eng: BPS DURATION NUMBER_OF_FRAMES NUMBER_OF_BYTES
  Stream #0:7(tam): Audio: aac (HE-AAC), 48000 Hz, stereo, fltp
      Metadata:
        title           : www.5MovieRulz.clinic
        BPS             : 63999
        BPS-eng         : 63999
        DURATION        : 02:11:19.339000000
        DURATION-eng    : 02:11:19.339000000
        NUMBER_OF_FRAMES: 184672
        NUMBER_OF_FRAMES-eng: 184672
        NUMBER_OF_BYTES : 63034709
        NUMBER_OF_BYTES-eng: 63034709
        _STATISTICS_WRITING_APP: mkvmerge v9.0.0 ('Power to progress') 64bit
        _STATISTICS_WRITING_APP-eng: mkvmerge v9.0.0 ('Power to progress') 64bit
        _STATISTICS_WRITING_DATE_UTC: 2025-09-19 07:28:47
        _STATISTICS_WRITING_DATE_UTC-eng: 2025-09-19 07:28:47
        _STATISTICS_TAGS: BPS DURATION NUMBER_OF_FRAMES NUMBER_OF_BYTES
        _STATISTICS_TAGS-eng: BPS DURATION NUMBER_OF_FRAMES NUMBER_OF_BYTES
  Stream #0:8(hin): Audio: aac (HE-AAC), 48000 Hz, stereo, fltp
      Metadata:
        title           : www.5MovieRulz.clinic
        BPS             : 63999
        BPS-eng         : 63999
        DURATION        : 02:11:19.339000000
        DURATION-eng    : 02:11:19.339000000
        NUMBER_OF_FRAMES: 184672
        NUMBER_OF_FRAMES-eng: 184672
        NUMBER_OF_BYTES : 63034709
        NUMBER_OF_BYTES-eng: 63034709
        _STATISTICS_WRITING_APP: mkvmerge v9.0.0 ('Power to progress') 64bit
        _STATISTICS_WRITING_APP-eng: mkvmerge v9.0.0 ('Power to progress') 64bit
        _STATISTICS_WRITING_DATE_UTC: 2025-09-19 07:28:47
        _STATISTICS_WRITING_DATE_UTC-eng: 2025-09-19 07:28:47
        _STATISTICS_TAGS: BPS DURATION NUMBER_OF_FRAMES NUMBER_OF_BYTES
        _STATISTICS_TAGS-eng: BPS DURATION NUMBER_OF_FRAMES NUMBER_OF_BYTES
  Stream #0:9(mal): Audio: aac (HE-AAC), 48000 Hz, stereo, fltp
      Metadata:
        title           : www.5MovieRulz.clinic
        BPS             : 63999
        BPS-eng         : 63999
        DURATION        : 02:11:19.339000000
        DURATION-eng    : 02:11:19.339000000
        NUMBER_OF_FRAMES: 184672
        NUMBER_OF_FRAMES-eng: 184672
        NUMBER_OF_BYTES : 63034709
        NUMBER_OF_BYTES-eng: 63034709
        _STATISTICS_WRITING_APP: mkvmerge v9.0.0 ('Power to progress') 64bit
        _STATISTICS_WRITING_APP-eng: mkvmerge v9.0.0 ('Power to progress') 64bit
        _STATISTICS_WRITING_DATE_UTC: 2025-09-19 07:28:47
        _STATISTICS_WRITING_DATE_UTC-eng: 2025-09-19 07:28:47
        _STATISTICS_TAGS: BPS DURATION NUMBER_OF_FRAMES NUMBER_OF_BYTES
        _STATISTICS_TAGS-eng: BPS DURATION NUMBER_OF_FRAMES NUMBER_OF_BYTES
  Stream #0:10(kan): Audio: aac (HE-AAC), 48000 Hz, stereo, fltp
      Metadata:
        title           : www.5MovieRulz.clinic
        BPS             : 63999
        BPS-eng         : 63999
        DURATION        : 02:11:19.339000000
        DURATION-eng    : 02:11:19.339000000
        NUMBER_OF_FRAMES: 184672
        NUMBER_OF_FRAMES-eng: 184672
        NUMBER_OF_BYTES : 63034709
        NUMBER_OF_BYTES-eng: 63034709
        _STATISTICS_WRITING_APP: mkvmerge v9.0.0 ('Power to progress') 64bit
        _STATISTICS_WRITING_APP-eng: mkvmerge v9.0.0 ('Power to progress') 64bit
        _STATISTICS_WRITING_DATE_UTC: 2025-09-19 07:28:47
        _STATISTICS_WRITING_DATE_UTC-eng: 2025-09-19 07:28:47
        _STATISTICS_TAGS: BPS DURATION NUMBER_OF_FRAMES NUMBER_OF_BYTES
        _STATISTICS_TAGS-eng: BPS DURATION NUMBER_OF_FRAMES NUMBER_OF_BYTES
  Stream #0:11(eng): Subtitle: subrip (srt) (default)
      Metadata:
        title           : www.5MovieRulz.clinic
        BPS             : 46
        BPS-eng         : 46
        DURATION        : 02:07:07.000000000
        DURATION-eng    : 02:07:07.000000000
        NUMBER_OF_FRAMES: 1397
        NUMBER_OF_FRAMES-eng: 1397
        NUMBER_OF_BYTES : 44794
        NUMBER_OF_BYTES-eng: 44794
        _STATISTICS_WRITING_APP: mkvmerge v9.0.0 ('Power to progress') 64bit
        _STATISTICS_WRITING_APP-eng: mkvmerge v9.0.0 ('Power to progress') 64bit
        _STATISTICS_WRITING_DATE_UTC: 2025-09-19 07:28:47
        _STATISTICS_WRITING_DATE_UTC-eng: 2025-09-19 07:28:47
        _STATISTICS_TAGS: BPS DURATION NUMBER_OF_FRAMES NUMBER_OF_BYTES
        _STATISTICS_TAGS-eng: BPS DURATION NUMBER_OF_FRAMES NUMBER_OF_BYTES
Stream mapping:
  Stream #0:0 -> #0:0 (copy)
  Stream #0:1 -> #0:1 (copy)
[hls @ 0xaaaaf94b5010] Opening '/config/cache/transcodes/78ebca037eef387a18e73226c1597212-1.mp4' for writing
[mp4 @ 0xaaaaf94c2d90] track 1: codec frame size is not set
Output #0, hls, to '/config/cache/transcodes/78ebca037eef387a18e73226c1597212.m3u8':
  Metadata:
    encoder         : Lavf61.7.100
  Stream #0:0: Video: h264 (High), yuv420p(progressive), 1920x1080 [SAR 1:1 DAR 16:9], q=2-31, 30 fps, 30 tbr, 16k tbn (default)
  Stream #0:1: Audio: eac3, 48000 Hz, 5.1(side), fltp, 640 kb/s (default)
Press [q] to stop, [?] for help
[hls @ 0xaaaaf94b5010] Opening '/config/cache/transcodes/78ebca037eef387a18e73226c1597212420.mp4' for writing
[hls @ 0xaaaaf94b5010] Opening '/config/cache/transcodes/78ebca037eef387a18e73226c1597212421.mp4' for writing
[hls @ 0xaaaaf94b5010] Opening '/config/cache/transcodes/78ebca037eef387a18e73226c1597212422.mp4' for writing
[hls @ 0xaaaaf94b5010] Opening '/config/cache/transcodes/78ebca037eef387a18e73226c1597212423.mp4' for writing
[hls @ 0xaaaaf94b5010] Opening '/config/cache/transcodes/78ebca037eef387a18e73226c1597212424.mp4' for writing
[hls @ 0xaaaaf94b5010] Opening '/config/cache/transcodes/78ebca037eef387a18e73226c1597212425.mp4' for writing
[hls @ 0xaaaaf94b5010] Opening '/config/cache/transcodes/78ebca037eef387a18e73226c1597212426.mp4' for writing
[hls @ 0xaaaaf94b5010] Opening '/config/cache/transcodes/78ebca037eef387a18e73226c1597212427.mp4' for writing
[hls @ 0xaaaaf94b5010] Opening '/config/cache/transcodes/78ebca037eef387a18e73226c1597212428.mp4' for writing
[hls @ 0xaaaaf94b5010] Opening '/config/cache/transcodes/78ebca037eef387a18e73226c1597212429.mp4' for writing
[hls @ 0xaaaaf94b5010] Opening '/config/cache/transcodes/78ebca037eef387a18e73226c1597212430.mp4' for writing
[hls @ 0xaaaaf94b5010] Opening '/config/cache/transcodes/78ebca037eef387a18e73226c1597212431.mp4' for writing
[hls @ 0xaaaaf94b5010] Opening '/config/cache/transcodes/78ebca037eef387a18e73226c1597212432.mp4' for writing
[hls @ 0xaaaaf94b5010] Opening '/config/cache/transcodes/78ebca037eef387a18e73226c1597212433.mp4' for writing
[hls @ 0xaaaaf94b5010] Opening '/config/cache/transcodes/78ebca037eef387a18e73226c1597212434.mp4' for writing
[hls @ 0xaaaaf94b5010] Opening '/config/cache/transcodes/78ebca037eef387a18e73226c1597212435.mp4' for writing
[hls @ 0xaaaaf94b5010] Opening '/config/cache/transcodes/78ebca037eef387a18e73226c1597212436.mp4' for writing
[hls @ 0xaaaaf94b5010] Opening '/config/cache/transcodes/78ebca037eef387a18e73226c1597212437.mp4' for writing
[hls @ 0xaaaaf94b5010] Opening '/config/cache/transcodes/78ebca037eef387a18e73226c1597212438.mp4' for writing
[hls @ 0xaaaaf94b5010] Opening '/config/cache/transcodes/78ebca037eef387a18e73226c1597212439.mp4' for writing
[hls @ 0xaaaaf94b5010] Opening '/config/cache/transcodes/78ebca037eef387a18e73226c1597212440.mp4' for writing
[hls @ 0xaaaaf94b5010] Opening '/config/cache/transcodes/78ebca037eef387a18e73226c1597212441.mp4' for writing
[hls @ 0xaaaaf94b5010] Opening '/config/cache/transcodes/78ebca037eef387a18e73226c1597212442.mp4' for writing
[hls @ 0xaaaaf94b5010] Opening '/config/cache/transcodes/78ebca037eef387a18e73226c1597212443.mp4' for writing
[hls @ 0xaaaaf94b5010] Opening '/config/cache/transcodes/78ebca037eef387a18e73226c1597212444.mp4' for writing
[hls @ 0xaaaaf94b5010] Opening '/config/cache/transcodes/78ebca037eef387a18e73226c1597212445.mp4' for writing
[hls @ 0xaaaaf94b5010] Opening '/config/cache/transcodes/78ebca037eef387a18e73226c1597212446.mp4' for writing
[hls @ 0xaaaaf94b5010] Opening '/config/cache/transcodes/78ebca037eef387a18e73226c1597212447.mp4' for writing
[hls @ 0xaaaaf94b5010] Opening '/config/cache/transcodes/78ebca037eef387a18e73226c1597212448.mp4' for writing
[hls @ 0xaaaaf94b5010] Opening '/config/cache/transcodes/78ebca037eef387a18e73226c1597212449.mp4' for writing
[hls @ 0xaaaaf94b5010] Opening '/config/cache/transcodes/78ebca037eef387a18e73226c1597212450.mp4' for writing
[hls @ 0xaaaaf94b5010] Opening '/config/cache/transcodes/78ebca037eef387a18e73226c1597212451.mp4' for writing
[hls @ 0xaaaaf94b5010] Opening '/config/cache/transcodes/78ebca037eef387a18e73226c1597212452.mp4' for writing
[hls @ 0xaaaaf94b5010] Opening '/config/cache/transcodes/78ebca037eef387a18e73226c1597212453.mp4' for writing
[hls @ 0xaaaaf94b5010] Opening '/config/cache/transcodes/78ebca037eef387a18e73226c1597212454.mp4' for writing
[hls @ 0xaaaaf94b5010] Opening '/config/cache/transcodes/78ebca037eef387a18e73226c1597212455.mp4' for writing
[hls @ 0xaaaaf94b5010] Opening '/config/cache/transcodes/78ebca037eef387a18e73226c1597212456.mp4' for writing
[hls @ 0xaaaaf94b5010] Opening '/config/cache/transcodes/78ebca037eef387a18e73226c1597212457.mp4' for writing
[hls @ 0xaaaaf94b5010] Opening '/config/cache/transcodes/78ebca037eef387a18e73226c1597212458.mp4' for writing
[hls @ 0xaaaaf94b5010] Opening '/config/cache/transcodes/78ebca037eef387a18e73226c1597212459.mp4' for writing
[hls @ 0xaaaaf94b5010] Opening '/config/cache/transcodes/78ebca037eef387a18e73226c1597212460.mp4' for writing
[hls @ 0xaaaaf94b5010] Opening '/config/cache/transcodes/78ebca037eef387a18e73226c1597212461.mp4' for writing
[hls @ 0xaaaaf94b5010] Opening '/config/cache/transcodes/78ebca037eef387a18e73226c1597212462.mp4' for writing
[hls @ 0xaaaaf94b5010] Opening '/config/cache/transcodes/78ebca037eef387a18e73226c1597212463.mp4' for writing
[hls @ 0xaaaaf94b5010] Opening '/config/cache/transcodes/78ebca037eef387a18e73226c1597212464.mp4' for writing
[hls @ 0xaaaaf94b5010] Opening '/config/cache/transcodes/78ebca037eef387a18e73226c1597212465.mp4' for writing
[hls @ 0xaaaaf94b5010] Opening '/config/cache/transcodes/78ebca037eef387a18e73226c1597212466.mp4' for writing
[hls @ 0xaaaaf94b5010] Opening '/config/cache/transcodes/78ebca037eef387a18e73226c1597212467.mp4' for writing
[hls @ 0xaaaaf94b5010] Opening '/config/cache/transcodes/78ebca037eef387a18e73226c1597212468.mp4' for writing
[hls @ 0xaaaaf94b5010] Opening '/config/cache/transcodes/78ebca037eef387a18e73226c1597212469.mp4' for writing
[hls @ 0xaaaaf94b5010] Opening '/config/cache/transcodes/78ebca037eef387a18e73226c1597212470.mp4' for writing
[hls @ 0xaaaaf94b5010] Opening '/config/cache/transcodes/78ebca037eef387a18e73226c1597212471.mp4' for writing
[hls @ 0xaaaaf94b5010] Opening '/config/cache/transcodes/78ebca037eef387a18e73226c1597212472.mp4' for writing
[hls @ 0xaaaaf94b5010] Opening '/config/cache/transcodes/78ebca037eef387a18e73226c1597212473.mp4' for writing
[hls @ 0xaaaaf94b5010] Opening '/config/cache/transcodes/78ebca037eef387a18e73226c1597212474.mp4' for writing
[hls @ 0xaaaaf94b5010] Opening '/config/cache/transcodes/78ebca037eef387a18e73226c1597212475.mp4' for writing
[hls @ 0xaaaaf94b5010] Opening '/config/cache/transcodes/78ebca037eef387a18e73226c1597212476.mp4' for writing
[hls @ 0xaaaaf94b5010] Opening '/config/cache/transcodes/78ebca037eef387a18e73226c1597212477.mp4' for writing
[hls @ 0xaaaaf94b5010] Opening '/config/cache/transcodes/78ebca037eef387a18e73226c1597212478.mp4' for writing
[hls @ 0xaaaaf94b5010] Opening '/config/cache/transcodes/78ebca037eef387a18e73226c1597212479.mp4' for writing
[hls @ 0xaaaaf94b5010] Opening '/config/cache/transcodes/78ebca037eef387a18e73226c1597212480.mp4' for writing
[hls @ 0xaaaaf94b5010] Opening '/config/cache/transcodes/78ebca037eef387a18e73226c1597212481.mp4' for writing
[hls @ 0xaaaaf94b5010] Opening '/config/cache/transcodes/78ebca037eef387a18e73226c1597212482.mp4' for writing
[hls @ 0xaaaaf94b5010] Opening '/config/cache/transcodes/78ebca037eef387a18e73226c1597212483.mp4' for writing
[hls @ 0xaaaaf94b5010] Opening '/config/cache/transcodes/78ebca037eef387a18e73226c1597212484.mp4' for writing
[hls @ 0xaaaaf94b5010] Opening '/config/cache/transcodes/78ebca037eef387a18e73226c1597212485.mp4' for writing
[hls @ 0xaaaaf94b5010] Opening '/config/cache/transcodes/78ebca037eef387a18e73226c1597212486.mp4' for writing
[hls @ 0xaaaaf94b5010] Opening '/config/cache/transcodes/78ebca037eef387a18e73226c1597212487.mp4' for writing
[hls @ 0xaaaaf94b5010] Opening '/config/cache/transcodes/78ebca037eef387a18e73226c1597212488.mp4' for writing
[hls @ 0xaaaaf94b5010] Opening '/config/cache/transcodes/78ebca037eef387a18e73226c1597212489.mp4' for writing
[hls @ 0xaaaaf94b5010] Opening '/config/cache/transcodes/78ebca037eef387a18e73226c1597212490.mp4' for writing
[hls @ 0xaaaaf94b5010] Opening '/config/cache/transcodes/78ebca037eef387a18e73226c1597212491.mp4' for writing
[hls @ 0xaaaaf94b5010] Opening '/config/cache/transcodes/78ebca037eef387a18e73226c1597212492.mp4' for writing
[hls @ 0xaaaaf94b5010] Opening '/config/cache/transcodes/78ebca037eef387a18e73226c1597212493.mp4' for writing
[hls @ 0xaaaaf94b5010] Opening '/config/cache/transcodes/78ebca037eef387a18e73226c1597212494.mp4' for writing
[hls @ 0xaaaaf94b5010] Opening '/config/cache/transcodes/78ebca037eef387a18e73226c1597212495.mp4' for writing
[hls @ 0xaaaaf94b5010] Opening '/config/cache/transcodes/78ebca037eef387a18e73226c1597212496.mp4' for writing
[hls @ 0xaaaaf94b5010] Opening '/config/cache/transcodes/78ebca037eef387a18e73226c1597212497.mp4' for writing
[hls @ 0xaaaaf94b5010] Opening '/config/cache/transcodes/78ebca037eef387a18e73226c1597212498.mp4' for writing
[hls @ 0xaaaaf94b5010] Opening '/config/cache/transcodes/78ebca037eef387a18e73226c1597212499.mp4' for writing
frame=14435 fps=0.0 q=-1.0 size=N/A time=00:00:00.00 bitrate=N/A speed=   0x    
[hls @ 0xaaaaf94b5010] Opening '/config/cache/transcodes/78ebca037eef387a18e73226c1597212500.mp4' for writing
[hls @ 0xaaaaf94b5010] Opening '/config/cache/transcodes/78ebca037eef387a18e73226c1597212501.mp4' for writing
[hls @ 0xaaaaf94b5010] Opening '/config/cache/transcodes/78ebca037eef387a18e73226c1597212502.mp4' for writing
[hls @ 0xaaaaf94b5010] Opening '/config/cache/transcodes/78ebca037eef387a18e73226c1597212503.mp4' for writing
[hls @ 0xaaaaf94b5010] Opening '/config/cache/transcodes/78ebca037eef387a18e73226c1597212504.mp4' for writing
[hls @ 0xaaaaf94b5010] Opening '/config/cache/transcodes/78ebca037eef387a18e73226c1597212505.mp4' for writing
[hls @ 0xaaaaf94b5010] Opening '/config/cache/transcodes/78ebca037eef387a18e73226c1597212506.mp4' for writing
[hls @ 0xaaaaf94b5010] Opening '/config/cache/transcodes/78ebca037eef387a18e73226c1597212507.mp4' for writing
[hls @ 0xaaaaf94b5010] Opening '/config/cache/transcodes/78ebca037eef387a18e73226c1597212508.mp4' for writing
[hls @ 0xaaaaf94b5010] Opening '/config/cache/transcodes/78ebca037eef387a18e73226c1597212509.mp4' for writing
[hls @ 0xaaaaf94b5010] Opening '/config/cache/transcodes/78ebca037eef387a18e73226c1597212510.mp4' for writing
[hls @ 0xaaaaf94b5010] Opening '/config/cache/transcodes/78ebca037eef387a18e73226c1597212511.mp4' for writing
[hls @ 0xaaaaf94b5010] Opening '/config/cache/transcodes/78ebca037eef387a18e73226c1597212512.mp4' for writing
[hls @ 0xaaaaf94b5010] Opening '/config/cache/transcodes/78ebca037eef387a18e73226c1597212513.mp4' for writing
[hls @ 0xaaaaf94b5010] Opening '/config/cache/transcodes/78ebca037eef387a18e73226c1597212514.mp4' for writing
[hls @ 0xaaaaf94b5010] Opening '/config/cache/transcodes/78ebca037eef387a18e73226c1597212515.mp4' for writing
[hls @ 0xaaaaf94b5010] Opening '/config/cache/transcodes/78ebca037eef387a18e73226c1597212516.mp4' for writing
[hls @ 0xaaaaf94b5010] Opening '/config/cache/transcodes/78ebca037eef387a18e73226c1597212517.mp4' for writing
[hls @ 0xaaaaf94b5010] Opening '/config/cache/transcodes/78ebca037eef387a18e73226c1597212518.mp4' for writing
[hls @ 0xaaaaf94b5010] Opening '/config/cache/transcodes/78ebca037eef387a18e73226c1597212519.mp4' for writing
[hls @ 0xaaaaf94b5010] Opening '/config/cache/transcodes/78ebca037eef387a18e73226c1597212520.mp4' for writing
[hls @ 0xaaaaf94b5010] Opening '/config/cache/transcodes/78ebca037eef387a18e73226c1597212521.mp4' for writing
[hls @ 0xaaaaf94b5010] Opening '/config/cache/transcodes/78ebca037eef387a18e73226c1597212522.mp4' for writing
[hls @ 0xaaaaf94b5010] Opening '/config/cache/transcodes/78ebca037eef387a18e73226c1597212523.mp4' for writing
[hls @ 0xaaaaf94b5010] Opening '/config/cache/transcodes/78ebca037eef387a18e73226c1597212524.mp4' for writing
[hls @ 0xaaaaf94b5010] Opening '/config/cache/transcodes/78ebca037eef387a18e73226c1597212525.mp4' for writing
[hls @ 0xaaaaf94b5010] Opening '/config/cache/transcodes/78ebca037eef387a18e73226c1597212526.mp4' for writing
[hls @ 0xaaaaf94b5010] Opening '/config/cache/transcodes/78ebca037eef387a18e73226c1597212527.mp4' for writing
[hls @ 0xaaaaf94b5010] Opening '/config/cache/transcodes/78ebca037eef387a18e73226c1597212528.mp4' for writing
[hls @ 0xaaaaf94b5010] Opening '/config/cache/transcodes/78ebca037eef387a18e73226c1597212529.mp4' for writing
[hls @ 0xaaaaf94b5010] Opening '/config/cache/transcodes/78ebca037eef387a18e73226c1597212530.mp4' for writing
[hls @ 0xaaaaf94b5010] Opening '/config/cache/transcodes/78ebca037eef387a18e73226c1597212531.mp4' for writing
[hls @ 0xaaaaf94b5010] Opening '/config/cache/transcodes/78ebca037eef387a18e73226c1597212532.mp4' for writing
[hls @ 0xaaaaf94b5010] Opening '/config/cache/transcodes/78ebca037eef387a18e73226c1597212533.mp4' for writing
[hls @ 0xaaaaf94b5010] Opening '/config/cache/transcodes/78ebca037eef387a18e73226c1597212534.mp4' for writing
[hls @ 0xaaaaf94b5010] Opening '/config/cache/transcodes/78ebca037eef387a18e73226c1597212535.mp4' for writing
[hls @ 0xaaaaf94b5010] Opening '/config/cache/transcodes/78ebca037eef387a18e73226c1597212536.mp4' for writing
[hls @ 0xaaaaf94b5010] Opening '/config/cache/transcodes/78ebca037eef387a18e73226c1597212537.mp4' for writing
[hls @ 0xaaaaf94b5010] Opening '/config/cache/transcodes/78ebca037eef387a18e73226c1597212538.mp4' for writing
[hls @ 0xaaaaf94b5010] Opening '/config/cache/transcodes/78ebca037eef387a18e73226c1597212539.mp4' for writing
[hls @ 0xaaaaf94b5010] Opening '/config/cache/transcodes/78ebca037eef387a18e73226c1597212540.mp4' for writing
[hls @ 0xaaaaf94b5010] Opening '/config/cache/transcodes/78ebca037eef387a18e73226c1597212541.mp4' for writing
[hls @ 0xaaaaf94b5010] Opening '/config/cache/transcodes/78ebca037eef387a18e73226c1597212542.mp4' for writing
[hls @ 0xaaaaf94b5010] Opening '/config/cache/transcodes/78ebca037eef387a18e73226c1597212543.mp4' for writing
[hls @ 0xaaaaf94b5010] Opening '/config/cache/transcodes/78ebca037eef387a18e73226c1597212544.mp4' for writing
[hls @ 0xaaaaf94b5010] Opening '/config/cache/transcodes/78ebca037eef387a18e73226c1597212545.mp4' for writing
[hls @ 0xaaaaf94b5010] Opening '/config/cache/transcodes/78ebca037eef387a18e73226c1597212546.mp4' for writing
[hls @ 0xaaaaf94b5010] Opening '/config/cache/transcodes/78ebca037eef387a18e73226c1597212547.mp4' for writing
[hls @ 0xaaaaf94b5010] Opening '/config/cache/transcodes/78ebca037eef387a18e73226c1597212548.mp4' for writing
[hls @ 0xaaaaf94b5010] Opening '/config/cache/transcodes/78ebca037eef387a18e73226c1597212549.mp4' for writing
[hls @ 0xaaaaf94b5010] Opening '/config/cache/transcodes/78ebca037eef387a18e73226c1597212550.mp4' for writing
[hls @ 0xaaaaf94b5010] Opening '/config/cache/transcodes/78ebca037eef387a18e73226c1597212551.mp4' for writing
[hls @ 0xaaaaf94b5010] Opening '/config/cache/transcodes/78ebca037eef387a18e73226c1597212552.mp4' for writing
[hls @ 0xaaaaf94b5010] Opening '/config/cache/transcodes/78ebca037eef387a18e73226c1597212553.mp4' for writing
[hls @ 0xaaaaf94b5010] Opening '/config/cache/transcodes/78ebca037eef387a18e73226c1597212554.mp4' for writing
[hls @ 0xaaaaf94b5010] Opening '/config/cache/transcodes/78ebca037eef387a18e73226c1597212555.mp4' for writing
[hls @ 0xaaaaf94b5010] Opening '/config/cache/transcodes/78ebca037eef387a18e73226c1597212556.mp4' for writing
[hls @ 0xaaaaf94b5010] Opening '/config/cache/transcodes/78ebca037eef387a18e73226c1597212557.mp4' for writing
[hls @ 0xaaaaf94b5010] Opening '/config/cache/transcodes/78ebca037eef387a18e73226c1597212558.mp4' for writing
[hls @ 0xaaaaf94b5010] Opening '/config/cache/transcodes/78ebca037eef387a18e73226c1597212559.mp4' for writing
[hls @ 0xaaaaf94b5010] Opening '/config/cache/transcodes/78ebca037eef387a18e73226c1597212560.mp4' for writing
frame=25702 fps=25653 q=-1.0 size=N/A time=00:06:15.56 bitrate=N/A speed= 375x    
[hls @ 0xaaaaf94b5010] Opening '/config/cache/transcodes/78ebca037eef387a18e73226c1597212561.mp4' for writing
[hls @ 0xaaaaf94b5010] Opening '/config/cache/transcodes/78ebca037eef387a18e73226c1597212562.mp4' for writing
[hls @ 0xaaaaf94b5010] Opening '/config/cache/transcodes/78ebca037eef387a18e73226c1597212563.mp4' for writing
[hls @ 0xaaaaf94b5010] Opening '/config/cache/transcodes/78ebca037eef387a18e73226c1597212564.mp4' for writing
[hls @ 0xaaaaf94b5010] Opening '/config/cache/transcodes/78ebca037eef387a18e73226c1597212565.mp4' for writing
[hls @ 0xaaaaf94b5010] Opening '/config/cache/transcodes/78ebca037eef387a18e73226c1597212566.mp4' for writing
[hls @ 0xaaaaf94b5010] Opening '/config/cache/transcodes/78ebca037eef387a18e73226c1597212567.mp4' for writing
[hls @ 0xaaaaf94b5010] Opening '/config/cache/transcodes/78ebca037eef387a18e73226c1597212568.mp4' for writing
[hls @ 0xaaaaf94b5010] Opening '/config/cache/transcodes/78ebca037eef387a18e73226c1597212569.mp4' for writing
[hls @ 0xaaaaf94b5010] Opening '/config/cache/transcodes/78ebca037eef387a18e73226c1597212570.mp4' for writing
[hls @ 0xaaaaf94b5010] Opening '/config/cache/transcodes/78ebca037eef387a18e73226c1597212571.mp4' for writing
[hls @ 0xaaaaf94b5010] Opening '/config/cache/transcodes/78ebca037eef387a18e73226c1597212572.mp4' for writing
[hls @ 0xaaaaf94b5010] Opening '/config/cache/transcodes/78ebca037eef387a18e73226c1597212573.mp4' for writing
[hls @ 0xaaaaf94b5010] Opening '/config/cache/transcodes/78ebca037eef387a18e73226c1597212574.mp4' for writing
[hls @ 0xaaaaf94b5010] Opening '/config/cache/transcodes/78ebca037eef387a18e73226c1597212575.mp4' for writing
[hls @ 0xaaaaf94b5010] Opening '/config/cache/transcodes/78ebca037eef387a18e73226c1597212576.mp4' for writing
[hls @ 0xaaaaf94b5010] Opening '/config/cache/transcodes/78ebca037eef387a18e73226c1597212577.mp4' for writing
[hls @ 0xaaaaf94b5010] Opening '/config/cache/transcodes/78ebca037eef387a18e73226c1597212578.mp4' for writing
[hls @ 0xaaaaf94b5010] Opening '/config/cache/transcodes/78ebca037eef387a18e73226c1597212579.mp4' for writing
[hls @ 0xaaaaf94b5010] Opening '/config/cache/transcodes/78ebca037eef387a18e73226c1597212580.mp4' for writing
[hls @ 0xaaaaf94b5010] Opening '/config/cache/transcodes/78ebca037eef387a18e73226c1597212581.mp4' for writing
[hls @ 0xaaaaf94b5010] Opening '/config/cache/transcodes/78ebca037eef387a18e73226c1597212582.mp4' for writing
[hls @ 0xaaaaf94b5010] Opening '/config/cache/transcodes/78ebca037eef387a18e73226c1597212583.mp4' for writing
[hls @ 0xaaaaf94b5010] Opening '/config/cache/transcodes/78ebca037eef387a18e73226c1597212584.mp4' for writing
[hls @ 0xaaaaf94b5010] Opening '/config/cache/transcodes/78ebca037eef387a18e73226c1597212585.mp4' for writing
[hls @ 0xaaaaf94b5010] Opening '/config/cache/transcodes/78ebca037eef387a18e73226c1597212586.mp4' for writing
[hls @ 0xaaaaf94b5010] Opening '/config/cache/transcodes/78ebca037eef387a18e73226c1597212587.mp4' for writing
[hls @ 0xaaaaf94b5010] Opening '/config/cache/transcodes/78ebca037eef387a18e73226c1597212588.mp4' for writing
[hls @ 0xaaaaf94b5010] Opening '/config/cache/transcodes/78ebca037eef387a18e73226c1597212589.mp4' for writing
[hls @ 0xaaaaf94b5010] Opening '/config/cache/transcodes/78ebca037eef387a18e73226c1597212590.mp4' for writing
[hls @ 0xaaaaf94b5010] Opening '/config/cache/transcodes/78ebca037eef387a18e73226c1597212591.mp4' for writing
[hls @ 0xaaaaf94b5010] Opening '/config/cache/transcodes/78ebca037eef387a18e73226c1597212592.mp4' for writing
[hls @ 0xaaaaf94b5010] Opening '/config/cache/transcodes/78ebca037eef387a18e73226c1597212593.mp4' for writing
[hls @ 0xaaaaf94b5010] Opening '/config/cache/transcodes/78ebca037eef387a18e73226c1597212594.mp4' for writing
[hls @ 0xaaaaf94b5010] Opening '/config/cache/transcodes/78ebca037eef387a18e73226c1597212595.mp4' for writing
[hls @ 0xaaaaf94b5010] Opening '/config/cache/transcodes/78ebca037eef387a18e73226c1597212596.mp4' for writing
[hls @ 0xaaaaf94b5010] Opening '/config/cache/transcodes/78ebca037eef387a18e73226c1597212597.mp4' for writing
[hls @ 0xaaaaf94b5010] Opening '/config/cache/transcodes/78ebca037eef387a18e73226c1597212598.mp4' for writing
[hls @ 0xaaaaf94b5010] Opening '/config/cache/transcodes/78ebca037eef387a18e73226c1597212599.mp4' for writing
[hls @ 0xaaaaf94b5010] Opening '/config/cache/transcodes/78ebca037eef387a18e73226c1597212600.mp4' for writing
[hls @ 0xaaaaf94b5010] Opening '/config/cache/transcodes/78ebca037eef387a18e73226c1597212601.mp4' for writing
[hls @ 0xaaaaf94b5010] Opening '/config/cache/transcodes/78ebca037eef387a18e73226c1597212602.mp4' for writing
[hls @ 0xaaaaf94b5010] Opening '/config/cache/transcodes/78ebca037eef387a18e73226c1597212603.mp4' for writing
[hls @ 0xaaaaf94b5010] Opening '/config/cache/transcodes/78ebca037eef387a18e73226c1597212604.mp4' for writing
[hls @ 0xaaaaf94b5010] Opening '/config/cache/transcodes/78ebca037eef387a18e73226c1597212605.mp4' for writing
[hls @ 0xaaaaf94b5010] Opening '/config/cache/transcodes/78ebca037eef387a18e73226c1597212606.mp4' for writing
[hls @ 0xaaaaf94b5010] Opening '/config/cache/transcodes/78ebca037eef387a18e73226c1597212607.mp4' for writing
[hls @ 0xaaaaf94b5010] Opening '/config/cache/transcodes/78ebca037eef387a18e73226c1597212608.mp4' for writing
[hls @ 0xaaaaf94b5010] Opening '/config/cache/transcodes/78ebca037eef387a18e73226c1597212609.mp4' for writing
[hls @ 0xaaaaf94b5010] Opening '/config/cache/transcodes/78ebca037eef387a18e73226c1597212610.mp4' for writing
[hls @ 0xaaaaf94b5010] Opening '/config/cache/transcodes/78ebca037eef387a18e73226c1597212611.mp4' for writing
[hls @ 0xaaaaf94b5010] Opening '/config/cache/transcodes/78ebca037eef387a18e73226c1597212612.mp4' for writing
[hls @ 0xaaaaf94b5010] Opening '/config/cache/transcodes/78ebca037eef387a18e73226c1597212613.mp4' for writing
[hls @ 0xaaaaf94b5010] Opening '/config/cache/transcodes/78ebca037eef387a18e73226c1597212614.mp4' for writing
[hls @ 0xaaaaf94b5010] Opening '/config/cache/transcodes/78ebca037eef387a18e73226c1597212615.mp4' for writing
[hls @ 0xaaaaf94b5010] Opening '/config/cache/transcodes/78ebca037eef387a18e73226c1597212616.mp4' for writing
[hls @ 0xaaaaf94b5010] Opening '/config/cache/transcodes/78ebca037eef387a18e73226c1597212617.mp4' for writing
[hls @ 0xaaaaf94b5010] Opening '/config/cache/transcodes/78ebca037eef387a18e73226c1597212618.mp4' for writing
[hls @ 0xaaaaf94b5010] Opening '/config/cache/transcodes/78ebca037eef387a18e73226c1597212619.mp4' for writing
[hls @ 0xaaaaf94b5010] Opening '/config/cache/transcodes/78ebca037eef387a18e73226c1597212620.mp4' for writing
[hls @ 0xaaaaf94b5010] Opening '/config/cache/transcodes/78ebca037eef387a18e73226c1597212621.mp4' for writing
[hls @ 0xaaaaf94b5010] Opening '/config/cache/transcodes/78ebca037eef387a18e73226c1597212622.mp4' for writing
[hls @ 0xaaaaf94b5010] Opening '/config/cache/transcodes/78ebca037eef387a18e73226c1597212623.mp4' for writing
[hls @ 0xaaaaf94b5010] Opening '/config/cache/transcodes/78ebca037eef387a18e73226c1597212624.mp4' for writing
[hls @ 0xaaaaf94b5010] Opening '/config/cache/transcodes/78ebca037eef387a18e73226c1597212625.mp4' for writing
[hls @ 0xaaaaf94b5010] Opening '/config/cache/transcodes/78ebca037eef387a18e73226c1597212626.mp4' for writing
[hls @ 0xaaaaf94b5010] Opening '/config/cache/transcodes/78ebca037eef387a18e73226c1597212627.mp4' for writing
[hls @ 0xaaaaf94b5010] Opening '/config/cache/transcodes/78ebca037eef387a18e73226c1597212628.mp4' for writing
[hls @ 0xaaaaf94b5010] Opening '/config/cache/transcodes/78ebca037eef387a18e73226c1597212629.mp4' for writing
[hls @ 0xaaaaf94b5010] Opening '/config/cache/transcodes/78ebca037eef387a18e73226c1597212630.mp4' for writing
[hls @ 0xaaaaf94b5010] Opening '/config/cache/transcodes/78ebca037eef387a18e73226c1597212631.mp4' for writing
[hls @ 0xaaaaf94b5010] Opening '/config/cache/transcodes/78ebca037eef387a18e73226c1597212632.mp4' for writing
[hls @ 0xaaaaf94b5010] Opening '/config/cache/transcodes/78ebca037eef387a18e73226c1597212633.mp4' for writing
[hls @ 0xaaaaf94b5010] Opening '/config/cache/transcodes/78ebca037eef387a18e73226c1597212634.mp4' for writing
[hls @ 0xaaaaf94b5010] Opening '/config/cache/transcodes/78ebca037eef387a18e73226c1597212635.mp4' for writing
[hls @ 0xaaaaf94b5010] Opening '/config/cache/transcodes/78ebca037eef387a18e73226c1597212636.mp4' for writing
[hls @ 0xaaaaf94b5010] Opening '/config/cache/transcodes/78ebca037eef387a18e73226c1597212637.mp4' for writing
[hls @ 0xaaaaf94b5010] Opening '/config/cache/transcodes/78ebca037eef387a18e73226c1597212638.mp4' for writing
[hls @ 0xaaaaf94b5010] Opening '/config/cache/transcodes/78ebca037eef387a18e73226c1597212639.mp4' for writing
[hls @ 0xaaaaf94b5010] Opening '/config/cache/transcodes/78ebca037eef387a18e73226c1597212640.mp4' for writing
[hls @ 0xaaaaf94b5010] Opening '/config/cache/transcodes/78ebca037eef387a18e73226c1597212641.mp4' for writing
frame=40344 fps=26851 q=-1.0 size=N/A time=00:14:23.63 bitrate=N/A speed= 575x    
[hls @ 0xaaaaf94b5010] Opening '/config/cache/transcodes/78ebca037eef387a18e73226c1597212642.mp4' for writing
[hls @ 0xaaaaf94b5010] Opening '/config/cache/transcodes/78ebca037eef387a18e73226c1597212643.mp4' for writing
[hls @ 0xaaaaf94b5010] Opening '/config/cache/transcodes/78ebca037eef387a18e73226c1597212644.mp4' for writing
[hls @ 0xaaaaf94b5010] Opening '/config/cache/transcodes/78ebca037eef387a18e73226c1597212645.mp4' for writing
[hls @ 0xaaaaf94b5010] Opening '/config/cache/transcodes/78ebca037eef387a18e73226c1597212646.mp4' for writing
[hls @ 0xaaaaf94b5010] Opening '/config/cache/transcodes/78ebca037eef387a18e73226c1597212647.mp4' for writing
[hls @ 0xaaaaf94b5010] Opening '/config/cache/transcodes/78ebca037eef387a18e73226c1597212648.mp4' for writing
[hls @ 0xaaaaf94b5010] Opening '/config/cache/transcodes/78ebca037eef387a18e73226c1597212649.mp4' for writing
[hls @ 0xaaaaf94b5010] Opening '/config/cache/transcodes/78ebca037eef387a18e73226c1597212650.mp4' for writing
[hls @ 0xaaaaf94b5010] Opening '/config/cache/transcodes/78ebca037eef387a18e73226c1597212651.mp4' for writing
[hls @ 0xaaaaf94b5010] Opening '/config/cache/transcodes/78ebca037eef387a18e73226c1597212652.mp4' for writing
[hls @ 0xaaaaf94b5010] Opening '/config/cache/transcodes/78ebca037eef387a18e73226c1597212653.mp4' for writing
[hls @ 0xaaaaf94b5010] Opening '/config/cache/transcodes/78ebca037eef387a18e73226c1597212654.mp4' for writing
[hls @ 0xaaaaf94b5010] Opening '/config/cache/transcodes/78ebca037eef387a18e73226c1597212655.mp4' for writing
[hls @ 0xaaaaf94b5010] Opening '/config/cache/transcodes/78ebca037eef387a18e73226c1597212656.mp4' for writing
[hls @ 0xaaaaf94b5010] Opening '/config/cache/transcodes/78ebca037eef387a18e73226c1597212657.mp4' for writing
[hls @ 0xaaaaf94b5010] Opening '/config/cache/transcodes/78ebca037eef387a18e73226c1597212658.mp4' for writing
[hls @ 0xaaaaf94b5010] Opening '/config/cache/transcodes/78ebca037eef387a18e73226c1597212659.mp4' for writing
[hls @ 0xaaaaf94b5010] Opening '/config/cache/transcodes/78ebca037eef387a18e73226c1597212660.mp4' for writing
[hls @ 0xaaaaf94b5010] Opening '/config/cache/transcodes/78ebca037eef387a18e73226c1597212661.mp4' for writing
[hls @ 0xaaaaf94b5010] Opening '/config/cache/transcodes/78ebca037eef387a18e73226c1597212662.mp4' for writing
[hls @ 0xaaaaf94b5010] Opening '/config/cache/transcodes/78ebca037eef387a18e73226c1597212663.mp4' for writing
[hls @ 0xaaaaf94b5010] Opening '/config/cache/transcodes/78ebca037eef387a18e73226c1597212664.mp4' for writing
[hls @ 0xaaaaf94b5010] Opening '/config/cache/transcodes/78ebca037eef387a18e73226c1597212665.mp4' for writing
[hls @ 0xaaaaf94b5010] Opening '/config/cache/transcodes/78ebca037eef387a18e73226c1597212666.mp4' for writing
[hls @ 0xaaaaf94b5010] Opening '/config/cache/transcodes/78ebca037eef387a18e73226c1597212667.mp4' for writing
[hls @ 0xaaaaf94b5010] Opening '/config/cache/transcodes/78ebca037eef387a18e73226c1597212668.mp4' for writing
[hls @ 0xaaaaf94b5010] Opening '/config/cache/transcodes/78ebca037eef387a18e73226c1597212669.mp4' for writing
[hls @ 0xaaaaf94b5010] Opening '/config/cache/transcodes/78ebca037eef387a18e73226c1597212670.mp4' for writing
[hls @ 0xaaaaf94b5010] Opening '/config/cache/transcodes/78ebca037eef387a18e73226c1597212671.mp4' for writing
[hls @ 0xaaaaf94b5010] Opening '/config/cache/transcodes/78ebca037eef387a18e73226c1597212672.mp4' for writing
[hls @ 0xaaaaf94b5010] Opening '/config/cache/transcodes/78ebca037eef387a18e73226c1597212673.mp4' for writing
[hls @ 0xaaaaf94b5010] Opening '/config/cache/transcodes/78ebca037eef387a18e73226c1597212674.mp4' for writing
[hls @ 0xaaaaf94b5010] Opening '/config/cache/transcodes/78ebca037eef387a18e73226c1597212675.mp4' for writing
[hls @ 0xaaaaf94b5010] Opening '/config/cache/transcodes/78ebca037eef387a18e73226c1597212676.mp4' for writing
[hls @ 0xaaaaf94b5010] Opening '/config/cache/transcodes/78ebca037eef387a18e73226c1597212677.mp4' for writing
[hls @ 0xaaaaf94b5010] Opening '/config/cache/transcodes/78ebca037eef387a18e73226c1597212678.mp4' for writing
[hls @ 0xaaaaf94b5010] Opening '/config/cache/transcodes/78ebca037eef387a18e73226c1597212679.mp4' for writing
[hls @ 0xaaaaf94b5010] Opening '/config/cache/transcodes/78ebca037eef387a18e73226c1597212680.mp4' for writing
[hls @ 0xaaaaf94b5010] Opening '/config/cache/transcodes/78ebca037eef387a18e73226c1597212681.mp4' for writing
[hls @ 0xaaaaf94b5010] Opening '/config/cache/transcodes/78ebca037eef387a18e73226c1597212682.mp4' for writing
[hls @ 0xaaaaf94b5010] Opening '/config/cache/transcodes/78ebca037eef387a18e73226c1597212683.mp4' for writing
[hls @ 0xaaaaf94b5010] Opening '/config/cache/transcodes/78ebca037eef387a18e73226c1597212684.mp4' for writing
[hls @ 0xaaaaf94b5010] Opening '/config/cache/transcodes/78ebca037eef387a18e73226c1597212685.mp4' for writing
[hls @ 0xaaaaf94b5010] Opening '/config/cache/transcodes/78ebca037eef387a18e73226c1597212686.mp4' for writing
[hls @ 0xaaaaf94b5010] Opening '/config/cache/transcodes/78ebca037eef387a18e73226c1597212687.mp4' for writing
[hls @ 0xaaaaf94b5010] Opening '/config/cache/transcodes/78ebca037eef387a18e73226c1597212688.mp4' for writing
[hls @ 0xaaaaf94b5010] Opening '/config/cache/transcodes/78ebca037eef387a18e73226c1597212689.mp4' for writing
[hls @ 0xaaaaf94b5010] Opening '/config/cache/transcodes/78ebca037eef387a18e73226c1597212690.mp4' for writing
[hls @ 0xaaaaf94b5010] Opening '/config/cache/transcodes/78ebca037eef387a18e73226c1597212691.mp4' for writing
[hls @ 0xaaaaf94b5010] Opening '/config/cache/transcodes/78ebca037eef387a18e73226c1597212692.mp4' for writing
[hls @ 0xaaaaf94b5010] Opening '/config/cache/transcodes/78ebca037eef387a18e73226c1597212693.mp4' for writing
[hls @ 0xaaaaf94b5010] Opening '/config/cache/transcodes/78ebca037eef387a18e73226c1597212694.mp4' for writing
[hls @ 0xaaaaf94b5010] Opening '/config/cache/transcodes/78ebca037eef387a18e73226c1597212695.mp4' for writing
[hls @ 0xaaaaf94b5010] Opening '/config/cache/transcodes/78ebca037eef387a18e73226c1597212696.mp4' for writing
[hls @ 0xaaaaf94b5010] Opening '/config/cache/transcodes/78ebca037eef387a18e73226c1597212697.mp4' for writing
[hls @ 0xaaaaf94b5010] Opening '/config/cache/transcodes/78ebca037eef387a18e73226c1597212698.mp4' for writing
[hls @ 0xaaaaf94b5010] Opening '/config/cache/transcodes/78ebca037eef387a18e73226c1597212699.mp4' for writing
[hls @ 0xaaaaf94b5010] Opening '/config/cache/transcodes/78ebca037eef387a18e73226c1597212700.mp4' for writing
[hls @ 0xaaaaf94b5010] Opening '/config/cache/transcodes/78ebca037eef387a18e73226c1597212701.mp4' for writing
[hls @ 0xaaaaf94b5010] Opening '/config/cache/transcodes/78ebca037eef387a18e73226c1597212702.mp4' for writing
[hls @ 0xaaaaf94b5010] Opening '/config/cache/transcodes/78ebca037eef387a18e73226c1597212703.mp4' for writing
[hls @ 0xaaaaf94b5010] Opening '/config/cache/transcodes/78ebca037eef387a18e73226c1597212704.mp4' for writing
[hls @ 0xaaaaf94b5010] Opening '/config/cache/transcodes/78ebca037eef387a18e73226c1597212705.mp4' for writing
[hls @ 0xaaaaf94b5010] Opening '/config/cache/transcodes/78ebca037eef387a18e73226c1597212706.mp4' for writing
[hls @ 0xaaaaf94b5010] Opening '/config/cache/transcodes/78ebca037eef387a18e73226c1597212707.mp4' for writing
[hls @ 0xaaaaf94b5010] Opening '/config/cache/transcodes/78ebca037eef387a18e73226c1597212708.mp4' for writing
[hls @ 0xaaaaf94b5010] Opening '/config/cache/transcodes/78ebca037eef387a18e73226c1597212709.mp4' for writing
[hls @ 0xaaaaf94b5010] Opening '/config/cache/transcodes/78ebca037eef387a18e73226c1597212710.mp4' for writing
[hls @ 0xaaaaf94b5010] Opening '/config/cache/transcodes/78ebca037eef387a18e73226c1597212711.mp4' for writing
frame=52797 fps=26335 q=-1.0 size=N/A time=00:21:18.83 bitrate=N/A speed= 638x    
[hls @ 0xaaaaf94b5010] Opening '/config/cache/transcodes/78ebca037eef387a18e73226c1597212712.mp4' for writing
[hls @ 0xaaaaf94b5010] Opening '/config/cache/transcodes/78ebca037eef387a18e73226c1597212713.mp4' for writing
[hls @ 0xaaaaf94b5010] Opening '/config/cache/transcodes/78ebca037eef387a18e73226c1597212714.mp4' for writing
[hls @ 0xaaaaf94b5010] Opening '/config/cache/transcodes/78ebca037eef387a18e73226c1597212715.mp4' for writing
[hls @ 0xaaaaf94b5010] Opening '/config/cache/transcodes/78ebca037eef387a18e73226c1597212716.mp4' for writing
[hls @ 0xaaaaf94b5010] Opening '/config/cache/transcodes/78ebca037eef387a18e73226c1597212717.mp4' for writing
[hls @ 0xaaaaf94b5010] Opening '/config/cache/transcodes/78ebca037eef387a18e73226c1597212718.mp4' for writing
[hls @ 0xaaaaf94b5010] Opening '/config/cache/transcodes/78ebca037eef387a18e73226c1597212719.mp4' for writing
[hls @ 0xaaaaf94b5010] Opening '/config/cache/transcodes/78ebca037eef387a18e73226c1597212720.mp4' for writing
[hls @ 0xaaaaf94b5010] Opening '/config/cache/transcodes/78ebca037eef387a18e73226c1597212721.mp4' for writing
[hls @ 0xaaaaf94b5010] Opening '/config/cache/transcodes/78ebca037eef387a18e73226c1597212722.mp4' for writing
[hls @ 0xaaaaf94b5010] Opening '/config/cache/transcodes/78ebca037eef387a18e73226c1597212723.mp4' for writing
[hls @ 0xaaaaf94b5010] Opening '/config/cache/transcodes/78ebca037eef387a18e73226c1597212724.mp4' for writing
[hls @ 0xaaaaf94b5010] Opening '/config/cache/transcodes/78ebca037eef387a18e73226c1597212725.mp4' for writing
[hls @ 0xaaaaf94b5010] Opening '/config/cache/transcodes/78ebca037eef387a18e73226c1597212726.mp4' for writing
[hls @ 0xaaaaf94b5010] Opening '/config/cache/transcodes/78ebca037eef387a18e73226c1597212727.mp4' for writing
[hls @ 0xaaaaf94b5010] Opening '/config/cache/transcodes/78ebca037eef387a18e73226c1597212728.mp4' for writing
[hls @ 0xaaaaf94b5010] Opening '/config/cache/transcodes/78ebca037eef387a18e73226c1597212729.mp4' for writing
[hls @ 0xaaaaf94b5010] Opening '/config/cache/transcodes/78ebca037eef387a18e73226c1597212730.mp4' for writing
[hls @ 0xaaaaf94b5010] Opening '/config/cache/transcodes/78ebca037eef387a18e73226c1597212731.mp4' for writing
[hls @ 0xaaaaf94b5010] Opening '/config/cache/transcodes/78ebca037eef387a18e73226c1597212732.mp4' for writing
[hls @ 0xaaaaf94b5010] Opening '/config/cache/transcodes/78ebca037eef387a18e73226c1597212733.mp4' for writing
[hls @ 0xaaaaf94b5010] Opening '/config/cache/transcodes/78ebca037eef387a18e73226c1597212734.mp4' for writing
[hls @ 0xaaaaf94b5010] Opening '/config/cache/transcodes/78ebca037eef387a18e73226c1597212735.mp4' for writing
[hls @ 0xaaaaf94b5010] Opening '/config/cache/transcodes/78ebca037eef387a18e73226c1597212736.mp4' for writing
[hls @ 0xaaaaf94b5010] Opening '/config/cache/transcodes/78ebca037eef387a18e73226c1597212737.mp4' for writing
[hls @ 0xaaaaf94b5010] Opening '/config/cache/transcodes/78ebca037eef387a18e73226c1597212738.mp4' for writing
[hls @ 0xaaaaf94b5010] Opening '/config/cache/transcodes/78ebca037eef387a18e73226c1597212739.mp4' for writing
[hls @ 0xaaaaf94b5010] Opening '/config/cache/transcodes/78ebca037eef387a18e73226c1597212740.mp4' for writing
[hls @ 0xaaaaf94b5010] Opening '/config/cache/transcodes/78ebca037eef387a18e73226c1597212741.mp4' for writing
[hls @ 0xaaaaf94b5010] Opening '/config/cache/transcodes/78ebca037eef387a18e73226c1597212742.mp4' for writing
[hls @ 0xaaaaf94b5010] Opening '/config/cache/transcodes/78ebca037eef387a18e73226c1597212743.mp4' for writing
[hls @ 0xaaaaf94b5010] Opening '/config/cache/transcodes/78ebca037eef387a18e73226c1597212744.mp4' for writing
[hls @ 0xaaaaf94b5010] Opening '/config/cache/transcodes/78ebca037eef387a18e73226c1597212745.mp4' for writing
[hls @ 0xaaaaf94b5010] Opening '/config/cache/transcodes/78ebca037eef387a18e73226c1597212746.mp4' for writing
[hls @ 0xaaaaf94b5010] Opening '/config/cache/transcodes/78ebca037eef387a18e73226c1597212747.mp4' for writing
[hls @ 0xaaaaf94b5010] Opening '/config/cache/transcodes/78ebca037eef387a18e73226c1597212748.mp4' for writing
[hls @ 0xaaaaf94b5010] Opening '/config/cache/transcodes/78ebca037eef387a18e73226c1597212749.mp4' for writing
[hls @ 0xaaaaf94b5010] Opening '/config/cache/transcodes/78ebca037eef387a18e73226c1597212750.mp4' for writing
[hls @ 0xaaaaf94b5010] Opening '/config/cache/transcodes/78ebca037eef387a18e73226c1597212751.mp4' for writing
[hls @ 0xaaaaf94b5010] Opening '/config/cache/transcodes/78ebca037eef387a18e73226c1597212752.mp4' for writing
[hls @ 0xaaaaf94b5010] Opening '/config/cache/transcodes/78ebca037eef387a18e73226c1597212753.mp4' for writing
[hls @ 0xaaaaf94b5010] Opening '/config/cache/transcodes/78ebca037eef387a18e73226c1597212754.mp4' for writing
[hls @ 0xaaaaf94b5010] Opening '/config/cache/transcodes/78ebca037eef387a18e73226c1597212755.mp4' for writing
[hls @ 0xaaaaf94b5010] Opening '/config/cache/transcodes/78ebca037eef387a18e73226c1597212756.mp4' for writing
[hls @ 0xaaaaf94b5010] Opening '/config/cache/transcodes/78ebca037eef387a18e73226c1597212757.mp4' for writing
[hls @ 0xaaaaf94b5010] Opening '/config/cache/transcodes/78ebca037eef387a18e73226c1597212758.mp4' for writing
[hls @ 0xaaaaf94b5010] Opening '/config/cache/transcodes/78ebca037eef387a18e73226c1597212759.mp4' for writing
[hls @ 0xaaaaf94b5010] Opening '/config/cache/transcodes/78ebca037eef387a18e73226c1597212760.mp4' for writing
[hls @ 0xaaaaf94b5010] Opening '/config/cache/transcodes/78ebca037eef387a18e73226c1597212761.mp4' for writing
[hls @ 0xaaaaf94b5010] Opening '/config/cache/transcodes/78ebca037eef387a18e73226c1597212762.mp4' for writing
[hls @ 0xaaaaf94b5010] Opening '/config/cache/transcodes/78ebca037eef387a18e73226c1597212763.mp4' for writing
[hls @ 0xaaaaf94b5010] Opening '/config/cache/transcodes/78ebca037eef387a18e73226c1597212764.mp4' for writing
[hls @ 0xaaaaf94b5010] Opening '/config/cache/transcodes/78ebca037eef387a18e73226c1597212765.mp4' for writing
[hls @ 0xaaaaf94b5010] Opening '/config/cache/transcodes/78ebca037eef387a18e73226c1597212766.mp4' for writing
[hls @ 0xaaaaf94b5010] Opening '/config/cache/transcodes/78ebca037eef387a18e73226c1597212767.mp4' for writing
[hls @ 0xaaaaf94b5010] Opening '/config/cache/transcodes/78ebca037eef387a18e73226c1597212768.mp4' for writing
[hls @ 0xaaaaf94b5010] Opening '/config/cache/transcodes/78ebca037eef387a18e73226c1597212769.mp4' for writing
[hls @ 0xaaaaf94b5010] Opening '/config/cache/transcodes/78ebca037eef387a18e73226c1597212770.mp4' for writing
[hls @ 0xaaaaf94b5010] Opening '/config/cache/transcodes/78ebca037eef387a18e73226c1597212771.mp4' for writing
[hls @ 0xaaaaf94b5010] Opening '/config/cache/transcodes/78ebca037eef387a18e73226c1597212772.mp4' for writing
[hls @ 0xaaaaf94b5010] Opening '/config/cache/transcodes/78ebca037eef387a18e73226c1597212773.mp4' for writing
[hls @ 0xaaaaf94b5010] Opening '/config/cache/transcodes/78ebca037eef387a18e73226c1597212774.mp4' for writing
[hls @ 0xaaaaf94b5010] Opening '/config/cache/transcodes/78ebca037eef387a18e73226c1597212775.mp4' for writing
[hls @ 0xaaaaf94b5010] Opening '/config/cache/transcodes/78ebca037eef387a18e73226c1597212776.mp4' for writing
[hls @ 0xaaaaf94b5010] Opening '/config/cache/transcodes/78ebca037eef387a18e73226c1597212777.mp4' for writing
[hls @ 0xaaaaf94b5010] Opening '/config/cache/transcodes/78ebca037eef387a18e73226c1597212778.mp4' for writing
[hls @ 0xaaaaf94b5010] Opening '/config/cache/transcodes/78ebca037eef387a18e73226c1597212779.mp4' for writing
[hls @ 0xaaaaf94b5010] Opening '/config/cache/transcodes/78ebca037eef387a18e73226c1597212780.mp4' for writing
[hls @ 0xaaaaf94b5010] Opening '/config/cache/transcodes/78ebca037eef387a18e73226c1597212781.mp4' for writing
[hls @ 0xaaaaf94b5010] Opening '/config/cache/transcodes/78ebca037eef387a18e73226c1597212782.mp4' for writing
[hls @ 0xaaaaf94b5010] Opening '/config/cache/transcodes/78ebca037eef387a18e73226c1597212783.mp4' for writing
[hls @ 0xaaaaf94b5010] Opening '/config/cache/transcodes/78ebca037eef387a18e73226c1597212784.mp4' for writing
[hls @ 0xaaaaf94b5010] Opening '/config/cache/transcodes/78ebca037eef387a18e73226c1597212785.mp4' for writing
[hls @ 0xaaaaf94b5010] Opening '/config/cache/transcodes/78ebca037eef387a18e73226c1597212786.mp4' for writing
[hls @ 0xaaaaf94b5010] Opening '/config/cache/transcodes/78ebca037eef387a18e73226c1597212787.mp4' for writing
[hls @ 0xaaaaf94b5010] Opening '/config/cache/transcodes/78ebca037eef387a18e73226c1597212788.mp4' for writing
[hls @ 0xaaaaf94b5010] Opening '/config/cache/transcodes/78ebca037eef387a18e73226c1597212789.mp4' for writing
[hls @ 0xaaaaf94b5010] Opening '/config/cache/transcodes/78ebca037eef387a18e73226c1597212790.mp4' for writing
[hls @ 0xaaaaf94b5010] Opening '/config/cache/transcodes/78ebca037eef387a18e73226c1597212791.mp4' for writing
[hls @ 0xaaaaf94b5010] Opening '/config/cache/transcodes/78ebca037eef387a18e73226c1597212792.mp4' for writing
[hls @ 0xaaaaf94b5010] Opening '/config/cache/transcodes/78ebca037eef387a18e73226c1597212793.mp4' for writing
frame=67490 fps=26937 q=-1.0 size=N/A time=00:29:28.50 bitrate=N/A speed= 706x    
[hls @ 0xaaaaf94b5010] Opening '/config/cache/transcodes/78ebca037eef387a18e73226c1597212794.mp4' for writing
[hls @ 0xaaaaf94b5010] Opening '/config/cache/transcodes/78ebca037eef387a18e73226c1597212795.mp4' for writing
[hls @ 0xaaaaf94b5010] Opening '/config/cache/transcodes/78ebca037eef387a18e73226c1597212796.mp4' for writing
[hls @ 0xaaaaf94b5010] Opening '/config/cache/transcodes/78ebca037eef387a18e73226c1597212797.mp4' for writing
[hls @ 0xaaaaf94b5010] Opening '/config/cache/transcodes/78ebca037eef387a18e73226c1597212798.mp4' for writing
[hls @ 0xaaaaf94b5010] Opening '/config/cache/transcodes/78ebca037eef387a18e73226c1597212799.mp4' for writing
[hls @ 0xaaaaf94b5010] Opening '/config/cache/transcodes/78ebca037eef387a18e73226c1597212800.mp4' for writing
[hls @ 0xaaaaf94b5010] Opening '/config/cache/transcodes/78ebca037eef387a18e73226c1597212801.mp4' for writing
[hls @ 0xaaaaf94b5010] Opening '/config/cache/transcodes/78ebca037eef387a18e73226c1597212802.mp4' for writing
[hls @ 0xaaaaf94b5010] Opening '/config/cache/transcodes/78ebca037eef387a18e73226c1597212803.mp4' for writing
[hls @ 0xaaaaf94b5010] Opening '/config/cache/transcodes/78ebca037eef387a18e73226c1597212804.mp4' for writing
[hls @ 0xaaaaf94b5010] Opening '/config/cache/transcodes/78ebca037eef387a18e73226c1597212805.mp4' for writing
[hls @ 0xaaaaf94b5010] Opening '/config/cache/transcodes/78ebca037eef387a18e73226c1597212806.mp4' for writing
[hls @ 0xaaaaf94b5010] Opening '/config/cache/transcodes/78ebca037eef387a18e73226c1597212807.mp4' for writing
[hls @ 0xaaaaf94b5010] Opening '/config/cache/transcodes/78ebca037eef387a18e73226c1597212808.mp4' for writing
[hls @ 0xaaaaf94b5010] Opening '/config/cache/transcodes/78ebca037eef387a18e73226c1597212809.mp4' for writing
[hls @ 0xaaaaf94b5010] Opening '/config/cache/transcodes/78ebca037eef387a18e73226c1597212810.mp4' for writing
[hls @ 0xaaaaf94b5010] Opening '/config/cache/transcodes/78ebca037eef387a18e73226c1597212811.mp4' for writing
[hls @ 0xaaaaf94b5010] Opening '/config/cache/transcodes/78ebca037eef387a18e73226c1597212812.mp4' for writing
[hls @ 0xaaaaf94b5010] Opening '/config/cache/transcodes/78ebca037eef387a18e73226c1597212813.mp4' for writing
[hls @ 0xaaaaf94b5010] Opening '/config/cache/transcodes/78ebca037eef387a18e73226c1597212814.mp4' for writing
[hls @ 0xaaaaf94b5010] Opening '/config/cache/transcodes/78ebca037eef387a18e73226c1597212815.mp4' for writing
[hls @ 0xaaaaf94b5010] Opening '/config/cache/transcodes/78ebca037eef387a18e73226c1597212816.mp4' for writing
[hls @ 0xaaaaf94b5010] Opening '/config/cache/transcodes/78ebca037eef387a18e73226c1597212817.mp4' for writing
[hls @ 0xaaaaf94b5010] Opening '/config/cache/transcodes/78ebca037eef387a18e73226c1597212818.mp4' for writing
[hls @ 0xaaaaf94b5010] Opening '/config/cache/transcodes/78ebca037eef387a18e73226c1597212819.mp4' for writing
[hls @ 0xaaaaf94b5010] Opening '/config/cache/transcodes/78ebca037eef387a18e73226c1597212820.mp4' for writing
[hls @ 0xaaaaf94b5010] Opening '/config/cache/transcodes/78ebca037eef387a18e73226c1597212821.mp4' for writing
[hls @ 0xaaaaf94b5010] Opening '/config/cache/transcodes/78ebca037eef387a18e73226c1597212822.mp4' for writing
[hls @ 0xaaaaf94b5010] Opening '/config/cache/transcodes/78ebca037eef387a18e73226c1597212823.mp4' for writing
[hls @ 0xaaaaf94b5010] Opening '/config/cache/transcodes/78ebca037eef387a18e73226c1597212824.mp4' for writing
[hls @ 0xaaaaf94b5010] Opening '/config/cache/transcodes/78ebca037eef387a18e73226c1597212825.mp4' for writing
[hls @ 0xaaaaf94b5010] Opening '/config/cache/transcodes/78ebca037eef387a18e73226c1597212826.mp4' for writing
[hls @ 0xaaaaf94b5010] Opening '/config/cache/transcodes/78ebca037eef387a18e73226c1597212827.mp4' for writing
[hls @ 0xaaaaf94b5010] Opening '/config/cache/transcodes/78ebca037eef387a18e73226c1597212828.mp4' for writing
[hls @ 0xaaaaf94b5010] Opening '/config/cache/transcodes/78ebca037eef387a18e73226c1597212829.mp4' for writing
[hls @ 0xaaaaf94b5010] Opening '/config/cache/transcodes/78ebca037eef387a18e73226c1597212830.mp4' for writing
[hls @ 0xaaaaf94b5010] Opening '/config/cache/transcodes/78ebca037eef387a18e73226c1597212831.mp4' for writing
[hls @ 0xaaaaf94b5010] Opening '/config/cache/transcodes/78ebca037eef387a18e73226c1597212832.mp4' for writing
[hls @ 0xaaaaf94b5010] Opening '/config/cache/transcodes/78ebca037eef387a18e73226c1597212833.mp4' for writing
[hls @ 0xaaaaf94b5010] Opening '/config/cache/transcodes/78ebca037eef387a18e73226c1597212834.mp4' for writing
[hls @ 0xaaaaf94b5010] Opening '/config/cache/transcodes/78ebca037eef387a18e73226c1597212835.mp4' for writing
[hls @ 0xaaaaf94b5010] Opening '/config/cache/transcodes/78ebca037eef387a18e73226c1597212836.mp4' for writing
[hls @ 0xaaaaf94b5010] Opening '/config/cache/transcodes/78ebca037eef387a18e73226c1597212837.mp4' for writing
[hls @ 0xaaaaf94b5010] Opening '/config/cache/transcodes/78ebca037eef387a18e73226c1597212838.mp4' for writing
[hls @ 0xaaaaf94b5010] Opening '/config/cache/transcodes/78ebca037eef387a18e73226c1597212839.mp4' for writing
[hls @ 0xaaaaf94b5010] Opening '/config/cache/transcodes/78ebca037eef387a18e73226c1597212840.mp4' for writing
[hls @ 0xaaaaf94b5010] Opening '/config/cache/transcodes/78ebca037eef387a18e73226c1597212841.mp4' for writing
[hls @ 0xaaaaf94b5010] Opening '/config/cache/transcodes/78ebca037eef387a18e73226c1597212842.mp4' for writing
[hls @ 0xaaaaf94b5010] Opening '/config/cache/transcodes/78ebca037eef387a18e73226c1597212843.mp4' for writing
[hls @ 0xaaaaf94b5010] Opening '/config/cache/transcodes/78ebca037eef387a18e73226c1597212844.mp4' for writing
[hls @ 0xaaaaf94b5010] Opening '/config/cache/transcodes/78ebca037eef387a18e73226c1597212845.mp4' for writing
[hls @ 0xaaaaf94b5010] Opening '/config/cache/transcodes/78ebca037eef387a18e73226c1597212846.mp4' for writing
[hls @ 0xaaaaf94b5010] Opening '/config/cache/transcodes/78ebca037eef387a18e73226c1597212847.mp4' for writing
[hls @ 0xaaaaf94b5010] Opening '/config/cache/transcodes/78ebca037eef387a18e73226c1597212848.mp4' for writing
[hls @ 0xaaaaf94b5010] Opening '/config/cache/transcodes/78ebca037eef387a18e73226c1597212849.mp4' for writing
[hls @ 0xaaaaf94b5010] Opening '/config/cache/transcodes/78ebca037eef387a18e73226c1597212850.mp4' for writing
[hls @ 0xaaaaf94b5010] Opening '/config/cache/transcodes/78ebca037eef387a18e73226c1597212851.mp4' for writing
[hls @ 0xaaaaf94b5010] Opening '/config/cache/transcodes/78ebca037eef387a18e73226c1597212852.mp4' for writing
[hls @ 0xaaaaf94b5010] Opening '/config/cache/transcodes/78ebca037eef387a18e73226c1597212853.mp4' for writing
[hls @ 0xaaaaf94b5010] Opening '/config/cache/transcodes/78ebca037eef387a18e73226c1597212854.mp4' for writing
[hls @ 0xaaaaf94b5010] Opening '/config/cache/transcodes/78ebca037eef387a18e73226c1597212855.mp4' for writing
[hls @ 0xaaaaf94b5010] Opening '/config/cache/transcodes/78ebca037eef387a18e73226c1597212856.mp4' for writing
[hls @ 0xaaaaf94b5010] Opening '/config/cache/transcodes/78ebca037eef387a18e73226c1597212857.mp4' for writing
[hls @ 0xaaaaf94b5010] Opening '/config/cache/transcodes/78ebca037eef387a18e73226c1597212858.mp4' for writing
[hls @ 0xaaaaf94b5010] Opening '/config/cache/transcodes/78ebca037eef387a18e73226c1597212859.mp4' for writing
[hls @ 0xaaaaf94b5010] Opening '/config/cache/transcodes/78ebca037eef387a18e73226c1597212860.mp4' for writing
[hls @ 0xaaaaf94b5010] Opening '/config/cache/transcodes/78ebca037eef387a18e73226c1597212861.mp4' for writing
[hls @ 0xaaaaf94b5010] Opening '/config/cache/transcodes/78ebca037eef387a18e73226c1597212862.mp4' for writing
[hls @ 0xaaaaf94b5010] Opening '/config/cache/transcodes/78ebca037eef387a18e73226c1597212863.mp4' for writing
[hls @ 0xaaaaf94b5010] Opening '/config/cache/transcodes/78ebca037eef387a18e73226c1597212864.mp4' for writing
[hls @ 0xaaaaf94b5010] Opening '/config/cache/transcodes/78ebca037eef387a18e73226c1597212865.mp4' for writing
[hls @ 0xaaaaf94b5010] Opening '/config/cache/transcodes/78ebca037eef387a18e73226c1597212866.mp4' for writing
[hls @ 0xaaaaf94b5010] Opening '/config/cache/transcodes/78ebca037eef387a18e73226c1597212867.mp4' for writing
[hls @ 0xaaaaf94b5010] Opening '/config/cache/transcodes/78ebca037eef387a18e73226c1597212868.mp4' for writing
[hls @ 0xaaaaf94b5010] Opening '/config/cache/transcodes/78ebca037eef387a18e73226c1597212869.mp4' for writing
[hls @ 0xaaaaf94b5010] Opening '/config/cache/transcodes/78ebca037eef387a18e73226c1597212870.mp4' for writing
[hls @ 0xaaaaf94b5010] Opening '/config/cache/transcodes/78ebca037eef387a18e73226c1597212871.mp4' for writing
[hls @ 0xaaaaf94b5010] Opening '/config/cache/transcodes/78ebca037eef387a18e73226c1597212872.mp4' for writing
[hls @ 0xaaaaf94b5010] Opening '/config/cache/transcodes/78ebca037eef387a18e73226c1597212873.mp4' for writing
[hls @ 0xaaaaf94b5010] Opening '/config/cache/transcodes/78ebca037eef387a18e73226c1597212874.mp4' for writing
[hls @ 0xaaaaf94b5010] Opening '/config/cache/transcodes/78ebca037eef387a18e73226c1597212875.mp4' for writing
[hls @ 0xaaaaf94b5010] Opening '/config/cache/transcodes/78ebca037eef387a18e73226c1597212876.mp4' for writing
[hls @ 0xaaaaf94b5010] Opening '/config/cache/transcodes/78ebca037eef387a18e73226c1597212877.mp4' for writing
[hls @ 0xaaaaf94b5010] Opening '/config/cache/transcodes/78ebca037eef387a18e73226c1597212878.mp4' for writing
[hls @ 0xaaaaf94b5010] Opening '/config/cache/transcodes/78ebca037eef387a18e73226c1597212879.mp4' for writing
[hls @ 0xaaaaf94b5010] Opening '/config/cache/transcodes/78ebca037eef387a18e73226c1597212880.mp4' for writing
[hls @ 0xaaaaf94b5010] Opening '/config/cache/transcodes/78ebca037eef387a18e73226c1597212881.mp4' for writing
[hls @ 0xaaaaf94b5010] Opening '/config/cache/transcodes/78ebca037eef387a18e73226c1597212882.mp4' for writing
frame=83441 fps=27760 q=-1.0 size=N/A time=00:38:20.20 bitrate=N/A speed= 765x    
[hls @ 0xaaaaf94b5010] Opening '/config/cache/transcodes/78ebca037eef387a18e73226c1597212883.mp4' for writing
[hls @ 0xaaaaf94b5010] Opening '/config/cache/transcodes/78ebca037eef387a18e73226c1597212884.mp4' for writing
[hls @ 0xaaaaf94b5010] Opening '/config/cache/transcodes/78ebca037eef387a18e73226c1597212885.mp4' for writing
[hls @ 0xaaaaf94b5010] Opening '/config/cache/transcodes/78ebca037eef387a18e73226c1597212886.mp4' for writing
[hls @ 0xaaaaf94b5010] Opening '/config/cache/transcodes/78ebca037eef387a18e73226c1597212887.mp4' for writing
[hls @ 0xaaaaf94b5010] Opening '/config/cache/transcodes/78ebca037eef387a18e73226c1597212888.mp4' for writing
[hls @ 0xaaaaf94b5010] Opening '/config/cache/transcodes/78ebca037eef387a18e73226c1597212889.mp4' for writing
[hls @ 0xaaaaf94b5010] Opening '/config/cache/transcodes/78ebca037eef387a18e73226c1597212890.mp4' for writing
[hls @ 0xaaaaf94b5010] Opening '/config/cache/transcodes/78ebca037eef387a18e73226c1597212891.mp4' for writing
[hls @ 0xaaaaf94b5010] Opening '/config/cache/transcodes/78ebca037eef387a18e73226c1597212892.mp4' for writing
[hls @ 0xaaaaf94b5010] Opening '/config/cache/transcodes/78ebca037eef387a18e73226c1597212893.mp4' for writing
[hls @ 0xaaaaf94b5010] Opening '/config/cache/transcodes/78ebca037eef387a18e73226c1597212894.mp4' for writing
[hls @ 0xaaaaf94b5010] Opening '/config/cache/transcodes/78ebca037eef387a18e73226c1597212895.mp4' for writing
[hls @ 0xaaaaf94b5010] Opening '/config/cache/transcodes/78ebca037eef387a18e73226c1597212896.mp4' for writing
[hls @ 0xaaaaf94b5010] Opening '/config/cache/transcodes/78ebca037eef387a18e73226c1597212897.mp4' for writing
[hls @ 0xaaaaf94b5010] Opening '/config/cache/transcodes/78ebca037eef387a18e73226c1597212898.mp4' for writing
[hls @ 0xaaaaf94b5010] Opening '/config/cache/transcodes/78ebca037eef387a18e73226c1597212899.mp4' for writing
[hls @ 0xaaaaf94b5010] Opening '/config/cache/transcodes/78ebca037eef387a18e73226c1597212900.mp4' for writing
[hls @ 0xaaaaf94b5010] Opening '/config/cache/transcodes/78ebca037eef387a18e73226c1597212901.mp4' for writing
[hls @ 0xaaaaf94b5010] Opening '/config/cache/transcodes/78ebca037eef387a18e73226c1597212902.mp4' for writing
[hls @ 0xaaaaf94b5010] Opening '/config/cache/transcodes/78ebca037eef387a18e73226c1597212903.mp4' for writing
[hls @ 0xaaaaf94b5010] Opening '/config/cache/transcodes/78ebca037eef387a18e73226c1597212904.mp4' for writing
[hls @ 0xaaaaf94b5010] Opening '/config/cache/transcodes/78ebca037eef387a18e73226c1597212905.mp4' for writing
[hls @ 0xaaaaf94b5010] Opening '/config/cache/transcodes/78ebca037eef387a18e73226c1597212906.mp4' for writing
[hls @ 0xaaaaf94b5010] Opening '/config/cache/transcodes/78ebca037eef387a18e73226c1597212907.mp4' for writing
[hls @ 0xaaaaf94b5010] Opening '/config/cache/transcodes/78ebca037eef387a18e73226c1597212908.mp4' for writing
[hls @ 0xaaaaf94b5010] Opening '/config/cache/transcodes/78ebca037eef387a18e73226c1597212909.mp4' for writing
[hls @ 0xaaaaf94b5010] Opening '/config/cache/transcodes/78ebca037eef387a18e73226c1597212910.mp4' for writing
[hls @ 0xaaaaf94b5010] Opening '/config/cache/transcodes/78ebca037eef387a18e73226c1597212911.mp4' for writing
[hls @ 0xaaaaf94b5010] Opening '/config/cache/transcodes/78ebca037eef387a18e73226c1597212912.mp4' for writing
[hls @ 0xaaaaf94b5010] Opening '/config/cache/transcodes/78ebca037eef387a18e73226c1597212913.mp4' for writing
[hls @ 0xaaaaf94b5010] Opening '/config/cache/transcodes/78ebca037eef387a18e73226c1597212914.mp4' for writing
[hls @ 0xaaaaf94b5010] Opening '/config/cache/transcodes/78ebca037eef387a18e73226c1597212915.mp4' for writing
[hls @ 0xaaaaf94b5010] Opening '/config/cache/transcodes/78ebca037eef387a18e73226c1597212916.mp4' for writing
[hls @ 0xaaaaf94b5010] Opening '/config/cache/transcodes/78ebca037eef387a18e73226c1597212917.mp4' for writing
[hls @ 0xaaaaf94b5010] Opening '/config/cache/transcodes/78ebca037eef387a18e73226c1597212918.mp4' for writing
[hls @ 0xaaaaf94b5010] Opening '/config/cache/transcodes/78ebca037eef387a18e73226c1597212919.mp4' for writing
[hls @ 0xaaaaf94b5010] Opening '/config/cache/transcodes/78ebca037eef387a18e73226c1597212920.mp4' for writing
[hls @ 0xaaaaf94b5010] Opening '/config/cache/transcodes/78ebca037eef387a18e73226c1597212921.mp4' for writing
[hls @ 0xaaaaf94b5010] Opening '/config/cache/transcodes/78ebca037eef387a18e73226c1597212922.mp4' for writing
[hls @ 0xaaaaf94b5010] Opening '/config/cache/transcodes/78ebca037eef387a18e73226c1597212923.mp4' for writing
[hls @ 0xaaaaf94b5010] Opening '/config/cache/transcodes/78ebca037eef387a18e73226c1597212924.mp4' for writing
[hls @ 0xaaaaf94b5010] Opening '/config/cache/transcodes/78ebca037eef387a18e73226c1597212925.mp4' for writing
[hls @ 0xaaaaf94b5010] Opening '/config/cache/transcodes/78ebca037eef387a18e73226c1597212926.mp4' for writing
[hls @ 0xaaaaf94b5010] Opening '/config/cache/transcodes/78ebca037eef387a18e73226c1597212927.mp4' for writing
[hls @ 0xaaaaf94b5010] Opening '/config/cache/transcodes/78ebca037eef387a18e73226c1597212928.mp4' for writing
[hls @ 0xaaaaf94b5010] Opening '/config/cache/transcodes/78ebca037eef387a18e73226c1597212929.mp4' for writing
[hls @ 0xaaaaf94b5010] Opening '/config/cache/transcodes/78ebca037eef387a18e73226c1597212930.mp4' for writing
[hls @ 0xaaaaf94b5010] Opening '/config/cache/transcodes/78ebca037eef387a18e73226c1597212931.mp4' for writing
[hls @ 0xaaaaf94b5010] Opening '/config/cache/transcodes/78ebca037eef387a18e73226c1597212932.mp4' for writing
[hls @ 0xaaaaf94b5010] Opening '/config/cache/transcodes/78ebca037eef387a18e73226c1597212933.mp4' for writing
[hls @ 0xaaaaf94b5010] Opening '/config/cache/transcodes/78ebca037eef387a18e73226c1597212934.mp4' for writing
[hls @ 0xaaaaf94b5010] Opening '/config/cache/transcodes/78ebca037eef387a18e73226c1597212935.mp4' for writing
[hls @ 0xaaaaf94b5010] Opening '/config/cache/transcodes/78ebca037eef387a18e73226c1597212936.mp4' for writing
[hls @ 0xaaaaf94b5010] Opening '/config/cache/transcodes/78ebca037eef387a18e73226c1597212937.mp4' for writing
[hls @ 0xaaaaf94b5010] Opening '/config/cache/transcodes/78ebca037eef387a18e73226c1597212938.mp4' for writing
[hls @ 0xaaaaf94b5010] Opening '/config/cache/transcodes/78ebca037eef387a18e73226c1597212939.mp4' for writing
[hls @ 0xaaaaf94b5010] Opening '/config/cache/transcodes/78ebca037eef387a18e73226c1597212940.mp4' for writing
[hls @ 0xaaaaf94b5010] Opening '/config/cache/transcodes/78ebca037eef387a18e73226c1597212941.mp4' for writing
[hls @ 0xaaaaf94b5010] Opening '/config/cache/transcodes/78ebca037eef387a18e73226c1597212942.mp4' for writing
[hls @ 0xaaaaf94b5010] Opening '/config/cache/transcodes/78ebca037eef387a18e73226c1597212943.mp4' for writing
[hls @ 0xaaaaf94b5010] Opening '/config/cache/transcodes/78ebca037eef387a18e73226c1597212944.mp4' for writing
[hls @ 0xaaaaf94b5010] Opening '/config/cache/transcodes/78ebca037eef387a18e73226c1597212945.mp4' for writing
[hls @ 0xaaaaf94b5010] Opening '/config/cache/transcodes/78ebca037eef387a18e73226c1597212946.mp4' for writing
[hls @ 0xaaaaf94b5010] Opening '/config/cache/transcodes/78ebca037eef387a18e73226c1597212947.mp4' for writing
[hls @ 0xaaaaf94b5010] Opening '/config/cache/transcodes/78ebca037eef387a18e73226c1597212948.mp4' for writing
[hls @ 0xaaaaf94b5010] Opening '/config/cache/transcodes/78ebca037eef387a18e73226c1597212949.mp4' for writing
[hls @ 0xaaaaf94b5010] Opening '/config/cache/transcodes/78ebca037eef387a18e73226c1597212950.mp4' for writing
[hls @ 0xaaaaf94b5010] Opening '/config/cache/transcodes/78ebca037eef387a18e73226c1597212951.mp4' for writing
[hls @ 0xaaaaf94b5010] Opening '/config/cache/transcodes/78ebca037eef387a18e73226c1597212952.mp4' for writing
[hls @ 0xaaaaf94b5010] Opening '/config/cache/transcodes/78ebca037eef387a18e73226c1597212953.mp4' for writing
[hls @ 0xaaaaf94b5010] Opening '/config/cache/transcodes/78ebca037eef387a18e73226c1597212954.mp4' for writing
[hls @ 0xaaaaf94b5010] Opening '/config/cache/transcodes/78ebca037eef387a18e73226c1597212955.mp4' for writing
[hls @ 0xaaaaf94b5010] Opening '/config/cache/transcodes/78ebca037eef387a18e73226c1597212956.mp4' for writing
[hls @ 0xaaaaf94b5010] Opening '/config/cache/transcodes/78ebca037eef387a18e73226c1597212957.mp4' for writing
[hls @ 0xaaaaf94b5010] Opening '/config/cache/transcodes/78ebca037eef387a18e73226c1597212958.mp4' for writing
[hls @ 0xaaaaf94b5010] Opening '/config/cache/transcodes/78ebca037eef387a18e73226c1597212959.mp4' for writing
[hls @ 0xaaaaf94b5010] Opening '/config/cache/transcodes/78ebca037eef387a18e73226c1597212960.mp4' for writing
frame=97641 fps=27843 q=-1.0 size=N/A time=00:46:13.53 bitrate=N/A speed= 791x    
[hls @ 0xaaaaf94b5010] Opening '/config/cache/transcodes/78ebca037eef387a18e73226c1597212961.mp4' for writing
[hls @ 0xaaaaf94b5010] Opening '/config/cache/transcodes/78ebca037eef387a18e73226c1597212962.mp4' for writing
[hls @ 0xaaaaf94b5010] Opening '/config/cache/transcodes/78ebca037eef387a18e73226c1597212963.mp4' for writing
[hls @ 0xaaaaf94b5010] Opening '/config/cache/transcodes/78ebca037eef387a18e73226c1597212964.mp4' for writing
[hls @ 0xaaaaf94b5010] Opening '/config/cache/transcodes/78ebca037eef387a18e73226c1597212965.mp4' for writing
[hls @ 0xaaaaf94b5010] Opening '/config/cache/transcodes/78ebca037eef387a18e73226c1597212966.mp4' for writing
[hls @ 0xaaaaf94b5010] Opening '/config/cache/transcodes/78ebca037eef387a18e73226c1597212967.mp4' for writing
[hls @ 0xaaaaf94b5010] Opening '/config/cache/transcodes/78ebca037eef387a18e73226c1597212968.mp4' for writing
[hls @ 0xaaaaf94b5010] Opening '/config/cache/transcodes/78ebca037eef387a18e73226c1597212969.mp4' for writing
[hls @ 0xaaaaf94b5010] Opening '/config/cache/transcodes/78ebca037eef387a18e73226c1597212970.mp4' for writing
[hls @ 0xaaaaf94b5010] Opening '/config/cache/transcodes/78ebca037eef387a18e73226c1597212971.mp4' for writing
[hls @ 0xaaaaf94b5010] Opening '/config/cache/transcodes/78ebca037eef387a18e73226c1597212972.mp4' for writing
[hls @ 0xaaaaf94b5010] Opening '/config/cache/transcodes/78ebca037eef387a18e73226c1597212973.mp4' for writing
[hls @ 0xaaaaf94b5010] Opening '/config/cache/transcodes/78ebca037eef387a18e73226c1597212974.mp4' for writing
[hls @ 0xaaaaf94b5010] Opening '/config/cache/transcodes/78ebca037eef387a18e73226c1597212975.mp4' for writing
[hls @ 0xaaaaf94b5010] Opening '/config/cache/transcodes/78ebca037eef387a18e73226c1597212976.mp4' for writing
[hls @ 0xaaaaf94b5010] Opening '/config/cache/transcodes/78ebca037eef387a18e73226c1597212977.mp4' for writing
[hls @ 0xaaaaf94b5010] Opening '/config/cache/transcodes/78ebca037eef387a18e73226c1597212978.mp4' for writing
[hls @ 0xaaaaf94b5010] Opening '/config/cache/transcodes/78ebca037eef387a18e73226c1597212979.mp4' for writing
[hls @ 0xaaaaf94b5010] Opening '/config/cache/transcodes/78ebca037eef387a18e73226c1597212980.mp4' for writing
[hls @ 0xaaaaf94b5010] Opening '/config/cache/transcodes/78ebca037eef387a18e73226c1597212981.mp4' for writing
[hls @ 0xaaaaf94b5010] Opening '/config/cache/transcodes/78ebca037eef387a18e73226c1597212982.mp4' for writing
[hls @ 0xaaaaf94b5010] Opening '/config/cache/transcodes/78ebca037eef387a18e73226c1597212983.mp4' for writing
[hls @ 0xaaaaf94b5010] Opening '/config/cache/transcodes/78ebca037eef387a18e73226c1597212984.mp4' for writing
[hls @ 0xaaaaf94b5010] Opening '/config/cache/transcodes/78ebca037eef387a18e73226c1597212985.mp4' for writing
[hls @ 0xaaaaf94b5010] Opening '/config/cache/transcodes/78ebca037eef387a18e73226c1597212986.mp4' for writing
[hls @ 0xaaaaf94b5010] Opening '/config/cache/transcodes/78ebca037eef387a18e73226c1597212987.mp4' for writing
[hls @ 0xaaaaf94b5010] Opening '/config/cache/transcodes/78ebca037eef387a18e73226c1597212988.mp4' for writing
[hls @ 0xaaaaf94b5010] Opening '/config/cache/transcodes/78ebca037eef387a18e73226c1597212989.mp4' for writing
[hls @ 0xaaaaf94b5010] Opening '/config/cache/transcodes/78ebca037eef387a18e73226c1597212990.mp4' for writing
[hls @ 0xaaaaf94b5010] Opening '/config/cache/transcodes/78ebca037eef387a18e73226c1597212991.mp4' for writing
[hls @ 0xaaaaf94b5010] Opening '/config/cache/transcodes/78ebca037eef387a18e73226c1597212992.mp4' for writing
[hls @ 0xaaaaf94b5010] Opening '/config/cache/transcodes/78ebca037eef387a18e73226c1597212993.mp4' for writing
[hls @ 0xaaaaf94b5010] Opening '/config/cache/transcodes/78ebca037eef387a18e73226c1597212994.mp4' for writing
[hls @ 0xaaaaf94b5010] Opening '/config/cache/transcodes/78ebca037eef387a18e73226c1597212995.mp4' for writing
[hls @ 0xaaaaf94b5010] Opening '/config/cache/transcodes/78ebca037eef387a18e73226c1597212996.mp4' for writing
[hls @ 0xaaaaf94b5010] Opening '/config/cache/transcodes/78ebca037eef387a18e73226c1597212997.mp4' for writing
[hls @ 0xaaaaf94b5010] Opening '/config/cache/transcodes/78ebca037eef387a18e73226c1597212998.mp4' for writing
[hls @ 0xaaaaf94b5010] Opening '/config/cache/transcodes/78ebca037eef387a18e73226c1597212999.mp4' for writing
[hls @ 0xaaaaf94b5010] Opening '/config/cache/transcodes/78ebca037eef387a18e73226c15972121000.mp4' for writing
[hls @ 0xaaaaf94b5010] Opening '/config/cache/transcodes/78ebca037eef387a18e73226c15972121001.mp4' for writing
[hls @ 0xaaaaf94b5010] Opening '/config/cache/transcodes/78ebca037eef387a18e73226c15972121002.mp4' for writing
[hls @ 0xaaaaf94b5010] Opening '/config/cache/transcodes/78ebca037eef387a18e73226c15972121003.mp4' for writing
[hls @ 0xaaaaf94b5010] Opening '/config/cache/transcodes/78ebca037eef387a18e73226c15972121004.mp4' for writing
[hls @ 0xaaaaf94b5010] Opening '/config/cache/transcodes/78ebca037eef387a18e73226c15972121005.mp4' for writing
[hls @ 0xaaaaf94b5010] Opening '/config/cache/transcodes/78ebca037eef387a18e73226c15972121006.mp4' for writing
[hls @ 0xaaaaf94b5010] Opening '/config/cache/transcodes/78ebca037eef387a18e73226c15972121007.mp4' for writing
[hls @ 0xaaaaf94b5010] Opening '/config/cache/transcodes/78ebca037eef387a18e73226c15972121008.mp4' for writing
[hls @ 0xaaaaf94b5010] Opening '/config/cache/transcodes/78ebca037eef387a18e73226c15972121009.mp4' for writing
[hls @ 0xaaaaf94b5010] Opening '/config/cache/transcodes/78ebca037eef387a18e73226c15972121010.mp4' for writing
[hls @ 0xaaaaf94b5010] Opening '/config/cache/transcodes/78ebca037eef387a18e73226c15972121011.mp4' for writing
[hls @ 0xaaaaf94b5010] Opening '/config/cache/transcodes/78ebca037eef387a18e73226c15972121012.mp4' for writing
[hls @ 0xaaaaf94b5010] Opening '/config/cache/transcodes/78ebca037eef387a18e73226c15972121013.mp4' for writing
[hls @ 0xaaaaf94b5010] Opening '/config/cache/transcodes/78ebca037eef387a18e73226c15972121014.mp4' for writing
[hls @ 0xaaaaf94b5010] Opening '/config/cache/transcodes/78ebca037eef387a18e73226c15972121015.mp4' for writing
[hls @ 0xaaaaf94b5010] Opening '/config/cache/transcodes/78ebca037eef387a18e73226c15972121016.mp4' for writing
[hls @ 0xaaaaf94b5010] Opening '/config/cache/transcodes/78ebca037eef387a18e73226c15972121017.mp4' for writing
[hls @ 0xaaaaf94b5010] Opening '/config/cache/transcodes/78ebca037eef387a18e73226c15972121018.mp4' for writing
[hls @ 0xaaaaf94b5010] Opening '/config/cache/transcodes/78ebca037eef387a18e73226c15972121019.mp4' for writing
[hls @ 0xaaaaf94b5010] Opening '/config/cache/transcodes/78ebca037eef387a18e73226c15972121020.mp4' for writing
[hls @ 0xaaaaf94b5010] Opening '/config/cache/transcodes/78ebca037eef387a18e73226c15972121021.mp4' for writing
[hls @ 0xaaaaf94b5010] Opening '/config/cache/transcodes/78ebca037eef387a18e73226c15972121022.mp4' for writing
[hls @ 0xaaaaf94b5010] Opening '/config/cache/transcodes/78ebca037eef387a18e73226c15972121023.mp4' for writing
[hls @ 0xaaaaf94b5010] Opening '/config/cache/transcodes/78ebca037eef387a18e73226c15972121024.mp4' for writing
[hls @ 0xaaaaf94b5010] Opening '/config/cache/transcodes/78ebca037eef387a18e73226c15972121025.mp4' for writing
[hls @ 0xaaaaf94b5010] Opening '/config/cache/transcodes/78ebca037eef387a18e73226c15972121026.mp4' for writing
[hls @ 0xaaaaf94b5010] Opening '/config/cache/transcodes/78ebca037eef387a18e73226c15972121027.mp4' for writing
[hls @ 0xaaaaf94b5010] Opening '/config/cache/transcodes/78ebca037eef387a18e73226c15972121028.mp4' for writing
[hls @ 0xaaaaf94b5010] Opening '/config/cache/transcodes/78ebca037eef387a18e73226c15972121029.mp4' for writing
[hls @ 0xaaaaf94b5010] Opening '/config/cache/transcodes/78ebca037eef387a18e73226c15972121030.mp4' for writing
[hls @ 0xaaaaf94b5010] Opening '/config/cache/transcodes/78ebca037eef387a18e73226c15972121031.mp4' for writing
[hls @ 0xaaaaf94b5010] Opening '/config/cache/transcodes/78ebca037eef387a18e73226c15972121032.mp4' for writing
[hls @ 0xaaaaf94b5010] Opening '/config/cache/transcodes/78ebca037eef387a18e73226c15972121033.mp4' for writing
[hls @ 0xaaaaf94b5010] Opening '/config/cache/transcodes/78ebca037eef387a18e73226c15972121034.mp4' for writing
[hls @ 0xaaaaf94b5010] Opening '/config/cache/transcodes/78ebca037eef387a18e73226c15972121035.mp4' for writing
[hls @ 0xaaaaf94b5010] Opening '/config/cache/transcodes/78ebca037eef387a18e73226c15972121036.mp4' for writing
[hls @ 0xaaaaf94b5010] Opening '/config/cache/transcodes/78ebca037eef387a18e73226c15972121037.mp4' for writing
[hls @ 0xaaaaf94b5010] Opening '/config/cache/transcodes/78ebca037eef387a18e73226c15972121038.mp4' for writing
[hls @ 0xaaaaf94b5010] Opening '/config/cache/transcodes/78ebca037eef387a18e73226c15972121039.mp4' for writing
frame=111666 fps=27864 q=-1.0 size=N/A time=00:54:01.03 bitrate=N/A speed= 809x    
[hls @ 0xaaaaf94b5010] Opening '/config/cache/transcodes/78ebca037eef387a18e73226c15972121040.mp4' for writing
[hls @ 0xaaaaf94b5010] Opening '/config/cache/transcodes/78ebca037eef387a18e73226c15972121041.mp4' for writing
[hls @ 0xaaaaf94b5010] Opening '/config/cache/transcodes/78ebca037eef387a18e73226c15972121042.mp4' for writing
[hls @ 0xaaaaf94b5010] Opening '/config/cache/transcodes/78ebca037eef387a18e73226c15972121043.mp4' for writing
[hls @ 0xaaaaf94b5010] Opening '/config/cache/transcodes/78ebca037eef387a18e73226c15972121044.mp4' for writing
[hls @ 0xaaaaf94b5010] Opening '/config/cache/transcodes/78ebca037eef387a18e73226c15972121045.mp4' for writing
[hls @ 0xaaaaf94b5010] Opening '/config/cache/transcodes/78ebca037eef387a18e73226c15972121046.mp4' for writing
[hls @ 0xaaaaf94b5010] Opening '/config/cache/transcodes/78ebca037eef387a18e73226c15972121047.mp4' for writing
[hls @ 0xaaaaf94b5010] Opening '/config/cache/transcodes/78ebca037eef387a18e73226c15972121048.mp4' for writing
[hls @ 0xaaaaf94b5010] Opening '/config/cache/transcodes/78ebca037eef387a18e73226c15972121049.mp4' for writing
[hls @ 0xaaaaf94b5010] Opening '/config/cache/transcodes/78ebca037eef387a18e73226c15972121050.mp4' for writing
[hls @ 0xaaaaf94b5010] Opening '/config/cache/transcodes/78ebca037eef387a18e73226c15972121051.mp4' for writing
[hls @ 0xaaaaf94b5010] Opening '/config/cache/transcodes/78ebca037eef387a18e73226c15972121052.mp4' for writing
[hls @ 0xaaaaf94b5010] Opening '/config/cache/transcodes/78ebca037eef387a18e73226c15972121053.mp4' for writing
[hls @ 0xaaaaf94b5010] Opening '/config/cache/transcodes/78ebca037eef387a18e73226c15972121054.mp4' for writing
[hls @ 0xaaaaf94b5010] Opening '/config/cache/transcodes/78ebca037eef387a18e73226c15972121055.mp4' for writing
[hls @ 0xaaaaf94b5010] Opening '/config/cache/transcodes/78ebca037eef387a18e73226c15972121056.mp4' for writing
[hls @ 0xaaaaf94b5010] Opening '/config/cache/transcodes/78ebca037eef387a18e73226c15972121057.mp4' for writing
[hls @ 0xaaaaf94b5010] Opening '/config/cache/transcodes/78ebca037eef387a18e73226c15972121058.mp4' for writing
[hls @ 0xaaaaf94b5010] Opening '/config/cache/transcodes/78ebca037eef387a18e73226c15972121059.mp4' for writing
[hls @ 0xaaaaf94b5010] Opening '/config/cache/transcodes/78ebca037eef387a18e73226c15972121060.mp4' for writing
[hls @ 0xaaaaf94b5010] Opening '/config/cache/transcodes/78ebca037eef387a18e73226c15972121061.mp4' for writing
[hls @ 0xaaaaf94b5010] Opening '/config/cache/transcodes/78ebca037eef387a18e73226c15972121062.mp4' for writing
[hls @ 0xaaaaf94b5010] Opening '/config/cache/transcodes/78ebca037eef387a18e73226c15972121063.mp4' for writing
[hls @ 0xaaaaf94b5010] Opening '/config/cache/transcodes/78ebca037eef387a18e73226c15972121064.mp4' for writing
[hls @ 0xaaaaf94b5010] Opening '/config/cache/transcodes/78ebca037eef387a18e73226c15972121065.mp4' for writing
[hls @ 0xaaaaf94b5010] Opening '/config/cache/transcodes/78ebca037eef387a18e73226c15972121066.mp4' for writing
[hls @ 0xaaaaf94b5010] Opening '/config/cache/transcodes/78ebca037eef387a18e73226c15972121067.mp4' for writing
[hls @ 0xaaaaf94b5010] Opening '/config/cache/transcodes/78ebca037eef387a18e73226c15972121068.mp4' for writing
[hls @ 0xaaaaf94b5010] Opening '/config/cache/transcodes/78ebca037eef387a18e73226c15972121069.mp4' for writing
[hls @ 0xaaaaf94b5010] Opening '/config/cache/transcodes/78ebca037eef387a18e73226c15972121070.mp4' for writing
[hls @ 0xaaaaf94b5010] Opening '/config/cache/transcodes/78ebca037eef387a18e73226c15972121071.mp4' for writing
[hls @ 0xaaaaf94b5010] Opening '/config/cache/transcodes/78ebca037eef387a18e73226c15972121072.mp4' for writing
[hls @ 0xaaaaf94b5010] Opening '/config/cache/transcodes/78ebca037eef387a18e73226c15972121073.mp4' for writing
[hls @ 0xaaaaf94b5010] Opening '/config/cache/transcodes/78ebca037eef387a18e73226c15972121074.mp4' for writing
[hls @ 0xaaaaf94b5010] Opening '/config/cache/transcodes/78ebca037eef387a18e73226c15972121075.mp4' for writing
[hls @ 0xaaaaf94b5010] Opening '/config/cache/transcodes/78ebca037eef387a18e73226c15972121076.mp4' for writing
[hls @ 0xaaaaf94b5010] Opening '/config/cache/transcodes/78ebca037eef387a18e73226c15972121077.mp4' for writing
[hls @ 0xaaaaf94b5010] Opening '/config/cache/transcodes/78ebca037eef387a18e73226c15972121078.mp4' for writing
[hls @ 0xaaaaf94b5010] Opening '/config/cache/transcodes/78ebca037eef387a18e73226c15972121079.mp4' for writing
[hls @ 0xaaaaf94b5010] Opening '/config/cache/transcodes/78ebca037eef387a18e73226c15972121080.mp4' for writing
[hls @ 0xaaaaf94b5010] Opening '/config/cache/transcodes/78ebca037eef387a18e73226c15972121081.mp4' for writing
[hls @ 0xaaaaf94b5010] Opening '/config/cache/transcodes/78ebca037eef387a18e73226c15972121082.mp4' for writing
[hls @ 0xaaaaf94b5010] Opening '/config/cache/transcodes/78ebca037eef387a18e73226c15972121083.mp4' for writing
[hls @ 0xaaaaf94b5010] Opening '/config/cache/transcodes/78ebca037eef387a18e73226c15972121084.mp4' for writing
[hls @ 0xaaaaf94b5010] Opening '/config/cache/transcodes/78ebca037eef387a18e73226c15972121085.mp4' for writing
[hls @ 0xaaaaf94b5010] Opening '/config/cache/transcodes/78ebca037eef387a18e73226c15972121086.mp4' for writing
[hls @ 0xaaaaf94b5010] Opening '/config/cache/transcodes/78ebca037eef387a18e73226c15972121087.mp4' for writing
[hls @ 0xaaaaf94b5010] Opening '/config/cache/transcodes/78ebca037eef387a18e73226c15972121088.mp4' for writing
[hls @ 0xaaaaf94b5010] Opening '/config/cache/transcodes/78ebca037eef387a18e73226c15972121089.mp4' for writing
[hls @ 0xaaaaf94b5010] Opening '/config/cache/transcodes/78ebca037eef387a18e73226c15972121090.mp4' for writing
[hls @ 0xaaaaf94b5010] Opening '/config/cache/transcodes/78ebca037eef387a18e73226c15972121091.mp4' for writing
[hls @ 0xaaaaf94b5010] Opening '/config/cache/transcodes/78ebca037eef387a18e73226c15972121092.mp4' for writing
[hls @ 0xaaaaf94b5010] Opening '/config/cache/transcodes/78ebca037eef387a18e73226c15972121093.mp4' for writing
[hls @ 0xaaaaf94b5010] Opening '/config/cache/transcodes/78ebca037eef387a18e73226c15972121094.mp4' for writing
[hls @ 0xaaaaf94b5010] Opening '/config/cache/transcodes/78ebca037eef387a18e73226c15972121095.mp4' for writing
[hls @ 0xaaaaf94b5010] Opening '/config/cache/transcodes/78ebca037eef387a18e73226c15972121096.mp4' for writing
[hls @ 0xaaaaf94b5010] Opening '/config/cache/transcodes/78ebca037eef387a18e73226c15972121097.mp4' for writing
[hls @ 0xaaaaf94b5010] Opening '/config/cache/transcodes/78ebca037eef387a18e73226c15972121098.mp4' for writing
[hls @ 0xaaaaf94b5010] Opening '/config/cache/transcodes/78ebca037eef387a18e73226c15972121099.mp4' for writing
[hls @ 0xaaaaf94b5010] Opening '/config/cache/transcodes/78ebca037eef387a18e73226c15972121100.mp4' for writing
[hls @ 0xaaaaf94b5010] Opening '/config/cache/transcodes/78ebca037eef387a18e73226c15972121101.mp4' for writing
[hls @ 0xaaaaf94b5010] Opening '/config/cache/transcodes/78ebca037eef387a18e73226c15972121102.mp4' for writing
[hls @ 0xaaaaf94b5010] Opening '/config/cache/transcodes/78ebca037eef387a18e73226c15972121103.mp4' for writing
[hls @ 0xaaaaf94b5010] Opening '/config/cache/transcodes/78ebca037eef387a18e73226c15972121104.mp4' for writing
[hls @ 0xaaaaf94b5010] Opening '/config/cache/transcodes/78ebca037eef387a18e73226c15972121105.mp4' for writing
[hls @ 0xaaaaf94b5010] Opening '/config/cache/transcodes/78ebca037eef387a18e73226c15972121106.mp4' for writing
[hls @ 0xaaaaf94b5010] Opening '/config/cache/transcodes/78ebca037eef387a18e73226c15972121107.mp4' for writing
[hls @ 0xaaaaf94b5010] Opening '/config/cache/transcodes/78ebca037eef387a18e73226c15972121108.mp4' for writing
[hls @ 0xaaaaf94b5010] Opening '/config/cache/transcodes/78ebca037eef387a18e73226c15972121109.mp4' for writing
[hls @ 0xaaaaf94b5010] Opening '/config/cache/transcodes/78ebca037eef387a18e73226c15972121110.mp4' for writing
[hls @ 0xaaaaf94b5010] Opening '/config/cache/transcodes/78ebca037eef387a18e73226c15972121111.mp4' for writing
[hls @ 0xaaaaf94b5010] Opening '/config/cache/transcodes/78ebca037eef387a18e73226c15972121112.mp4' for writing
[hls @ 0xaaaaf94b5010] Opening '/config/cache/transcodes/78ebca037eef387a18e73226c15972121113.mp4' for writing
[hls @ 0xaaaaf94b5010] Opening '/config/cache/transcodes/78ebca037eef387a18e73226c15972121114.mp4' for writing
[hls @ 0xaaaaf94b5010] Opening '/config/cache/transcodes/78ebca037eef387a18e73226c15972121115.mp4' for writing
[hls @ 0xaaaaf94b5010] Opening '/config/cache/transcodes/78ebca037eef387a18e73226c15972121116.mp4' for writing
[hls @ 0xaaaaf94b5010] Opening '/config/cache/transcodes/78ebca037eef387a18e73226c15972121117.mp4' for writing
frame=125753 fps=27892 q=-1.0 size=N/A time=01:01:50.66 bitrate=N/A speed= 823x    
[hls @ 0xaaaaf94b5010] Opening '/config/cache/transcodes/78ebca037eef387a18e73226c15972121118.mp4' for writing
[hls @ 0xaaaaf94b5010] Opening '/config/cache/transcodes/78ebca037eef387a18e73226c15972121119.mp4' for writing
[hls @ 0xaaaaf94b5010] Opening '/config/cache/transcodes/78ebca037eef387a18e73226c15972121120.mp4' for writing
[hls @ 0xaaaaf94b5010] Opening '/config/cache/transcodes/78ebca037eef387a18e73226c15972121121.mp4' for writing
[hls @ 0xaaaaf94b5010] Opening '/config/cache/transcodes/78ebca037eef387a18e73226c15972121122.mp4' for writing
[hls @ 0xaaaaf94b5010] Opening '/config/cache/transcodes/78ebca037eef387a18e73226c15972121123.mp4' for writing
[hls @ 0xaaaaf94b5010] Opening '/config/cache/transcodes/78ebca037eef387a18e73226c15972121124.mp4' for writing
[hls @ 0xaaaaf94b5010] Opening '/config/cache/transcodes/78ebca037eef387a18e73226c15972121125.mp4' for writing
[hls @ 0xaaaaf94b5010] Opening '/config/cache/transcodes/78ebca037eef387a18e73226c15972121126.mp4' for writing
[hls @ 0xaaaaf94b5010] Opening '/config/cache/transcodes/78ebca037eef387a18e73226c15972121127.mp4' for writing
[hls @ 0xaaaaf94b5010] Opening '/config/cache/transcodes/78ebca037eef387a18e73226c15972121128.mp4' for writing
[hls @ 0xaaaaf94b5010] Opening '/config/cache/transcodes/78ebca037eef387a18e73226c15972121129.mp4' for writing
[hls @ 0xaaaaf94b5010] Opening '/config/cache/transcodes/78ebca037eef387a18e73226c15972121130.mp4' for writing
[hls @ 0xaaaaf94b5010] Opening '/config/cache/transcodes/78ebca037eef387a18e73226c15972121131.mp4' for writing
[hls @ 0xaaaaf94b5010] Opening '/config/cache/transcodes/78ebca037eef387a18e73226c15972121132.mp4' for writing
[hls @ 0xaaaaf94b5010] Opening '/config/cache/transcodes/78ebca037eef387a18e73226c15972121133.mp4' for writing
[hls @ 0xaaaaf94b5010] Opening '/config/cache/transcodes/78ebca037eef387a18e73226c15972121134.mp4' for writing
[hls @ 0xaaaaf94b5010] Opening '/config/cache/transcodes/78ebca037eef387a18e73226c15972121135.mp4' for writing
[hls @ 0xaaaaf94b5010] Opening '/config/cache/transcodes/78ebca037eef387a18e73226c15972121136.mp4' for writing
[hls @ 0xaaaaf94b5010] Opening '/config/cache/transcodes/78ebca037eef387a18e73226c15972121137.mp4' for writing
[hls @ 0xaaaaf94b5010] Opening '/config/cache/transcodes/78ebca037eef387a18e73226c15972121138.mp4' for writing
[hls @ 0xaaaaf94b5010] Opening '/config/cache/transcodes/78ebca037eef387a18e73226c15972121139.mp4' for writing
[hls @ 0xaaaaf94b5010] Opening '/config/cache/transcodes/78ebca037eef387a18e73226c15972121140.mp4' for writing
[hls @ 0xaaaaf94b5010] Opening '/config/cache/transcodes/78ebca037eef387a18e73226c15972121141.mp4' for writing
[hls @ 0xaaaaf94b5010] Opening '/config/cache/transcodes/78ebca037eef387a18e73226c15972121142.mp4' for writing
[hls @ 0xaaaaf94b5010] Opening '/config/cache/transcodes/78ebca037eef387a18e73226c15972121143.mp4' for writing
[hls @ 0xaaaaf94b5010] Opening '/config/cache/transcodes/78ebca037eef387a18e73226c15972121144.mp4' for writing
[hls @ 0xaaaaf94b5010] Opening '/config/cache/transcodes/78ebca037eef387a18e73226c15972121145.mp4' for writing
[hls @ 0xaaaaf94b5010] Opening '/config/cache/transcodes/78ebca037eef387a18e73226c15972121146.mp4' for writing
[hls @ 0xaaaaf94b5010] Opening '/config/cache/transcodes/78ebca037eef387a18e73226c15972121147.mp4' for writing
[hls @ 0xaaaaf94b5010] Opening '/config/cache/transcodes/78ebca037eef387a18e73226c15972121148.mp4' for writing
[hls @ 0xaaaaf94b5010] Opening '/config/cache/transcodes/78ebca037eef387a18e73226c15972121149.mp4' for writing
[hls @ 0xaaaaf94b5010] Opening '/config/cache/transcodes/78ebca037eef387a18e73226c15972121150.mp4' for writing
[hls @ 0xaaaaf94b5010] Opening '/config/cache/transcodes/78ebca037eef387a18e73226c15972121151.mp4' for writing
[hls @ 0xaaaaf94b5010] Opening '/config/cache/transcodes/78ebca037eef387a18e73226c15972121152.mp4' for writing
[hls @ 0xaaaaf94b5010] Opening '/config/cache/transcodes/78ebca037eef387a18e73226c15972121153.mp4' for writing
[hls @ 0xaaaaf94b5010] Opening '/config/cache/transcodes/78ebca037eef387a18e73226c15972121154.mp4' for writing
[hls @ 0xaaaaf94b5010] Opening '/config/cache/transcodes/78ebca037eef387a18e73226c15972121155.mp4' for writing
[hls @ 0xaaaaf94b5010] Opening '/config/cache/transcodes/78ebca037eef387a18e73226c15972121156.mp4' for writing
[hls @ 0xaaaaf94b5010] Opening '/config/cache/transcodes/78ebca037eef387a18e73226c15972121157.mp4' for writing
[hls @ 0xaaaaf94b5010] Opening '/config/cache/transcodes/78ebca037eef387a18e73226c15972121158.mp4' for writing
[hls @ 0xaaaaf94b5010] Opening '/config/cache/transcodes/78ebca037eef387a18e73226c15972121159.mp4' for writing
[hls @ 0xaaaaf94b5010] Opening '/config/cache/transcodes/78ebca037eef387a18e73226c15972121160.mp4' for writing
[hls @ 0xaaaaf94b5010] Opening '/config/cache/transcodes/78ebca037eef387a18e73226c15972121161.mp4' for writing
[hls @ 0xaaaaf94b5010] Opening '/config/cache/transcodes/78ebca037eef387a18e73226c15972121162.mp4' for writing
[hls @ 0xaaaaf94b5010] Opening '/config/cache/transcodes/78ebca037eef387a18e73226c15972121163.mp4' for writing
[hls @ 0xaaaaf94b5010] Opening '/config/cache/transcodes/78ebca037eef387a18e73226c15972121164.mp4' for writing
[hls @ 0xaaaaf94b5010] Opening '/config/cache/transcodes/78ebca037eef387a18e73226c15972121165.mp4' for writing
[hls @ 0xaaaaf94b5010] Opening '/config/cache/transcodes/78ebca037eef387a18e73226c15972121166.mp4' for writing
[hls @ 0xaaaaf94b5010] Opening '/config/cache/transcodes/78ebca037eef387a18e73226c15972121167.mp4' for writing
[hls @ 0xaaaaf94b5010] Opening '/config/cache/transcodes/78ebca037eef387a18e73226c15972121168.mp4' for writing
[hls @ 0xaaaaf94b5010] Opening '/config/cache/transcodes/78ebca037eef387a18e73226c15972121169.mp4' for writing
[hls @ 0xaaaaf94b5010] Opening '/config/cache/transcodes/78ebca037eef387a18e73226c15972121170.mp4' for writing
[hls @ 0xaaaaf94b5010] Opening '/config/cache/transcodes/78ebca037eef387a18e73226c15972121171.mp4' for writing
[hls @ 0xaaaaf94b5010] Opening '/config/cache/transcodes/78ebca037eef387a18e73226c15972121172.mp4' for writing
[hls @ 0xaaaaf94b5010] Opening '/config/cache/transcodes/78ebca037eef387a18e73226c15972121173.mp4' for writing
[hls @ 0xaaaaf94b5010] Opening '/config/cache/transcodes/78ebca037eef387a18e73226c15972121174.mp4' for writing
[hls @ 0xaaaaf94b5010] Opening '/config/cache/transcodes/78ebca037eef387a18e73226c15972121175.mp4' for writing
[hls @ 0xaaaaf94b5010] Opening '/config/cache/transcodes/78ebca037eef387a18e73226c15972121176.mp4' for writing
[hls @ 0xaaaaf94b5010] Opening '/config/cache/transcodes/78ebca037eef387a18e73226c15972121177.mp4' for writing
[hls @ 0xaaaaf94b5010] Opening '/config/cache/transcodes/78ebca037eef387a18e73226c15972121178.mp4' for writing
[hls @ 0xaaaaf94b5010] Opening '/config/cache/transcodes/78ebca037eef387a18e73226c15972121179.mp4' for writing
[hls @ 0xaaaaf94b5010] Opening '/config/cache/transcodes/78ebca037eef387a18e73226c15972121180.mp4' for writing
frame=137196 fps=27386 q=-1.0 size=N/A time=01:08:12.16 bitrate=N/A speed= 817x    
[hls @ 0xaaaaf94b5010] Opening '/config/cache/transcodes/78ebca037eef387a18e73226c15972121181.mp4' for writing
[hls @ 0xaaaaf94b5010] Opening '/config/cache/transcodes/78ebca037eef387a18e73226c15972121182.mp4' for writing
[hls @ 0xaaaaf94b5010] Opening '/config/cache/transcodes/78ebca037eef387a18e73226c15972121183.mp4' for writing
[hls @ 0xaaaaf94b5010] Opening '/config/cache/transcodes/78ebca037eef387a18e73226c15972121184.mp4' for writing
[hls @ 0xaaaaf94b5010] Opening '/config/cache/transcodes/78ebca037eef387a18e73226c15972121185.mp4' for writing
[hls @ 0xaaaaf94b5010] Opening '/config/cache/transcodes/78ebca037eef387a18e73226c15972121186.mp4' for writing
[hls @ 0xaaaaf94b5010] Opening '/config/cache/transcodes/78ebca037eef387a18e73226c15972121187.mp4' for writing
[hls @ 0xaaaaf94b5010] Opening '/config/cache/transcodes/78ebca037eef387a18e73226c15972121188.mp4' for writing
[hls @ 0xaaaaf94b5010] Opening '/config/cache/transcodes/78ebca037eef387a18e73226c15972121189.mp4' for writing
[hls @ 0xaaaaf94b5010] Opening '/config/cache/transcodes/78ebca037eef387a18e73226c15972121190.mp4' for writing
[hls @ 0xaaaaf94b5010] Opening '/config/cache/transcodes/78ebca037eef387a18e73226c15972121191.mp4' for writing
[hls @ 0xaaaaf94b5010] Opening '/config/cache/transcodes/78ebca037eef387a18e73226c15972121192.mp4' for writing
[hls @ 0xaaaaf94b5010] Opening '/config/cache/transcodes/78ebca037eef387a18e73226c15972121193.mp4' for writing
[hls @ 0xaaaaf94b5010] Opening '/config/cache/transcodes/78ebca037eef387a18e73226c15972121194.mp4' for writing
[hls @ 0xaaaaf94b5010] Opening '/config/cache/transcodes/78ebca037eef387a18e73226c15972121195.mp4' for writing
[hls @ 0xaaaaf94b5010] Opening '/config/cache/transcodes/78ebca037eef387a18e73226c15972121196.mp4' for writing
[hls @ 0xaaaaf94b5010] Opening '/config/cache/transcodes/78ebca037eef387a18e73226c15972121197.mp4' for writing
[hls @ 0xaaaaf94b5010] Opening '/config/cache/transcodes/78ebca037eef387a18e73226c15972121198.mp4' for writing
[hls @ 0xaaaaf94b5010] Opening '/config/cache/transcodes/78ebca037eef387a18e73226c15972121199.mp4' for writing
[hls @ 0xaaaaf94b5010] Opening '/config/cache/transcodes/78ebca037eef387a18e73226c15972121200.mp4' for writing
[hls @ 0xaaaaf94b5010] Opening '/config/cache/transcodes/78ebca037eef387a18e73226c15972121201.mp4' for writing
[hls @ 0xaaaaf94b5010] Opening '/config/cache/transcodes/78ebca037eef387a18e73226c15972121202.mp4' for writing
[hls @ 0xaaaaf94b5010] Opening '/config/cache/transcodes/78ebca037eef387a18e73226c15972121203.mp4' for writing
[hls @ 0xaaaaf94b5010] Opening '/config/cache/transcodes/78ebca037eef387a18e73226c15972121204.mp4' for writing
[hls @ 0xaaaaf94b5010] Opening '/config/cache/transcodes/78ebca037eef387a18e73226c15972121205.mp4' for writing
[hls @ 0xaaaaf94b5010] Opening '/config/cache/transcodes/78ebca037eef387a18e73226c15972121206.mp4' for writing
[hls @ 0xaaaaf94b5010] Opening '/config/cache/transcodes/78ebca037eef387a18e73226c15972121207.mp4' for writing
[hls @ 0xaaaaf94b5010] Opening '/config/cache/transcodes/78ebca037eef387a18e73226c15972121208.mp4' for writing
[hls @ 0xaaaaf94b5010] Opening '/config/cache/transcodes/78ebca037eef387a18e73226c15972121209.mp4' for writing
[hls @ 0xaaaaf94b5010] Opening '/config/cache/transcodes/78ebca037eef387a18e73226c15972121210.mp4' for writing
[hls @ 0xaaaaf94b5010] Opening '/config/cache/transcodes/78ebca037eef387a18e73226c15972121211.mp4' for writing
[hls @ 0xaaaaf94b5010] Opening '/config/cache/transcodes/78ebca037eef387a18e73226c15972121212.mp4' for writing
[hls @ 0xaaaaf94b5010] Opening '/config/cache/transcodes/78ebca037eef387a18e73226c15972121213.mp4' for writing
[hls @ 0xaaaaf94b5010] Opening '/config/cache/transcodes/78ebca037eef387a18e73226c15972121214.mp4' for writing
[hls @ 0xaaaaf94b5010] Opening '/config/cache/transcodes/78ebca037eef387a18e73226c15972121215.mp4' for writing
[hls @ 0xaaaaf94b5010] Opening '/config/cache/transcodes/78ebca037eef387a18e73226c15972121216.mp4' for writing
[hls @ 0xaaaaf94b5010] Opening '/config/cache/transcodes/78ebca037eef387a18e73226c15972121217.mp4' for writing
[hls @ 0xaaaaf94b5010] Opening '/config/cache/transcodes/78ebca037eef387a18e73226c15972121218.mp4' for writing
[hls @ 0xaaaaf94b5010] Opening '/config/cache/transcodes/78ebca037eef387a18e73226c15972121219.mp4' for writing
[hls @ 0xaaaaf94b5010] Opening '/config/cache/transcodes/78ebca037eef387a18e73226c15972121220.mp4' for writing
[hls @ 0xaaaaf94b5010] Opening '/config/cache/transcodes/78ebca037eef387a18e73226c15972121221.mp4' for writing
[hls @ 0xaaaaf94b5010] Opening '/config/cache/transcodes/78ebca037eef387a18e73226c15972121222.mp4' for writing
[hls @ 0xaaaaf94b5010] Opening '/config/cache/transcodes/78ebca037eef387a18e73226c15972121223.mp4' for writing
[hls @ 0xaaaaf94b5010] Opening '/config/cache/transcodes/78ebca037eef387a18e73226c15972121224.mp4' for writing
[hls @ 0xaaaaf94b5010] Opening '/config/cache/transcodes/78ebca037eef387a18e73226c15972121225.mp4' for writing
[hls @ 0xaaaaf94b5010] Opening '/config/cache/transcodes/78ebca037eef387a18e73226c15972121226.mp4' for writing
[hls @ 0xaaaaf94b5010] Opening '/config/cache/transcodes/78ebca037eef387a18e73226c15972121227.mp4' for writing
[hls @ 0xaaaaf94b5010] Opening '/config/cache/transcodes/78ebca037eef387a18e73226c15972121228.mp4' for writing
[hls @ 0xaaaaf94b5010] Opening '/config/cache/transcodes/78ebca037eef387a18e73226c15972121229.mp4' for writing
[hls @ 0xaaaaf94b5010] Opening '/config/cache/transcodes/78ebca037eef387a18e73226c15972121230.mp4' for writing
[hls @ 0xaaaaf94b5010] Opening '/config/cache/transcodes/78ebca037eef387a18e73226c15972121231.mp4' for writing
[hls @ 0xaaaaf94b5010] Opening '/config/cache/transcodes/78ebca037eef387a18e73226c15972121232.mp4' for writing
[hls @ 0xaaaaf94b5010] Opening '/config/cache/transcodes/78ebca037eef387a18e73226c15972121233.mp4' for writing
[hls @ 0xaaaaf94b5010] Opening '/config/cache/transcodes/78ebca037eef387a18e73226c15972121234.mp4' for writing
[hls @ 0xaaaaf94b5010] Opening '/config/cache/transcodes/78ebca037eef387a18e73226c15972121235.mp4' for writing
[hls @ 0xaaaaf94b5010] Opening '/config/cache/transcodes/78ebca037eef387a18e73226c15972121236.mp4' for writing
[hls @ 0xaaaaf94b5010] Opening '/config/cache/transcodes/78ebca037eef387a18e73226c15972121237.mp4' for writing
[hls @ 0xaaaaf94b5010] Opening '/config/cache/transcodes/78ebca037eef387a18e73226c15972121238.mp4' for writing
[hls @ 0xaaaaf94b5010] Opening '/config/cache/transcodes/78ebca037eef387a18e73226c15972121239.mp4' for writing
[hls @ 0xaaaaf94b5010] Opening '/config/cache/transcodes/78ebca037eef387a18e73226c15972121240.mp4' for writing
[hls @ 0xaaaaf94b5010] Opening '/config/cache/transcodes/78ebca037eef387a18e73226c15972121241.mp4' for writing
[hls @ 0xaaaaf94b5010] Opening '/config/cache/transcodes/78ebca037eef387a18e73226c15972121242.mp4' for writing
[hls @ 0xaaaaf94b5010] Opening '/config/cache/transcodes/78ebca037eef387a18e73226c15972121243.mp4' for writing
[hls @ 0xaaaaf94b5010] Opening '/config/cache/transcodes/78ebca037eef387a18e73226c15972121244.mp4' for writing
[hls @ 0xaaaaf94b5010] Opening '/config/cache/transcodes/78ebca037eef387a18e73226c15972121245.mp4' for writing
[hls @ 0xaaaaf94b5010] Opening '/config/cache/transcodes/78ebca037eef387a18e73226c15972121246.mp4' for writing
[hls @ 0xaaaaf94b5010] Opening '/config/cache/transcodes/78ebca037eef387a18e73226c15972121247.mp4' for writing
[hls @ 0xaaaaf94b5010] Opening '/config/cache/transcodes/78ebca037eef387a18e73226c15972121248.mp4' for writing
[hls @ 0xaaaaf94b5010] Opening '/config/cache/transcodes/78ebca037eef387a18e73226c15972121249.mp4' for writing
[hls @ 0xaaaaf94b5010] Opening '/config/cache/transcodes/78ebca037eef387a18e73226c15972121250.mp4' for writing
[hls @ 0xaaaaf94b5010] Opening '/config/cache/transcodes/78ebca037eef387a18e73226c15972121251.mp4' for writing
[hls @ 0xaaaaf94b5010] Opening '/config/cache/transcodes/78ebca037eef387a18e73226c15972121252.mp4' for writing
[hls @ 0xaaaaf94b5010] Opening '/config/cache/transcodes/78ebca037eef387a18e73226c15972121253.mp4' for writing
[hls @ 0xaaaaf94b5010] Opening '/config/cache/transcodes/78ebca037eef387a18e73226c15972121254.mp4' for writing
frame=150386 fps=27290 q=-1.0 size=N/A time=01:15:31.70 bitrate=N/A speed= 822x    
[hls @ 0xaaaaf94b5010] Opening '/config/cache/transcodes/78ebca037eef387a18e73226c15972121255.mp4' for writing
[hls @ 0xaaaaf94b5010] Opening '/config/cache/transcodes/78ebca037eef387a18e73226c15972121256.mp4' for writing
[hls @ 0xaaaaf94b5010] Opening '/config/cache/transcodes/78ebca037eef387a18e73226c15972121257.mp4' for writing
[hls @ 0xaaaaf94b5010] Opening '/config/cache/transcodes/78ebca037eef387a18e73226c15972121258.mp4' for writing
[hls @ 0xaaaaf94b5010] Opening '/config/cache/transcodes/78ebca037eef387a18e73226c15972121259.mp4' for writing
[hls @ 0xaaaaf94b5010] Opening '/config/cache/transcodes/78ebca037eef387a18e73226c15972121260.mp4' for writing
[hls @ 0xaaaaf94b5010] Opening '/config/cache/transcodes/78ebca037eef387a18e73226c15972121261.mp4' for writing
[hls @ 0xaaaaf94b5010] Opening '/config/cache/transcodes/78ebca037eef387a18e73226c15972121262.mp4' for writing
[hls @ 0xaaaaf94b5010] Opening '/config/cache/transcodes/78ebca037eef387a18e73226c15972121263.mp4' for writing
[hls @ 0xaaaaf94b5010] Opening '/config/cache/transcodes/78ebca037eef387a18e73226c15972121264.mp4' for writing
[hls @ 0xaaaaf94b5010] Opening '/config/cache/transcodes/78ebca037eef387a18e73226c15972121265.mp4' for writing
[hls @ 0xaaaaf94b5010] Opening '/config/cache/transcodes/78ebca037eef387a18e73226c15972121266.mp4' for writing
[hls @ 0xaaaaf94b5010] Opening '/config/cache/transcodes/78ebca037eef387a18e73226c15972121267.mp4' for writing
[hls @ 0xaaaaf94b5010] Opening '/config/cache/transcodes/78ebca037eef387a18e73226c15972121268.mp4' for writing
[hls @ 0xaaaaf94b5010] Opening '/config/cache/transcodes/78ebca037eef387a18e73226c15972121269.mp4' for writing
[hls @ 0xaaaaf94b5010] Opening '/config/cache/transcodes/78ebca037eef387a18e73226c15972121270.mp4' for writing
[hls @ 0xaaaaf94b5010] Opening '/config/cache/transcodes/78ebca037eef387a18e73226c15972121271.mp4' for writing
[hls @ 0xaaaaf94b5010] Opening '/config/cache/transcodes/78ebca037eef387a18e73226c15972121272.mp4' for writing
[hls @ 0xaaaaf94b5010] Opening '/config/cache/transcodes/78ebca037eef387a18e73226c15972121273.mp4' for writing
[hls @ 0xaaaaf94b5010] Opening '/config/cache/transcodes/78ebca037eef387a18e73226c15972121274.mp4' for writing
[hls @ 0xaaaaf94b5010] Opening '/config/cache/transcodes/78ebca037eef387a18e73226c15972121275.mp4' for writing
[hls @ 0xaaaaf94b5010] Opening '/config/cache/transcodes/78ebca037eef387a18e73226c15972121276.mp4' for writing
[hls @ 0xaaaaf94b5010] Opening '/config/cache/transcodes/78ebca037eef387a18e73226c15972121277.mp4' for writing
[hls @ 0xaaaaf94b5010] Opening '/config/cache/transcodes/78ebca037eef387a18e73226c15972121278.mp4' for writing
[hls @ 0xaaaaf94b5010] Opening '/config/cache/transcodes/78ebca037eef387a18e73226c15972121279.mp4' for writing
[hls @ 0xaaaaf94b5010] Opening '/config/cache/transcodes/78ebca037eef387a18e73226c15972121280.mp4' for writing
[hls @ 0xaaaaf94b5010] Opening '/config/cache/transcodes/78ebca037eef387a18e73226c15972121281.mp4' for writing
[hls @ 0xaaaaf94b5010] Opening '/config/cache/transcodes/78ebca037eef387a18e73226c15972121282.mp4' for writing
[hls @ 0xaaaaf94b5010] Opening '/config/cache/transcodes/78ebca037eef387a18e73226c15972121283.mp4' for writing
[hls @ 0xaaaaf94b5010] Opening '/config/cache/transcodes/78ebca037eef387a18e73226c15972121284.mp4' for writing
[hls @ 0xaaaaf94b5010] Opening '/config/cache/transcodes/78ebca037eef387a18e73226c15972121285.mp4' for writing
[hls @ 0xaaaaf94b5010] Opening '/config/cache/transcodes/78ebca037eef387a18e73226c15972121286.mp4' for writing
[hls @ 0xaaaaf94b5010] Opening '/config/cache/transcodes/78ebca037eef387a18e73226c15972121287.mp4' for writing
[hls @ 0xaaaaf94b5010] Opening '/config/cache/transcodes/78ebca037eef387a18e73226c15972121288.mp4' for writing
[hls @ 0xaaaaf94b5010] Opening '/config/cache/transcodes/78ebca037eef387a18e73226c15972121289.mp4' for writing
[hls @ 0xaaaaf94b5010] Opening '/config/cache/transcodes/78ebca037eef387a18e73226c15972121290.mp4' for writing
[hls @ 0xaaaaf94b5010] Opening '/config/cache/transcodes/78ebca037eef387a18e73226c15972121291.mp4' for writing
[hls @ 0xaaaaf94b5010] Opening '/config/cache/transcodes/78ebca037eef387a18e73226c15972121292.mp4' for writing
[hls @ 0xaaaaf94b5010] Opening '/config/cache/transcodes/78ebca037eef387a18e73226c15972121293.mp4' for writing
[hls @ 0xaaaaf94b5010] Opening '/config/cache/transcodes/78ebca037eef387a18e73226c15972121294.mp4' for writing
[hls @ 0xaaaaf94b5010] Opening '/config/cache/transcodes/78ebca037eef387a18e73226c15972121295.mp4' for writing
[hls @ 0xaaaaf94b5010] Opening '/config/cache/transcodes/78ebca037eef387a18e73226c15972121296.mp4' for writing
[hls @ 0xaaaaf94b5010] Opening '/config/cache/transcodes/78ebca037eef387a18e73226c15972121297.mp4' for writing
[hls @ 0xaaaaf94b5010] Opening '/config/cache/transcodes/78ebca037eef387a18e73226c15972121298.mp4' for writing
[hls @ 0xaaaaf94b5010] Opening '/config/cache/transcodes/78ebca037eef387a18e73226c15972121299.mp4' for writing
[hls @ 0xaaaaf94b5010] Opening '/config/cache/transcodes/78ebca037eef387a18e73226c15972121300.mp4' for writing
[hls @ 0xaaaaf94b5010] Opening '/config/cache/transcodes/78ebca037eef387a18e73226c15972121301.mp4' for writing
[hls @ 0xaaaaf94b5010] Opening '/config/cache/transcodes/78ebca037eef387a18e73226c15972121302.mp4' for writing
[hls @ 0xaaaaf94b5010] Opening '/config/cache/transcodes/78ebca037eef387a18e73226c15972121303.mp4' for writing
[hls @ 0xaaaaf94b5010] Opening '/config/cache/transcodes/78ebca037eef387a18e73226c15972121304.mp4' for writing
[hls @ 0xaaaaf94b5010] Opening '/config/cache/transcodes/78ebca037eef387a18e73226c15972121305.mp4' for writing
[hls @ 0xaaaaf94b5010] Opening '/config/cache/transcodes/78ebca037eef387a18e73226c15972121306.mp4' for writing
[hls @ 0xaaaaf94b5010] Opening '/config/cache/transcodes/78ebca037eef387a18e73226c15972121307.mp4' for writing
[hls @ 0xaaaaf94b5010] Opening '/config/cache/transcodes/78ebca037eef387a18e73226c15972121308.mp4' for writing
[hls @ 0xaaaaf94b5010] Opening '/config/cache/transcodes/78ebca037eef387a18e73226c15972121309.mp4' for writing
[hls @ 0xaaaaf94b5010] Opening '/config/cache/transcodes/78ebca037eef387a18e73226c15972121310.mp4' for writing
[hls @ 0xaaaaf94b5010] Opening '/config/cache/transcodes/78ebca037eef387a18e73226c15972121311.mp4' for writing
[hls @ 0xaaaaf94b5010] Opening '/config/cache/transcodes/78ebca037eef387a18e73226c15972121312.mp4' for writing
[out#0/hls @ 0xaaaaf932c7c0] video:3001002KiB audio:418530KiB subtitle:0KiB other streams:0KiB global headers:0KiB muxing overhead: unknown
frame=160717 fps=27053 q=-1.0 Lsize=N/A time=01:21:16.06 bitrate=N/A speed= 821x    