{"Protocol":0,"Id":"a01bd615ca72146dc6df0b276f8ca41f","Path":"/data/media/movies/Vaazha (2024)/Vaazha Biopic Of A Billion Boys (2024) [1080p] [WEBRip] [5.1] [YTS.MX].mp4","EncoderPath":null,"EncoderProtocol":null,"Type":0,"Container":"mov,mp4,m4a,3gp,3g2,mj2","Size":2433956267,"Name":"Vaazha Biopic Of A Billion Boys (2024) [1080p] [WEBRip] [5.1] [YTS.MX]","IsRemote":false,"ETag":"f7b663973385700f0d3ed307b0270ccb","RunTimeTicks":73759040000,"ReadAtNativeFramerate":false,"IgnoreDts":false,"IgnoreIndex":false,"GenPtsInput":false,"SupportsTranscoding":true,"SupportsDirectStream":true,"SupportsDirectPlay":true,"IsInfiniteStream":false,"UseMostCompatibleTranscodingProfile":false,"RequiresOpening":false,"OpenToken":null,"RequiresClosing":false,"LiveStreamId":null,"BufferMs":null,"RequiresLooping":false,"SupportsProbing":true,"VideoType":0,"IsoType":null,"Video3DFormat":null,"MediaStreams":[{"Codec":"h264","CodecTag":"avc1","Language":"und","ColorRange":null,"ColorSpace":"bt709","ColorTransfer":null,"ColorPrimaries":"bt709","DvVersionMajor":null,"DvVersionMinor":null,"DvProfile":null,"DvLevel":null,"RpuPresentFlag":null,"ElPresentFlag":null,"BlPresentFlag":null,"DvBlSignalCompatibilityId":null,"Rotation":null,"Comment":null,"TimeBase":"1/12288","CodecTimeBase":null,"Title":null,"Hdr10PlusPresentFlag":null,"VideoRange":1,"VideoRangeType":1,"VideoDoViTitle":null,"AudioSpatialFormat":0,"LocalizedUndefined":null,"LocalizedDefault":null,"LocalizedForced":null,"LocalizedExternal":null,"LocalizedHearingImpaired":null,"DisplayTitle":"1080p H264 SDR","NalLengthSize":"4","IsInterlaced":false,"IsAVC":true,"ChannelLayout":null,"BitRate":2250438,"BitDepth":8,"RefFrames":1,"PacketLength":null,"Channels":null,"SampleRate":null,"IsDefault":true,"IsForced":false,"IsHearingImpaired":false,"Height":804,"Width":1920,"AverageFrameRate":24,"RealFrameRate":24,"ReferenceFrameRate":24,"Profile":"High","Type":1,"AspectRatio":"2.40:1","Index":0,"Score":null,"IsExternal":false,"DeliveryMethod":null,"DeliveryUrl":null,"IsExternalUrl":null,"IsTextSubtitleStream":false,"SupportsExternalStream":false,"Path":null,"PixelFormat":"yuv420p","Level":41,"IsAnamorphic":false},{"Codec":"aac","CodecTag":"mp4a","Language":"und","ColorRange":null,"ColorSpace":null,"ColorTransfer":null,"ColorPrimaries":null,"DvVersionMajor":null,"DvVersionMinor":null,"DvProfile":null,"DvLevel":null,"RpuPresentFlag":null,"ElPresentFlag":null,"BlPresentFlag":null,"DvBlSignalCompatibilityId":null,"Rotation":null,"Comment":null,"TimeBase":"1/48000","CodecTimeBase":null,"Title":null,"Hdr10PlusPresentFlag":null,"VideoRange":0,"VideoRangeType":0,"VideoDoViTitle":null,"AudioSpatialFormat":0,"LocalizedUndefined":null,"LocalizedDefault":"Default","LocalizedForced":null,"LocalizedExternal":"External","LocalizedHearingImpaired":null,"DisplayTitle":"AAC - 5.1 - Default","NalLengthSize":null,"IsInterlaced":false,"IsAVC":false,"ChannelLayout":"5.1","BitRate":384000,"BitDepth":null,"RefFrames":null,"PacketLength":null,"Channels":6,"SampleRate":48000,"IsDefault":true,"IsForced":false,"IsHearingImpaired":false,"Height":null,"Width":null,"AverageFrameRate":null,"RealFrameRate":null,"ReferenceFrameRate":null,"Profile":"LC","Type":0,"AspectRatio":null,"Index":1,"Score":null,"IsExternal":false,"DeliveryMethod":null,"DeliveryUrl":null,"IsExternalUrl":null,"IsTextSubtitleStream":false,"SupportsExternalStream":false,"Path":null,"PixelFormat":null,"Level":0,"IsAnamorphic":null}],"MediaAttachments":[],"Formats":[],"Bitrate":2639900,"FallbackMaxStreamingBitrate":null,"Timestamp":null,"RequiredHttpHeaders":{},"TranscodingUrl":null,"TranscodingSubProtocol":0,"TranscodingContainer":null,"AnalyzeDurationMs":null,"DefaultAudioStreamIndex":null,"DefaultSubtitleStreamIndex":null,"HasSegments":false}

/usr/lib/jellyfin-ffmpeg/ffmpeg -analyzeduration 200M -probesize 1G  -i file:"/data/media/movies/Vaazha (2024)/Vaazha Biopic Of A Billion Boys (2024) [1080p] [WEBRip] [5.1] [YTS.MX].mp4" -map_metadata -1 -map_chapters -1 -threads 0 -map 0:0 -map 0:1 -map -0:s -codec:v:0 libx264 -preset veryfast -crf 23 -maxrate 560632 -bufsize 1121264 -profile:v:0 high -level 41 -x264opts:0 subme=0:me_range=16:rc_lookahead=10:me=hex:open_gop=0 -force_key_frames:0 "expr:gte(t,n_forced*3)" -sc_threshold:v:0 0 -vf "setparams=color_primaries=bt709:color_trc=bt709:colorspace=bt709,scale=trunc(min(max(iw\,ih*a)\,960)/2)*2:trunc(ow/a/2)*2,format=yuv420p" -codec:a:0 libfdk_aac -ac 2 -ab 256000 -af "volume=2" -copyts -avoid_negative_ts disabled -max_muxing_queue_size 2048 -f hls -max_delay 5000000 -hls_time 3 -hls_segment_type fmp4 -hls_fmp4_init_filename "edf608859dde27843f063c1721b96823-1.mp4" -start_number 0 -hls_segment_filename "/config/cache/transcodes/edf608859dde27843f063c1721b96823%d.mp4" -hls_playlist_type vod -hls_list_size 0 -hls_segment_options movflags=+frag_discont -y "/config/cache/transcodes/edf608859dde27843f063c1721b96823.m3u8"


ffmpeg version 7.1.3-Jellyfin Copyright (c) 2000-2025 the FFmpeg developers
  built with gcc 13 (Ubuntu 13.3.0-6ubuntu2~24.04.1)
  configuration: --prefix=/usr/lib/jellyfin-ffmpeg --target-os=linux --extra-version=Jellyfin --disable-doc --disable-ffplay --disable-static --disable-libxcb --disable-sdl2 --disable-xlib --enable-lto=auto --enable-gpl --enable-version3 --enable-shared --enable-gmp --enable-gnutls --enable-chromaprint --enable-opencl --enable-libdrm --enable-libxml2 --enable-libass --enable-libfreetype --enable-libfribidi --enable-libfontconfig --enable-libharfbuzz --enable-libbluray --enable-libmp3lame --enable-libopus --enable-libtheora --enable-libvorbis --enable-libopenmpt --enable-libdav1d --enable-libsvtav1 --enable-libwebp --enable-libvpx --enable-libx264 --enable-libx265 --enable-libzvbi --enable-libzimg --enable-libfdk-aac --arch=arm64 --cross-prefix=/usr/bin/aarch64-linux-gnu- --toolchain=hardened --enable-cross-compile --enable-rkmpp --enable-rkrga --enable-ffnvcodec --enable-cuda --enable-cuda-llvm --enable-cuvid --enable-nvdec --enable-nvenc
  libavutil      59. 39.100 / 59. 39.100
  libavcodec     61. 19.101 / 61. 19.101
  libavformat    61.  7.100 / 61.  7.100
  libavdevice    61.  3.100 / 61.  3.100
  libavfilter    10.  4.100 / 10.  4.100
  libswscale      8.  3.100 /  8.  3.100
  libswresample   5.  3.100 /  5.  3.100
  libpostproc    58.  3.100 / 58.  3.100
Input #0, mov,mp4,m4a,3gp,3g2,mj2, from 'file:/data/media/movies/Vaazha (2024)/Vaazha Biopic Of A Billion Boys (2024) [1080p] [WEBRip] [5.1] [YTS.MX].mp4':
  Metadata:
    major_brand     : isom
    minor_version   : 512
    compatible_brands: isomiso2avc1mp41
    encoder         : Lavf60.11.100
  Duration: 02:02:55.90, start: 0.000000, bitrate: 2639 kb/s
  Stream #0:0[0x1](und): Video: h264 (High) (avc1 / 0x31637661), yuv420p(tv, bt709/bt709/unknown, progressive), 1920x804 [SAR 1:1 DAR 160:67], 2250 kb/s, 24 fps, 24 tbr, 12288 tbn (default)
      Metadata:
        handler_name    : VideoHandler
        vendor_id       : [0][0][0][0]
        encoder         : Lavc60.25.100 libx264
  Stream #0:1[0x2](und): Audio: aac (LC) (mp4a / 0x6134706D), 48000 Hz, 5.1, fltp, 384 kb/s (default)
      Metadata:
        handler_name    : SoundHandler
        vendor_id       : [0][0][0][0]
Stream mapping:
  Stream #0:0 -> #0:0 (h264 (native) -> h264 (libx264))
  Stream #0:1 -> #0:1 (aac (native) -> aac (libfdk_aac))
Press [q] to stop, [?] for help
[libx264 @ 0xaaaaf75d3000] using SAR=1/1
[libx264 @ 0xaaaaf75d3000] using cpu capabilities: ARMv8 NEON
[libx264 @ 0xaaaaf75d3000] profile High, level 4.1, 4:2:0, 8-bit
[libx264 @ 0xaaaaf75d3000] 264 - core 164 r3108 31e19f9 - H.264/MPEG-4 AVC codec - Copyleft 2003-2023 - http://www.videolan.org/x264.html - options: cabac=1 ref=1 deblock=1:0:0 analyse=0x3:0x113 me=hex subme=0 psy=1 psy_rd=1.00:0.00 mixed_ref=0 me_range=16 chroma_me=1 trellis=0 8x8dct=1 cqm=0 deadzone=21,11 fast_pskip=1 chroma_qp_offset=0 threads=12 lookahead_threads=2 sliced_threads=0 nr=0 decimate=1 interlaced=0 bluray_compat=0 constrained_intra=0 bframes=3 b_pyramid=2 b_adapt=1 b_bias=0 direct=1 weightb=1 open_gop=0 weightp=1 keyint=250 keyint_min=24 scenecut=0 intra_refresh=0 rc_lookahead=10 rc=crf mbtree=1 crf=23.0 qcomp=0.60 qpmin=0 qpmax=69 qpstep=4 vbv_maxrate=560 vbv_bufsize=1121 crf_max=0.0 nal_hrd=none filler=0 ip_ratio=1.40 aq=1:1.00
[hls @ 0xaaaaf75d3b90] Opening '/config/cache/transcodes/edf608859dde27843f063c1721b96823-1.mp4' for writing
Output #0, hls, to '/config/cache/transcodes/edf608859dde27843f063c1721b96823.m3u8':
  Metadata:
    encoder         : Lavf61.7.100
  Stream #0:0: Video: h264, yuv420p(tv, bt709, progressive), 960x402 [SAR 1:1 DAR 160:67], q=2-31, 24 fps, 12288 tbn (default)
      Metadata:
        encoder         : Lavc61.19.101 libx264
      Side data:
        cpb: bitrate max/min/avg: 560000/0/0 buffer size: 1121000 vbv_delay: N/A
  Stream #0:1: Audio: aac, 48000 Hz, stereo, s16, 256 kb/s (default)
      Metadata:
        encoder         : Lavc61.19.101 libfdk_aac
      Side data:
        cpb: bitrate max/min/avg: 256000/256000/256000 buffer size: 0 vbv_delay: N/A
[hls @ 0xaaaaf75d3b90] Opening '/config/cache/transcodes/edf608859dde27843f063c1721b968230.mp4' for writing
[hls @ 0xaaaaf75d3b90] Opening '/config/cache/transcodes/edf608859dde27843f063c1721b968231.mp4' for writing
[hls @ 0xaaaaf75d3b90] Opening '/config/cache/transcodes/edf608859dde27843f063c1721b968232.mp4' for writing
[hls @ 0xaaaaf75d3b90] Opening '/config/cache/transcodes/edf608859dde27843f063c1721b968233.mp4' for writing
[hls @ 0xaaaaf75d3b90] Opening '/config/cache/transcodes/edf608859dde27843f063c1721b968234.mp4' for writing
[hls @ 0xaaaaf75d3b90] Opening '/config/cache/transcodes/edf608859dde27843f063c1721b968235.mp4' for writing
[hls @ 0xaaaaf75d3b90] Opening '/config/cache/transcodes/edf608859dde27843f063c1721b968236.mp4' for writing
[hls @ 0xaaaaf75d3b90] Opening '/config/cache/transcodes/edf608859dde27843f063c1721b968237.mp4' for writing
[hls @ 0xaaaaf75d3b90] Opening '/config/cache/transcodes/edf608859dde27843f063c1721b968238.mp4' for writing
frame=  673 fps=0.0 q=28.0 size=N/A time=00:00:00.00 bitrate=N/A speed=   0x    
[hls @ 0xaaaaf75d3b90] Opening '/config/cache/transcodes/edf608859dde27843f063c1721b968239.mp4' for writing
[hls @ 0xaaaaf75d3b90] Opening '/config/cache/transcodes/edf608859dde27843f063c1721b9682310.mp4' for writing
[hls @ 0xaaaaf75d3b90] Opening '/config/cache/transcodes/edf608859dde27843f063c1721b9682311.mp4' for writing
[hls @ 0xaaaaf75d3b90] Opening '/config/cache/transcodes/edf608859dde27843f063c1721b9682312.mp4' for writing
[hls @ 0xaaaaf75d3b90] Opening '/config/cache/transcodes/edf608859dde27843f063c1721b9682313.mp4' for writing
[hls @ 0xaaaaf75d3b90] Opening '/config/cache/transcodes/edf608859dde27843f063c1721b9682314.mp4' for writing
[hls @ 0xaaaaf75d3b90] Opening '/config/cache/transcodes/edf608859dde27843f063c1721b9682315.mp4' for writing
[hls @ 0xaaaaf75d3b90] Opening '/config/cache/transcodes/edf608859dde27843f063c1721b9682316.mp4' for writing
[hls @ 0xaaaaf75d3b90] Opening '/config/cache/transcodes/edf608859dde27843f063c1721b9682317.mp4' for writing
[hls @ 0xaaaaf75d3b90] Opening '/config/cache/transcodes/edf608859dde27843f063c1721b9682318.mp4' for writing
frame= 1394 fps=1391 q=28.0 size=N/A time=00:00:30.04 bitrate=N/A speed=  30x    
[hls @ 0xaaaaf75d3b90] Opening '/config/cache/transcodes/edf608859dde27843f063c1721b9682319.mp4' for writing
[hls @ 0xaaaaf75d3b90] Opening '/config/cache/transcodes/edf608859dde27843f063c1721b9682320.mp4' for writing
[hls @ 0xaaaaf75d3b90] Opening '/config/cache/transcodes/edf608859dde27843f063c1721b9682321.mp4' for writing
[hls @ 0xaaaaf75d3b90] Opening '/config/cache/transcodes/edf608859dde27843f063c1721b9682322.mp4' for writing
[hls @ 0xaaaaf75d3b90] Opening '/config/cache/transcodes/edf608859dde27843f063c1721b9682323.mp4' for writing
[hls @ 0xaaaaf75d3b90] Opening '/config/cache/transcodes/edf608859dde27843f063c1721b9682324.mp4' for writing
frame= 1843 fps=1226 q=30.0 size=N/A time=00:00:48.75 bitrate=N/A speed=32.4x    
[hls @ 0xaaaaf75d3b90] Opening '/config/cache/transcodes/edf608859dde27843f063c1721b9682325.mp4' for writing
[hls @ 0xaaaaf75d3b90] Opening '/config/cache/transcodes/edf608859dde27843f063c1721b9682326.mp4' for writing
[hls @ 0xaaaaf75d3b90] Opening '/config/cache/transcodes/edf608859dde27843f063c1721b9682327.mp4' for writing
[hls @ 0xaaaaf75d3b90] Opening '/config/cache/transcodes/edf608859dde27843f063c1721b9682328.mp4' for writing
[hls @ 0xaaaaf75d3b90] Opening '/config/cache/transcodes/edf608859dde27843f063c1721b9682329.mp4' for writing
[hls @ 0xaaaaf75d3b90] Opening '/config/cache/transcodes/edf608859dde27843f063c1721b9682330.mp4' for writing
frame= 2272 fps=1134 q=28.0 size=N/A time=00:01:06.62 bitrate=N/A speed=33.2x    
[hls @ 0xaaaaf75d3b90] Opening '/config/cache/transcodes/edf608859dde27843f063c1721b9682331.mp4' for writing
[hls @ 0xaaaaf75d3b90] Opening '/config/cache/transcodes/edf608859dde27843f063c1721b9682332.mp4' for writing
[hls @ 0xaaaaf75d3b90] Opening '/config/cache/transcodes/edf608859dde27843f063c1721b9682333.mp4' for writing
[hls @ 0xaaaaf75d3b90] Opening '/config/cache/transcodes/edf608859dde27843f063c1721b9682334.mp4' for writing
[hls @ 0xaaaaf75d3b90] Opening '/config/cache/transcodes/edf608859dde27843f063c1721b9682335.mp4' for writing
[hls @ 0xaaaaf75d3b90] Opening '/config/cache/transcodes/edf608859dde27843f063c1721b9682336.mp4' for writing
frame= 2707 fps=1081 q=28.0 size=N/A time=00:01:24.75 bitrate=N/A speed=33.8x    
[hls @ 0xaaaaf75d3b90] Opening '/config/cache/transcodes/edf608859dde27843f063c1721b9682337.mp4' for writing
[hls @ 0xaaaaf75d3b90] Opening '/config/cache/transcodes/edf608859dde27843f063c1721b9682338.mp4' for writing
[hls @ 0xaaaaf75d3b90] Opening '/config/cache/transcodes/edf608859dde27843f063c1721b9682339.mp4' for writing
[hls @ 0xaaaaf75d3b90] Opening '/config/cache/transcodes/edf608859dde27843f063c1721b9682340.mp4' for writing
[hls @ 0xaaaaf75d3b90] Opening '/config/cache/transcodes/edf608859dde27843f063c1721b9682341.mp4' for writing
[hls @ 0xaaaaf75d3b90] Opening '/config/cache/transcodes/edf608859dde27843f063c1721b9682342.mp4' for writing
frame= 3154 fps=1049 q=36.0 size=N/A time=00:01:43.37 bitrate=N/A speed=34.4x    
[hls @ 0xaaaaf75d3b90] Opening '/config/cache/transcodes/edf608859dde27843f063c1721b9682343.mp4' for writing
[hls @ 0xaaaaf75d3b90] Opening '/config/cache/transcodes/edf608859dde27843f063c1721b9682344.mp4' for writing
[hls @ 0xaaaaf75d3b90] Opening '/config/cache/transcodes/edf608859dde27843f063c1721b9682345.mp4' for writing
[hls @ 0xaaaaf75d3b90] Opening '/config/cache/transcodes/edf608859dde27843f063c1721b9682346.mp4' for writing
[hls @ 0xaaaaf75d3b90] Opening '/config/cache/transcodes/edf608859dde27843f063c1721b9682347.mp4' for writing
[hls @ 0xaaaaf75d3b90] Opening '/config/cache/transcodes/edf608859dde27843f063c1721b9682348.mp4' for writing
[hls @ 0xaaaaf75d3b90] Opening '/config/cache/transcodes/edf608859dde27843f063c1721b9682349.mp4' for writing
frame= 3611 fps=1029 q=28.0 size=N/A time=00:02:02.41 bitrate=N/A speed=34.9x    
[hls @ 0xaaaaf75d3b90] Opening '/config/cache/transcodes/edf608859dde27843f063c1721b9682350.mp4' for writing
[hls @ 0xaaaaf75d3b90] Opening '/config/cache/transcodes/edf608859dde27843f063c1721b9682351.mp4' for writing
[hls @ 0xaaaaf75d3b90] Opening '/config/cache/transcodes/edf608859dde27843f063c1721b9682352.mp4' for writing
[hls @ 0xaaaaf75d3b90] Opening '/config/cache/transcodes/edf608859dde27843f063c1721b9682353.mp4' for writing
[hls @ 0xaaaaf75d3b90] Opening '/config/cache/transcodes/edf608859dde27843f063c1721b9682354.mp4' for writing
[hls @ 0xaaaaf75d3b90] Opening '/config/cache/transcodes/edf608859dde27843f063c1721b9682355.mp4' for writing
frame= 4099 fps=1022 q=31.0 size=N/A time=00:02:22.75 bitrate=N/A speed=35.6x    
[hls @ 0xaaaaf75d3b90] Opening '/config/cache/transcodes/edf608859dde27843f063c1721b9682356.mp4' for writing
[hls @ 0xaaaaf75d3b90] Opening '/config/cache/transcodes/edf608859dde27843f063c1721b9682357.mp4' for writing
[hls @ 0xaaaaf75d3b90] Opening '/config/cache/transcodes/edf608859dde27843f063c1721b9682358.mp4' for writing
[hls @ 0xaaaaf75d3b90] Opening '/config/cache/transcodes/edf608859dde27843f063c1721b9682359.mp4' for writing
[hls @ 0xaaaaf75d3b90] Opening '/config/cache/transcodes/edf608859dde27843f063c1721b9682360.mp4' for writing
[hls @ 0xaaaaf75d3b90] Opening '/config/cache/transcodes/edf608859dde27843f063c1721b9682361.mp4' for writing
[hls @ 0xaaaaf75d3b90] Opening '/config/cache/transcodes/edf608859dde27843f063c1721b9682362.mp4' for writing
frame= 4608 fps=1022 q=28.0 size=N/A time=00:02:43.95 bitrate=N/A speed=36.4x    
[hls @ 0xaaaaf75d3b90] Opening '/config/cache/transcodes/edf608859dde27843f063c1721b9682363.mp4' for writing
[hls @ 0xaaaaf75d3b90] Opening '/config/cache/transcodes/edf608859dde27843f063c1721b9682364.mp4' for writing
[hls @ 0xaaaaf75d3b90] Opening '/config/cache/transcodes/edf608859dde27843f063c1721b9682365.mp4' for writing
[hls @ 0xaaaaf75d3b90] Opening '/config/cache/transcodes/edf608859dde27843f063c1721b9682366.mp4' for writing
[hls @ 0xaaaaf75d3b90] Opening '/config/cache/transcodes/edf608859dde27843f063c1721b9682367.mp4' for writing
[hls @ 0xaaaaf75d3b90] Opening '/config/cache/transcodes/edf608859dde27843f063c1721b9682368.mp4' for writing
frame= 5019 fps=1002 q=28.0 size=N/A time=00:03:01.12 bitrate=N/A speed=36.1x    
[hls @ 0xaaaaf75d3b90] Opening '/config/cache/transcodes/edf608859dde27843f063c1721b9682369.mp4' for writing
[hls @ 0xaaaaf75d3b90] Opening '/config/cache/transcodes/edf608859dde27843f063c1721b9682370.mp4' for writing
[hls @ 0xaaaaf75d3b90] Opening '/config/cache/transcodes/edf608859dde27843f063c1721b9682371.mp4' for writing
[hls @ 0xaaaaf75d3b90] Opening '/config/cache/transcodes/edf608859dde27843f063c1721b9682372.mp4' for writing
[hls @ 0xaaaaf75d3b90] Opening '/config/cache/transcodes/edf608859dde27843f063c1721b9682373.mp4' for writing
frame= 5329 fps=967 q=28.0 size=N/A time=00:03:14.00 bitrate=N/A speed=35.2x    
[hls @ 0xaaaaf75d3b90] Opening '/config/cache/transcodes/edf608859dde27843f063c1721b9682374.mp4' for writing
[hls @ 0xaaaaf75d3b90] Opening '/config/cache/transcodes/edf608859dde27843f063c1721b9682375.mp4' for writing
[hls @ 0xaaaaf75d3b90] Opening '/config/cache/transcodes/edf608859dde27843f063c1721b9682376.mp4' for writing
[hls @ 0xaaaaf75d3b90] Opening '/config/cache/transcodes/edf608859dde27843f063c1721b9682377.mp4' for writing
frame= 5647 fps=939 q=35.0 size=N/A time=00:03:27.25 bitrate=N/A speed=34.5x    
[hls @ 0xaaaaf75d3b90] Opening '/config/cache/transcodes/edf608859dde27843f063c1721b9682378.mp4' for writing
[hls @ 0xaaaaf75d3b90] Opening '/config/cache/transcodes/edf608859dde27843f063c1721b9682379.mp4' for writing
frame= 5802 fps=891 q=40.0 size=N/A time=00:03:33.70 bitrate=N/A speed=32.8x    
[hls @ 0xaaaaf75d3b90] Opening '/config/cache/transcodes/edf608859dde27843f063c1721b9682380.mp4' for writing
[hls @ 0xaaaaf75d3b90] Opening '/config/cache/transcodes/edf608859dde27843f063c1721b9682381.mp4' for writing
[hls @ 0xaaaaf75d3b90] Opening '/config/cache/transcodes/edf608859dde27843f063c1721b9682382.mp4' for writing
frame= 6009 fps=857 q=46.0 size=N/A time=00:03:42.33 bitrate=N/A speed=31.7x    
[hls @ 0xaaaaf75d3b90] Opening '/config/cache/transcodes/edf608859dde27843f063c1721b9682383.mp4' for writing
[hls @ 0xaaaaf75d3b90] Opening '/config/cache/transcodes/edf608859dde27843f063c1721b9682384.mp4' for writing
[hls @ 0xaaaaf75d3b90] Opening '/config/cache/transcodes/edf608859dde27843f063c1721b9682385.mp4' for writing
frame= 6219 fps=827 q=40.0 size=N/A time=00:03:51.08 bitrate=N/A speed=30.7x    
[hls @ 0xaaaaf75d3b90] Opening '/config/cache/transcodes/edf608859dde27843f063c1721b9682386.mp4' for writing
[hls @ 0xaaaaf75d3b90] Opening '/config/cache/transcodes/edf608859dde27843f063c1721b9682387.mp4' for writing
[hls @ 0xaaaaf75d3b90] Opening '/config/cache/transcodes/edf608859dde27843f063c1721b9682388.mp4' for writing
frame= 6462 fps=806 q=37.0 size=N/A time=00:04:01.20 bitrate=N/A speed=30.1x    
[hls @ 0xaaaaf75d3b90] Opening '/config/cache/transcodes/edf608859dde27843f063c1721b9682389.mp4' for writing
[hls @ 0xaaaaf75d3b90] Opening '/config/cache/transcodes/edf608859dde27843f063c1721b9682390.mp4' for writing
[hls @ 0xaaaaf75d3b90] Opening '/config/cache/transcodes/edf608859dde27843f063c1721b9682391.mp4' for writing
[hls @ 0xaaaaf75d3b90] Opening '/config/cache/transcodes/edf608859dde27843f063c1721b9682392.mp4' for writing
frame= 6706 fps=787 q=46.0 size=N/A time=00:04:11.37 bitrate=N/A speed=29.5x    
[hls @ 0xaaaaf75d3b90] Opening '/config/cache/transcodes/edf608859dde27843f063c1721b9682393.mp4' for writing
[hls @ 0xaaaaf75d3b90] Opening '/config/cache/transcodes/edf608859dde27843f063c1721b9682394.mp4' for writing
[hls @ 0xaaaaf75d3b90] Opening '/config/cache/transcodes/edf608859dde27843f063c1721b9682395.mp4' for writing
[hls @ 0xaaaaf75d3b90] Opening '/config/cache/transcodes/edf608859dde27843f063c1721b9682396.mp4' for writing
frame= 6989 fps=775 q=42.0 size=N/A time=00:04:23.16 bitrate=N/A speed=29.2x    
[hls @ 0xaaaaf75d3b90] Opening '/config/cache/transcodes/edf608859dde27843f063c1721b9682397.mp4' for writing
[hls @ 0xaaaaf75d3b90] Opening '/config/cache/transcodes/edf608859dde27843f063c1721b9682398.mp4' for writing
[hls @ 0xaaaaf75d3b90] Opening '/config/cache/transcodes/edf608859dde27843f063c1721b9682399.mp4' for writing
[hls @ 0xaaaaf75d3b90] Opening '/config/cache/transcodes/edf608859dde27843f063c1721b96823100.mp4' for writing
frame= 7286 fps=765 q=47.0 size=N/A time=00:04:35.54 bitrate=N/A speed=28.9x    
[hls @ 0xaaaaf75d3b90] Opening '/config/cache/transcodes/edf608859dde27843f063c1721b96823101.mp4' for writing
[hls @ 0xaaaaf75d3b90] Opening '/config/cache/transcodes/edf608859dde27843f063c1721b96823102.mp4' for writing
[hls @ 0xaaaaf75d3b90] Opening '/config/cache/transcodes/edf608859dde27843f063c1721b96823103.mp4' for writing
[hls @ 0xaaaaf75d3b90] Opening '/config/cache/transcodes/edf608859dde27843f063c1721b96823104.mp4' for writing
frame= 7573 fps=755 q=44.0 size=N/A time=00:04:47.50 bitrate=N/A speed=28.7x    
[hls @ 0xaaaaf75d3b90] Opening '/config/cache/transcodes/edf608859dde27843f063c1721b96823105.mp4' for writing
[hls @ 0xaaaaf75d3b90] Opening '/config/cache/transcodes/edf608859dde27843f063c1721b96823106.mp4' for writing
[hls @ 0xaaaaf75d3b90] Opening '/config/cache/transcodes/edf608859dde27843f063c1721b96823107.mp4' for writing
[hls @ 0xaaaaf75d3b90] Opening '/config/cache/transcodes/edf608859dde27843f063c1721b96823108.mp4' for writing
[hls @ 0xaaaaf75d3b90] Opening '/config/cache/transcodes/edf608859dde27843f063c1721b96823109.mp4' for writing
frame= 7933 fps=754 q=28.0 size=N/A time=00:05:02.54 bitrate=N/A speed=28.7x    
[hls @ 0xaaaaf75d3b90] Opening '/config/cache/transcodes/edf608859dde27843f063c1721b96823110.mp4' for writing
[hls @ 0xaaaaf75d3b90] Opening '/config/cache/transcodes/edf608859dde27843f063c1721b96823111.mp4' for writing
[hls @ 0xaaaaf75d3b90] Opening '/config/cache/transcodes/edf608859dde27843f063c1721b96823112.mp4' for writing
[hls @ 0xaaaaf75d3b90] Opening '/config/cache/transcodes/edf608859dde27843f063c1721b96823113.mp4' for writing
frame= 8278 fps=751 q=29.0 size=N/A time=00:05:16.87 bitrate=N/A speed=28.7x    
[hls @ 0xaaaaf75d3b90] Opening '/config/cache/transcodes/edf608859dde27843f063c1721b96823114.mp4' for writing
[hls @ 0xaaaaf75d3b90] Opening '/config/cache/transcodes/edf608859dde27843f063c1721b96823115.mp4' for writing
[hls @ 0xaaaaf75d3b90] Opening '/config/cache/transcodes/edf608859dde27843f063c1721b96823116.mp4' for writing
[hls @ 0xaaaaf75d3b90] Opening '/config/cache/transcodes/edf608859dde27843f063c1721b96823117.mp4' for writing
[hls @ 0xaaaaf75d3b90] Opening '/config/cache/transcodes/edf608859dde27843f063c1721b96823118.mp4' for writing
[hls @ 0xaaaaf75d3b90] Opening '/config/cache/transcodes/edf608859dde27843f063c1721b96823119.mp4' for writing
frame= 8688 fps=754 q=28.0 size=N/A time=00:05:33.95 bitrate=N/A speed=  29x    
[hls @ 0xaaaaf75d3b90] Opening '/config/cache/transcodes/edf608859dde27843f063c1721b96823120.mp4' for writing
[hls @ 0xaaaaf75d3b90] Opening '/config/cache/transcodes/edf608859dde27843f063c1721b96823121.mp4' for writing
[hls @ 0xaaaaf75d3b90] Opening '/config/cache/transcodes/edf608859dde27843f063c1721b96823122.mp4' for writing
[hls @ 0xaaaaf75d3b90] Opening '/config/cache/transcodes/edf608859dde27843f063c1721b96823123.mp4' for writing
[hls @ 0xaaaaf75d3b90] Opening '/config/cache/transcodes/edf608859dde27843f063c1721b96823124.mp4' for writing
[hls @ 0xaaaaf75d3b90] Opening '/config/cache/transcodes/edf608859dde27843f063c1721b96823125.mp4' for writing
frame= 9111 fps=757 q=30.0 size=N/A time=00:05:51.58 bitrate=N/A speed=29.2x    
[hls @ 0xaaaaf75d3b90] Opening '/config/cache/transcodes/edf608859dde27843f063c1721b96823126.mp4' for writing
[hls @ 0xaaaaf75d3b90] Opening '/config/cache/transcodes/edf608859dde27843f063c1721b96823127.mp4' for writing
[hls @ 0xaaaaf75d3b90] Opening '/config/cache/transcodes/edf608859dde27843f063c1721b96823128.mp4' for writing
[hls @ 0xaaaaf75d3b90] Opening '/config/cache/transcodes/edf608859dde27843f063c1721b96823129.mp4' for writing
[hls @ 0xaaaaf75d3b90] Opening '/config/cache/transcodes/edf608859dde27843f063c1721b96823130.mp4' for writing
[hls @ 0xaaaaf75d3b90] Opening '/config/cache/transcodes/edf608859dde27843f063c1721b96823131.mp4' for writing
frame= 9568 fps=764 q=36.0 size=N/A time=00:06:10.66 bitrate=N/A speed=29.6x    
[hls @ 0xaaaaf75d3b90] Opening '/config/cache/transcodes/edf608859dde27843f063c1721b96823132.mp4' for writing
[hls @ 0xaaaaf75d3b90] Opening '/config/cache/transcodes/edf608859dde27843f063c1721b96823133.mp4' for writing
[hls @ 0xaaaaf75d3b90] Opening '/config/cache/transcodes/edf608859dde27843f063c1721b96823134.mp4' for writing
[hls @ 0xaaaaf75d3b90] Opening '/config/cache/transcodes/edf608859dde27843f063c1721b96823135.mp4' for writing
[hls @ 0xaaaaf75d3b90] Opening '/config/cache/transcodes/edf608859dde27843f063c1721b96823136.mp4' for writing
[hls @ 0xaaaaf75d3b90] Opening '/config/cache/transcodes/edf608859dde27843f063c1721b96823137.mp4' for writing
[hls @ 0xaaaaf75d3b90] Opening '/config/cache/transcodes/edf608859dde27843f063c1721b96823138.mp4' for writing
frame=10053 fps=771 q=28.0 size=N/A time=00:06:30.83 bitrate=N/A speed=  30x    
[hls @ 0xaaaaf75d3b90] Opening '/config/cache/transcodes/edf608859dde27843f063c1721b96823139.mp4' for writing
[hls @ 0xaaaaf75d3b90] Opening '/config/cache/transcodes/edf608859dde27843f063c1721b96823140.mp4' for writing
[hls @ 0xaaaaf75d3b90] Opening '/config/cache/transcodes/edf608859dde27843f063c1721b96823141.mp4' for writing
[hls @ 0xaaaaf75d3b90] Opening '/config/cache/transcodes/edf608859dde27843f063c1721b96823142.mp4' for writing
[hls @ 0xaaaaf75d3b90] Opening '/config/cache/transcodes/edf608859dde27843f063c1721b96823143.mp4' for writing
[hls @ 0xaaaaf75d3b90] Opening '/config/cache/transcodes/edf608859dde27843f063c1721b96823144.mp4' for writing
[hls @ 0xaaaaf75d3b90] Opening '/config/cache/transcodes/edf608859dde27843f063c1721b96823145.mp4' for writing
frame=10568 fps=781 q=28.0 size=N/A time=00:06:52.29 bitrate=N/A speed=30.5x    
[hls @ 0xaaaaf75d3b90] Opening '/config/cache/transcodes/edf608859dde27843f063c1721b96823146.mp4' for writing
[hls @ 0xaaaaf75d3b90] Opening '/config/cache/transcodes/edf608859dde27843f063c1721b96823147.mp4' for writing
[hls @ 0xaaaaf75d3b90] Opening '/config/cache/transcodes/edf608859dde27843f063c1721b96823148.mp4' for writing
[hls @ 0xaaaaf75d3b90] Opening '/config/cache/transcodes/edf608859dde27843f063c1721b96823149.mp4' for writing
[hls @ 0xaaaaf75d3b90] Opening '/config/cache/transcodes/edf608859dde27843f063c1721b96823150.mp4' for writing
[hls @ 0xaaaaf75d3b90] Opening '/config/cache/transcodes/edf608859dde27843f063c1721b96823151.mp4' for writing
[hls @ 0xaaaaf75d3b90] Opening '/config/cache/transcodes/edf608859dde27843f063c1721b96823152.mp4' for writing
[hls @ 0xaaaaf75d3b90] Opening '/config/cache/transcodes/edf608859dde27843f063c1721b96823153.mp4' for writing
frame=11111 fps=792 q=28.0 size=N/A time=00:07:14.91 bitrate=N/A speed=  31x    
[hls @ 0xaaaaf75d3b90] Opening '/config/cache/transcodes/edf608859dde27843f063c1721b96823154.mp4' for writing
[hls @ 0xaaaaf75d3b90] Opening '/config/cache/transcodes/edf608859dde27843f063c1721b96823155.mp4' for writing
[hls @ 0xaaaaf75d3b90] Opening '/config/cache/transcodes/edf608859dde27843f063c1721b96823156.mp4' for writing
[hls @ 0xaaaaf75d3b90] Opening '/config/cache/transcodes/edf608859dde27843f063c1721b96823157.mp4' for writing
[hls @ 0xaaaaf75d3b90] Opening '/config/cache/transcodes/edf608859dde27843f063c1721b96823158.mp4' for writing
[hls @ 0xaaaaf75d3b90] Opening '/config/cache/transcodes/edf608859dde27843f063c1721b96823159.mp4' for writing
[hls @ 0xaaaaf75d3b90] Opening '/config/cache/transcodes/edf608859dde27843f063c1721b96823160.mp4' for writing
frame=11610 fps=799 q=28.0 size=N/A time=00:07:35.70 bitrate=N/A speed=31.4x    
[hls @ 0xaaaaf75d3b90] Opening '/config/cache/transcodes/edf608859dde27843f063c1721b96823161.mp4' for writing
[hls @ 0xaaaaf75d3b90] Opening '/config/cache/transcodes/edf608859dde27843f063c1721b96823162.mp4' for writing
[hls @ 0xaaaaf75d3b90] Opening '/config/cache/transcodes/edf608859dde27843f063c1721b96823163.mp4' for writing
[hls @ 0xaaaaf75d3b90] Opening '/config/cache/transcodes/edf608859dde27843f063c1721b96823164.mp4' for writing
[hls @ 0xaaaaf75d3b90] Opening '/config/cache/transcodes/edf608859dde27843f063c1721b96823165.mp4' for writing
[hls @ 0xaaaaf75d3b90] Opening '/config/cache/transcodes/edf608859dde27843f063c1721b96823166.mp4' for writing
frame=12066 fps=803 q=28.0 size=N/A time=00:07:54.70 bitrate=N/A speed=31.6x    
[hls @ 0xaaaaf75d3b90] Opening '/config/cache/transcodes/edf608859dde27843f063c1721b96823167.mp4' for writing
[hls @ 0xaaaaf75d3b90] Opening '/config/cache/transcodes/edf608859dde27843f063c1721b96823168.mp4' for writing
[hls @ 0xaaaaf75d3b90] Opening '/config/cache/transcodes/edf608859dde27843f063c1721b96823169.mp4' for writing
[hls @ 0xaaaaf75d3b90] Opening '/config/cache/transcodes/edf608859dde27843f063c1721b96823170.mp4' for writing
[hls @ 0xaaaaf75d3b90] Opening '/config/cache/transcodes/edf608859dde27843f063c1721b96823171.mp4' for writing
[hls @ 0xaaaaf75d3b90] Opening '/config/cache/transcodes/edf608859dde27843f063c1721b96823172.mp4' for writing
frame=12500 fps=805 q=36.0 size=N/A time=00:08:12.79 bitrate=N/A speed=31.7x    
[hls @ 0xaaaaf75d3b90] Opening '/config/cache/transcodes/edf608859dde27843f063c1721b96823173.mp4' for writing
[hls @ 0xaaaaf75d3b90] Opening '/config/cache/transcodes/edf608859dde27843f063c1721b96823174.mp4' for writing
[hls @ 0xaaaaf75d3b90] Opening '/config/cache/transcodes/edf608859dde27843f063c1721b96823175.mp4' for writing
[hls @ 0xaaaaf75d3b90] Opening '/config/cache/transcodes/edf608859dde27843f063c1721b96823176.mp4' for writing
[hls @ 0xaaaaf75d3b90] Opening '/config/cache/transcodes/edf608859dde27843f063c1721b96823177.mp4' for writing
frame=12840 fps=801 q=28.0 size=N/A time=00:08:27.00 bitrate=N/A speed=31.6x    
[hls @ 0xaaaaf75d3b90] Opening '/config/cache/transcodes/edf608859dde27843f063c1721b96823178.mp4' for writing
[hls @ 0xaaaaf75d3b90] Opening '/config/cache/transcodes/edf608859dde27843f063c1721b96823179.mp4' for writing
[hls @ 0xaaaaf75d3b90] Opening '/config/cache/transcodes/edf608859dde27843f063c1721b96823180.mp4' for writing
[hls @ 0xaaaaf75d3b90] Opening '/config/cache/transcodes/edf608859dde27843f063c1721b96823181.mp4' for writing
frame=13141 fps=795 q=33.0 size=N/A time=00:08:39.50 bitrate=N/A speed=31.4x    
[hls @ 0xaaaaf75d3b90] Opening '/config/cache/transcodes/edf608859dde27843f063c1721b96823182.mp4' for writing
[hls @ 0xaaaaf75d3b90] Opening '/config/cache/transcodes/edf608859dde27843f063c1721b96823183.mp4' for writing
[hls @ 0xaaaaf75d3b90] Opening '/config/cache/transcodes/edf608859dde27843f063c1721b96823184.mp4' for writing
[hls @ 0xaaaaf75d3b90] Opening '/config/cache/transcodes/edf608859dde27843f063c1721b96823185.mp4' for writing
[hls @ 0xaaaaf75d3b90] Opening '/config/cache/transcodes/edf608859dde27843f063c1721b96823186.mp4' for writing
frame=13501 fps=792 q=30.0 size=N/A time=00:08:54.50 bitrate=N/A speed=31.4x    
[hls @ 0xaaaaf75d3b90] Opening '/config/cache/transcodes/edf608859dde27843f063c1721b96823187.mp4' for writing
[hls @ 0xaaaaf75d3b90] Opening '/config/cache/transcodes/edf608859dde27843f063c1721b96823188.mp4' for writing
[hls @ 0xaaaaf75d3b90] Opening '/config/cache/transcodes/edf608859dde27843f063c1721b96823189.mp4' for writing
[hls @ 0xaaaaf75d3b90] Opening '/config/cache/transcodes/edf608859dde27843f063c1721b96823190.mp4' for writing
[hls @ 0xaaaaf75d3b90] Opening '/config/cache/transcodes/edf608859dde27843f063c1721b96823191.mp4' for writing
[hls @ 0xaaaaf75d3b90] Opening '/config/cache/transcodes/edf608859dde27843f063c1721b96823192.mp4' for writing
frame=13897 fps=792 q=29.0 size=N/A time=00:09:11.04 bitrate=N/A speed=31.4x    
[hls @ 0xaaaaf75d3b90] Opening '/config/cache/transcodes/edf608859dde27843f063c1721b96823193.mp4' for writing
[hls @ 0xaaaaf75d3b90] Opening '/config/cache/transcodes/edf608859dde27843f063c1721b96823194.mp4' for writing
[hls @ 0xaaaaf75d3b90] Opening '/config/cache/transcodes/edf608859dde27843f063c1721b96823195.mp4' for writing
[hls @ 0xaaaaf75d3b90] Opening '/config/cache/transcodes/edf608859dde27843f063c1721b96823196.mp4' for writing
[hls @ 0xaaaaf75d3b90] Opening '/config/cache/transcodes/edf608859dde27843f063c1721b96823197.mp4' for writing
frame=14318 fps=794 q=25.0 size=N/A time=00:09:28.54 bitrate=N/A speed=31.5x    
[hls @ 0xaaaaf75d3b90] Opening '/config/cache/transcodes/edf608859dde27843f063c1721b96823198.mp4' for writing
[hls @ 0xaaaaf75d3b90] Opening '/config/cache/transcodes/edf608859dde27843f063c1721b96823199.mp4' for writing
[hls @ 0xaaaaf75d3b90] Opening '/config/cache/transcodes/edf608859dde27843f063c1721b96823200.mp4' for writing
[hls @ 0xaaaaf75d3b90] Opening '/config/cache/transcodes/edf608859dde27843f063c1721b96823201.mp4' for writing
[hls @ 0xaaaaf75d3b90] Opening '/config/cache/transcodes/edf608859dde27843f063c1721b96823202.mp4' for writing
[hls @ 0xaaaaf75d3b90] Opening '/config/cache/transcodes/edf608859dde27843f063c1721b96823203.mp4' for writing
frame=14753 fps=796 q=36.0 size=N/A time=00:09:46.66 bitrate=N/A speed=31.6x    
[hls @ 0xaaaaf75d3b90] Opening '/config/cache/transcodes/edf608859dde27843f063c1721b96823204.mp4' for writing
[hls @ 0xaaaaf75d3b90] Opening '/config/cache/transcodes/edf608859dde27843f063c1721b96823205.mp4' for writing
[hls @ 0xaaaaf75d3b90] Opening '/config/cache/transcodes/edf608859dde27843f063c1721b96823206.mp4' for writing
[hls @ 0xaaaaf75d3b90] Opening '/config/cache/transcodes/edf608859dde27843f063c1721b96823207.mp4' for writing
[hls @ 0xaaaaf75d3b90] Opening '/config/cache/transcodes/edf608859dde27843f063c1721b96823208.mp4' for writing
[hls @ 0xaaaaf75d3b90] Opening '/config/cache/transcodes/edf608859dde27843f063c1721b96823209.mp4' for writing
[hls @ 0xaaaaf75d3b90] Opening '/config/cache/transcodes/edf608859dde27843f063c1721b96823210.mp4' for writing
frame=15236 fps=800 q=28.0 size=N/A time=00:10:06.83 bitrate=N/A speed=31.9x    
[hls @ 0xaaaaf75d3b90] Opening '/config/cache/transcodes/edf608859dde27843f063c1721b96823211.mp4' for writing
[hls @ 0xaaaaf75d3b90] Opening '/config/cache/transcodes/edf608859dde27843f063c1721b96823212.mp4' for writing
[hls @ 0xaaaaf75d3b90] Opening '/config/cache/transcodes/edf608859dde27843f063c1721b96823213.mp4' for writing
[hls @ 0xaaaaf75d3b90] Opening '/config/cache/transcodes/edf608859dde27843f063c1721b96823214.mp4' for writing
[hls @ 0xaaaaf75d3b90] Opening '/config/cache/transcodes/edf608859dde27843f063c1721b96823215.mp4' for writing
[hls @ 0xaaaaf75d3b90] Opening '/config/cache/transcodes/edf608859dde27843f063c1721b96823216.mp4' for writing
[hls @ 0xaaaaf75d3b90] Opening '/config/cache/transcodes/edf608859dde27843f063c1721b96823217.mp4' for writing
frame=15715 fps=804 q=28.0 size=N/A time=00:10:26.75 bitrate=N/A speed=32.1x    
[hls @ 0xaaaaf75d3b90] Opening '/config/cache/transcodes/edf608859dde27843f063c1721b96823218.mp4' for writing
[hls @ 0xaaaaf75d3b90] Opening '/config/cache/transcodes/edf608859dde27843f063c1721b96823219.mp4' for writing
[hls @ 0xaaaaf75d3b90] Opening '/config/cache/transcodes/edf608859dde27843f063c1721b96823220.mp4' for writing
[hls @ 0xaaaaf75d3b90] Opening '/config/cache/transcodes/edf608859dde27843f063c1721b96823221.mp4' for writing
[hls @ 0xaaaaf75d3b90] Opening '/config/cache/transcodes/edf608859dde27843f063c1721b96823222.mp4' for writing
[hls @ 0xaaaaf75d3b90] Opening '/config/cache/transcodes/edf608859dde27843f063c1721b96823223.mp4' for writing
frame=16132 fps=805 q=28.0 size=N/A time=00:10:44.12 bitrate=N/A speed=32.1x    
[hls @ 0xaaaaf75d3b90] Opening '/config/cache/transcodes/edf608859dde27843f063c1721b96823224.mp4' for writing
[hls @ 0xaaaaf75d3b90] Opening '/config/cache/transcodes/edf608859dde27843f063c1721b96823225.mp4' for writing
[hls @ 0xaaaaf75d3b90] Opening '/config/cache/transcodes/edf608859dde27843f063c1721b96823226.mp4' for writing
[hls @ 0xaaaaf75d3b90] Opening '/config/cache/transcodes/edf608859dde27843f063c1721b96823227.mp4' for writing
[hls @ 0xaaaaf75d3b90] Opening '/config/cache/transcodes/edf608859dde27843f063c1721b96823228.mp4' for writing
[hls @ 0xaaaaf75d3b90] Opening '/config/cache/transcodes/edf608859dde27843f063c1721b96823229.mp4' for writing
frame=16624 fps=809 q=28.0 size=N/A time=00:11:04.66 bitrate=N/A speed=32.3x    
[hls @ 0xaaaaf75d3b90] Opening '/config/cache/transcodes/edf608859dde27843f063c1721b96823230.mp4' for writing
[hls @ 0xaaaaf75d3b90] Opening '/config/cache/transcodes/edf608859dde27843f063c1721b96823231.mp4' for writing
[hls @ 0xaaaaf75d3b90] Opening '/config/cache/transcodes/edf608859dde27843f063c1721b96823232.mp4' for writing
[hls @ 0xaaaaf75d3b90] Opening '/config/cache/transcodes/edf608859dde27843f063c1721b96823233.mp4' for writing
[hls @ 0xaaaaf75d3b90] Opening '/config/cache/transcodes/edf608859dde27843f063c1721b96823234.mp4' for writing
[hls @ 0xaaaaf75d3b90] Opening '/config/cache/transcodes/edf608859dde27843f063c1721b96823235.mp4' for writing
frame=17062 fps=811 q=33.0 size=N/A time=00:11:22.87 bitrate=N/A speed=32.4x    
[hls @ 0xaaaaf75d3b90] Opening '/config/cache/transcodes/edf608859dde27843f063c1721b96823236.mp4' for writing
[hls @ 0xaaaaf75d3b90] Opening '/config/cache/transcodes/edf608859dde27843f063c1721b96823237.mp4' for writing
[hls @ 0xaaaaf75d3b90] Opening '/config/cache/transcodes/edf608859dde27843f063c1721b96823238.mp4' for writing
[hls @ 0xaaaaf75d3b90] Opening '/config/cache/transcodes/edf608859dde27843f063c1721b96823239.mp4' for writing
[hls @ 0xaaaaf75d3b90] Opening '/config/cache/transcodes/edf608859dde27843f063c1721b96823240.mp4' for writing
[hls @ 0xaaaaf75d3b90] Opening '/config/cache/transcodes/edf608859dde27843f063c1721b96823241.mp4' for writing
frame=17479 fps=811 q=30.0 size=N/A time=00:11:40.29 bitrate=N/A speed=32.5x    
[hls @ 0xaaaaf75d3b90] Opening '/config/cache/transcodes/edf608859dde27843f063c1721b96823242.mp4' for writing
[hls @ 0xaaaaf75d3b90] Opening '/config/cache/transcodes/edf608859dde27843f063c1721b96823243.mp4' for writing
[hls @ 0xaaaaf75d3b90] Opening '/config/cache/transcodes/edf608859dde27843f063c1721b96823244.mp4' for writing
[hls @ 0xaaaaf75d3b90] Opening '/config/cache/transcodes/edf608859dde27843f063c1721b96823245.mp4' for writing
[hls @ 0xaaaaf75d3b90] Opening '/config/cache/transcodes/edf608859dde27843f063c1721b96823246.mp4' for writing
[hls @ 0xaaaaf75d3b90] Opening '/config/cache/transcodes/edf608859dde27843f063c1721b96823247.mp4' for writing
[hls @ 0xaaaaf75d3b90] Opening '/config/cache/transcodes/edf608859dde27843f063c1721b96823248.mp4' for writing
frame=17998 fps=816 q=28.0 size=N/A time=00:12:01.87 bitrate=N/A speed=32.7x    
[hls @ 0xaaaaf75d3b90] Opening '/config/cache/transcodes/edf608859dde27843f063c1721b96823249.mp4' for writing
[hls @ 0xaaaaf75d3b90] Opening '/config/cache/transcodes/edf608859dde27843f063c1721b96823250.mp4' for writing
[hls @ 0xaaaaf75d3b90] Opening '/config/cache/transcodes/edf608859dde27843f063c1721b96823251.mp4' for writing
[hls @ 0xaaaaf75d3b90] Opening '/config/cache/transcodes/edf608859dde27843f063c1721b96823252.mp4' for writing
[hls @ 0xaaaaf75d3b90] Opening '/config/cache/transcodes/edf608859dde27843f063c1721b96823253.mp4' for writing
[hls @ 0xaaaaf75d3b90] Opening '/config/cache/transcodes/edf608859dde27843f063c1721b96823254.mp4' for writing
[hls @ 0xaaaaf75d3b90] Opening '/config/cache/transcodes/edf608859dde27843f063c1721b96823255.mp4' for writing
frame=18489 fps=820 q=29.0 size=N/A time=00:12:22.33 bitrate=N/A speed=32.9x    
[hls @ 0xaaaaf75d3b90] Opening '/config/cache/transcodes/edf608859dde27843f063c1721b96823256.mp4' for writing
[hls @ 0xaaaaf75d3b90] Opening '/config/cache/transcodes/edf608859dde27843f063c1721b96823257.mp4' for writing
[hls @ 0xaaaaf75d3b90] Opening '/config/cache/transcodes/edf608859dde27843f063c1721b96823258.mp4' for writing
[hls @ 0xaaaaf75d3b90] Opening '/config/cache/transcodes/edf608859dde27843f063c1721b96823259.mp4' for writing
[hls @ 0xaaaaf75d3b90] Opening '/config/cache/transcodes/edf608859dde27843f063c1721b96823260.mp4' for writing
[hls @ 0xaaaaf75d3b90] Opening '/config/cache/transcodes/edf608859dde27843f063c1721b96823261.mp4' for writing
[hls @ 0xaaaaf75d3b90] Opening '/config/cache/transcodes/edf608859dde27843f063c1721b96823262.mp4' for writing
[hls @ 0xaaaaf75d3b90] Opening '/config/cache/transcodes/edf608859dde27843f063c1721b96823263.mp4' for writing
frame=19020 fps=825 q=28.0 size=N/A time=00:12:44.45 bitrate=N/A speed=33.2x    
[hls @ 0xaaaaf75d3b90] Opening '/config/cache/transcodes/edf608859dde27843f063c1721b96823264.mp4' for writing
[hls @ 0xaaaaf75d3b90] Opening '/config/cache/transcodes/edf608859dde27843f063c1721b96823265.mp4' for writing
[hls @ 0xaaaaf75d3b90] Opening '/config/cache/transcodes/edf608859dde27843f063c1721b96823266.mp4' for writing
[hls @ 0xaaaaf75d3b90] Opening '/config/cache/transcodes/edf608859dde27843f063c1721b96823267.mp4' for writing
[hls @ 0xaaaaf75d3b90] Opening '/config/cache/transcodes/edf608859dde27843f063c1721b96823268.mp4' for writing
[hls @ 0xaaaaf75d3b90] Opening '/config/cache/transcodes/edf608859dde27843f063c1721b96823269.mp4' for writing
[hls @ 0xaaaaf75d3b90] Opening '/config/cache/transcodes/edf608859dde27843f063c1721b96823270.mp4' for writing
[hls @ 0xaaaaf75d3b90] Opening '/config/cache/transcodes/edf608859dde27843f063c1721b96823271.mp4' for writing
frame=19616 fps=833 q=28.0 size=N/A time=00:13:09.29 bitrate=N/A speed=33.5x    
[hls @ 0xaaaaf75d3b90] Opening '/config/cache/transcodes/edf608859dde27843f063c1721b96823272.mp4' for writing
[hls @ 0xaaaaf75d3b90] Opening '/config/cache/transcodes/edf608859dde27843f063c1721b96823273.mp4' for writing
[hls @ 0xaaaaf75d3b90] Opening '/config/cache/transcodes/edf608859dde27843f063c1721b96823274.mp4' for writing
[hls @ 0xaaaaf75d3b90] Opening '/config/cache/transcodes/edf608859dde27843f063c1721b96823275.mp4' for writing
[hls @ 0xaaaaf75d3b90] Opening '/config/cache/transcodes/edf608859dde27843f063c1721b96823276.mp4' for writing
[hls @ 0xaaaaf75d3b90] Opening '/config/cache/transcodes/edf608859dde27843f063c1721b96823277.mp4' for writing
[hls @ 0xaaaaf75d3b90] Opening '/config/cache/transcodes/edf608859dde27843f063c1721b96823278.mp4' for writing
frame=20151 fps=838 q=28.0 size=N/A time=00:13:31.58 bitrate=N/A speed=33.7x    
[hls @ 0xaaaaf75d3b90] Opening '/config/cache/transcodes/edf608859dde27843f063c1721b96823279.mp4' for writing
[hls @ 0xaaaaf75d3b90] Opening '/config/cache/transcodes/edf608859dde27843f063c1721b96823280.mp4' for writing
[hls @ 0xaaaaf75d3b90] Opening '/config/cache/transcodes/edf608859dde27843f063c1721b96823281.mp4' for writing
[hls @ 0xaaaaf75d3b90] Opening '/config/cache/transcodes/edf608859dde27843f063c1721b96823282.mp4' for writing
[hls @ 0xaaaaf75d3b90] Opening '/config/cache/transcodes/edf608859dde27843f063c1721b96823283.mp4' for writing
[hls @ 0xaaaaf75d3b90] Opening '/config/cache/transcodes/edf608859dde27843f063c1721b96823284.mp4' for writing
frame=20570 fps=838 q=28.0 size=N/A time=00:13:49.04 bitrate=N/A speed=33.8x    
[hls @ 0xaaaaf75d3b90] Opening '/config/cache/transcodes/edf608859dde27843f063c1721b96823285.mp4' for writing
[hls @ 0xaaaaf75d3b90] Opening '/config/cache/transcodes/edf608859dde27843f063c1721b96823286.mp4' for writing
[hls @ 0xaaaaf75d3b90] Opening '/config/cache/transcodes/edf608859dde27843f063c1721b96823287.mp4' for writing
[hls @ 0xaaaaf75d3b90] Opening '/config/cache/transcodes/edf608859dde27843f063c1721b96823288.mp4' for writing
[hls @ 0xaaaaf75d3b90] Opening '/config/cache/transcodes/edf608859dde27843f063c1721b96823289.mp4' for writing
[hls @ 0xaaaaf75d3b90] Opening '/config/cache/transcodes/edf608859dde27843f063c1721b96823290.mp4' for writing
frame=21017 fps=839 q=28.0 size=N/A time=00:14:07.66 bitrate=N/A speed=33.8x    
[hls @ 0xaaaaf75d3b90] Opening '/config/cache/transcodes/edf608859dde27843f063c1721b96823291.mp4' for writing
[hls @ 0xaaaaf75d3b90] Opening '/config/cache/transcodes/edf608859dde27843f063c1721b96823292.mp4' for writing
[hls @ 0xaaaaf75d3b90] Opening '/config/cache/transcodes/edf608859dde27843f063c1721b96823293.mp4' for writing
[hls @ 0xaaaaf75d3b90] Opening '/config/cache/transcodes/edf608859dde27843f063c1721b96823294.mp4' for writing
[hls @ 0xaaaaf75d3b90] Opening '/config/cache/transcodes/edf608859dde27843f063c1721b96823295.mp4' for writing
[hls @ 0xaaaaf75d3b90] Opening '/config/cache/transcodes/edf608859dde27843f063c1721b96823296.mp4' for writing
[hls @ 0xaaaaf75d3b90] Opening '/config/cache/transcodes/edf608859dde27843f063c1721b96823297.mp4' for writing
frame=21462 fps=840 q=28.0 size=N/A time=00:14:26.29 bitrate=N/A speed=33.9x    
[hls @ 0xaaaaf75d3b90] Opening '/config/cache/transcodes/edf608859dde27843f063c1721b96823298.mp4' for writing
[hls @ 0xaaaaf75d3b90] Opening '/config/cache/transcodes/edf608859dde27843f063c1721b96823299.mp4' for writing
[hls @ 0xaaaaf75d3b90] Opening '/config/cache/transcodes/edf608859dde27843f063c1721b96823300.mp4' for writing
[hls @ 0xaaaaf75d3b90] Opening '/config/cache/transcodes/edf608859dde27843f063c1721b96823301.mp4' for writing
[hls @ 0xaaaaf75d3b90] Opening '/config/cache/transcodes/edf608859dde27843f063c1721b96823302.mp4' for writing
frame=21844 fps=838 q=28.0 size=N/A time=00:14:42.12 bitrate=N/A speed=33.9x    
[hls @ 0xaaaaf75d3b90] Opening '/config/cache/transcodes/edf608859dde27843f063c1721b96823303.mp4' for writing
[hls @ 0xaaaaf75d3b90] Opening '/config/cache/transcodes/edf608859dde27843f063c1721b96823304.mp4' for writing
[hls @ 0xaaaaf75d3b90] Opening '/config/cache/transcodes/edf608859dde27843f063c1721b96823305.mp4' for writing
[hls @ 0xaaaaf75d3b90] Opening '/config/cache/transcodes/edf608859dde27843f063c1721b96823306.mp4' for writing
[hls @ 0xaaaaf75d3b90] Opening '/config/cache/transcodes/edf608859dde27843f063c1721b96823307.mp4' for writing
[hls @ 0xaaaaf75d3b90] Opening '/config/cache/transcodes/edf608859dde27843f063c1721b96823308.mp4' for writing
frame=22282 fps=839 q=28.0 size=N/A time=00:15:00.37 bitrate=N/A speed=33.9x    
[hls @ 0xaaaaf75d3b90] Opening '/config/cache/transcodes/edf608859dde27843f063c1721b96823309.mp4' for writing
[hls @ 0xaaaaf75d3b90] Opening '/config/cache/transcodes/edf608859dde27843f063c1721b96823310.mp4' for writing
[hls @ 0xaaaaf75d3b90] Opening '/config/cache/transcodes/edf608859dde27843f063c1721b96823311.mp4' for writing
[hls @ 0xaaaaf75d3b90] Opening '/config/cache/transcodes/edf608859dde27843f063c1721b96823312.mp4' for writing
[hls @ 0xaaaaf75d3b90] Opening '/config/cache/transcodes/edf608859dde27843f063c1721b96823313.mp4' for writing
[hls @ 0xaaaaf75d3b90] Opening '/config/cache/transcodes/edf608859dde27843f063c1721b96823314.mp4' for writing
frame=22699 fps=839 q=28.0 size=N/A time=00:15:17.79 bitrate=N/A speed=33.9x    
[hls @ 0xaaaaf75d3b90] Opening '/config/cache/transcodes/edf608859dde27843f063c1721b96823315.mp4' for writing
[hls @ 0xaaaaf75d3b90] Opening '/config/cache/transcodes/edf608859dde27843f063c1721b96823316.mp4' for writing
[hls @ 0xaaaaf75d3b90] Opening '/config/cache/transcodes/edf608859dde27843f063c1721b96823317.mp4' for writing
[hls @ 0xaaaaf75d3b90] Opening '/config/cache/transcodes/edf608859dde27843f063c1721b96823318.mp4' for writing
[hls @ 0xaaaaf75d3b90] Opening '/config/cache/transcodes/edf608859dde27843f063c1721b96823319.mp4' for writing
[hls @ 0xaaaaf75d3b90] Opening '/config/cache/transcodes/edf608859dde27843f063c1721b96823320.mp4' for writing
frame=23131 fps=839 q=28.0 size=N/A time=00:15:35.79 bitrate=N/A speed=  34x    
[hls @ 0xaaaaf75d3b90] Opening '/config/cache/transcodes/edf608859dde27843f063c1721b96823321.mp4' for writing
[hls @ 0xaaaaf75d3b90] Opening '/config/cache/transcodes/edf608859dde27843f063c1721b96823322.mp4' for writing
[hls @ 0xaaaaf75d3b90] Opening '/config/cache/transcodes/edf608859dde27843f063c1721b96823323.mp4' for writing
[hls @ 0xaaaaf75d3b90] Opening '/config/cache/transcodes/edf608859dde27843f063c1721b96823324.mp4' for writing
[hls @ 0xaaaaf75d3b90] Opening '/config/cache/transcodes/edf608859dde27843f063c1721b96823325.mp4' for writing
frame=23514 fps=838 q=33.0 size=N/A time=00:15:51.70 bitrate=N/A speed=33.9x    
[hls @ 0xaaaaf75d3b90] Opening '/config/cache/transcodes/edf608859dde27843f063c1721b96823326.mp4' for writing
[hls @ 0xaaaaf75d3b90] Opening '/config/cache/transcodes/edf608859dde27843f063c1721b96823327.mp4' for writing
[hls @ 0xaaaaf75d3b90] Opening '/config/cache/transcodes/edf608859dde27843f063c1721b96823328.mp4' for writing
[hls @ 0xaaaaf75d3b90] Opening '/config/cache/transcodes/edf608859dde27843f063c1721b96823329.mp4' for writing
[hls @ 0xaaaaf75d3b90] Opening '/config/cache/transcodes/edf608859dde27843f063c1721b96823330.mp4' for writing
[hls @ 0xaaaaf75d3b90] Opening '/config/cache/transcodes/edf608859dde27843f063c1721b96823331.mp4' for writing
frame=23915 fps=837 q=28.0 size=N/A time=00:16:08.41 bitrate=N/A speed=33.9x    
[hls @ 0xaaaaf75d3b90] Opening '/config/cache/transcodes/edf608859dde27843f063c1721b96823332.mp4' for writing
[hls @ 0xaaaaf75d3b90] Opening '/config/cache/transcodes/edf608859dde27843f063c1721b96823333.mp4' for writing
[hls @ 0xaaaaf75d3b90] Opening '/config/cache/transcodes/edf608859dde27843f063c1721b96823334.mp4' for writing
[hls @ 0xaaaaf75d3b90] Opening '/config/cache/transcodes/edf608859dde27843f063c1721b96823335.mp4' for writing
[hls @ 0xaaaaf75d3b90] Opening '/config/cache/transcodes/edf608859dde27843f063c1721b96823336.mp4' for writing
frame=24322 fps=837 q=36.0 size=N/A time=00:16:25.37 bitrate=N/A speed=33.9x    
[hls @ 0xaaaaf75d3b90] Opening '/config/cache/transcodes/edf608859dde27843f063c1721b96823337.mp4' for writing
[hls @ 0xaaaaf75d3b90] Opening '/config/cache/transcodes/edf608859dde27843f063c1721b96823338.mp4' for writing
[hls @ 0xaaaaf75d3b90] Opening '/config/cache/transcodes/edf608859dde27843f063c1721b96823339.mp4' for writing
[hls @ 0xaaaaf75d3b90] Opening '/config/cache/transcodes/edf608859dde27843f063c1721b96823340.mp4' for writing
[hls @ 0xaaaaf75d3b90] Opening '/config/cache/transcodes/edf608859dde27843f063c1721b96823341.mp4' for writing
[hls @ 0xaaaaf75d3b90] Opening '/config/cache/transcodes/edf608859dde27843f063c1721b96823342.mp4' for writing
frame=24718 fps=836 q=32.0 size=N/A time=00:16:41.87 bitrate=N/A speed=33.9x    
[hls @ 0xaaaaf75d3b90] Opening '/config/cache/transcodes/edf608859dde27843f063c1721b96823343.mp4' for writing
[hls @ 0xaaaaf75d3b90] Opening '/config/cache/transcodes/edf608859dde27843f063c1721b96823344.mp4' for writing
[hls @ 0xaaaaf75d3b90] Opening '/config/cache/transcodes/edf608859dde27843f063c1721b96823345.mp4' for writing
[hls @ 0xaaaaf75d3b90] Opening '/config/cache/transcodes/edf608859dde27843f063c1721b96823346.mp4' for writing
[hls @ 0xaaaaf75d3b90] Opening '/config/cache/transcodes/edf608859dde27843f063c1721b96823347.mp4' for writing
frame=25102 fps=835 q=28.0 size=N/A time=00:16:57.87 bitrate=N/A speed=33.9x    
[hls @ 0xaaaaf75d3b90] Opening '/config/cache/transcodes/edf608859dde27843f063c1721b96823348.mp4' for writing
[hls @ 0xaaaaf75d3b90] Opening '/config/cache/transcodes/edf608859dde27843f063c1721b96823349.mp4' for writing
[hls @ 0xaaaaf75d3b90] Opening '/config/cache/transcodes/edf608859dde27843f063c1721b96823350.mp4' for writing
[hls @ 0xaaaaf75d3b90] Opening '/config/cache/transcodes/edf608859dde27843f063c1721b96823351.mp4' for writing
[hls @ 0xaaaaf75d3b90] Opening '/config/cache/transcodes/edf608859dde27843f063c1721b96823352.mp4' for writing
[hls @ 0xaaaaf75d3b90] Opening '/config/cache/transcodes/edf608859dde27843f063c1721b96823353.mp4' for writing
frame=25509 fps=835 q=28.0 size=N/A time=00:17:14.83 bitrate=N/A speed=33.9x    
[hls @ 0xaaaaf75d3b90] Opening '/config/cache/transcodes/edf608859dde27843f063c1721b96823354.mp4' for writing
[hls @ 0xaaaaf75d3b90] Opening '/config/cache/transcodes/edf608859dde27843f063c1721b96823355.mp4' for writing
[hls @ 0xaaaaf75d3b90] Opening '/config/cache/transcodes/edf608859dde27843f063c1721b96823356.mp4' for writing
[hls @ 0xaaaaf75d3b90] Opening '/config/cache/transcodes/edf608859dde27843f063c1721b96823357.mp4' for writing
[hls @ 0xaaaaf75d3b90] Opening '/config/cache/transcodes/edf608859dde27843f063c1721b96823358.mp4' for writing
[hls @ 0xaaaaf75d3b90] Opening '/config/cache/transcodes/edf608859dde27843f063c1721b96823359.mp4' for writing
frame=25950 fps=835 q=28.0 size=N/A time=00:17:33.20 bitrate=N/A speed=33.9x    
[hls @ 0xaaaaf75d3b90] Opening '/config/cache/transcodes/edf608859dde27843f063c1721b96823360.mp4' for writing
[hls @ 0xaaaaf75d3b90] Opening '/config/cache/transcodes/edf608859dde27843f063c1721b96823361.mp4' for writing
[hls @ 0xaaaaf75d3b90] Opening '/config/cache/transcodes/edf608859dde27843f063c1721b96823362.mp4' for writing
[hls @ 0xaaaaf75d3b90] Opening '/config/cache/transcodes/edf608859dde27843f063c1721b96823363.mp4' for writing
[hls @ 0xaaaaf75d3b90] Opening '/config/cache/transcodes/edf608859dde27843f063c1721b96823364.mp4' for writing
[hls @ 0xaaaaf75d3b90] Opening '/config/cache/transcodes/edf608859dde27843f063c1721b96823365.mp4' for writing
frame=26410 fps=837 q=28.0 size=N/A time=00:17:52.37 bitrate=N/A speed=  34x    
[hls @ 0xaaaaf75d3b90] Opening '/config/cache/transcodes/edf608859dde27843f063c1721b96823366.mp4' for writing
[hls @ 0xaaaaf75d3b90] Opening '/config/cache/transcodes/edf608859dde27843f063c1721b96823367.mp4' for writing
[hls @ 0xaaaaf75d3b90] Opening '/config/cache/transcodes/edf608859dde27843f063c1721b96823368.mp4' for writing
[hls @ 0xaaaaf75d3b90] Opening '/config/cache/transcodes/edf608859dde27843f063c1721b96823369.mp4' for writing
[hls @ 0xaaaaf75d3b90] Opening '/config/cache/transcodes/edf608859dde27843f063c1721b96823370.mp4' for writing
[hls @ 0xaaaaf75d3b90] Opening '/config/cache/transcodes/edf608859dde27843f063c1721b96823371.mp4' for writing
frame=26837 fps=837 q=28.0 size=N/A time=00:18:10.16 bitrate=N/A speed=  34x    
[hls @ 0xaaaaf75d3b90] Opening '/config/cache/transcodes/edf608859dde27843f063c1721b96823372.mp4' for writing
[hls @ 0xaaaaf75d3b90] Opening '/config/cache/transcodes/edf608859dde27843f063c1721b96823373.mp4' for writing
[hls @ 0xaaaaf75d3b90] Opening '/config/cache/transcodes/edf608859dde27843f063c1721b96823374.mp4' for writing
[hls @ 0xaaaaf75d3b90] Opening '/config/cache/transcodes/edf608859dde27843f063c1721b96823375.mp4' for writing
[hls @ 0xaaaaf75d3b90] Opening '/config/cache/transcodes/edf608859dde27843f063c1721b96823376.mp4' for writing
[hls @ 0xaaaaf75d3b90] Opening '/config/cache/transcodes/edf608859dde27843f063c1721b96823377.mp4' for writing
frame=27236 fps=836 q=35.0 size=N/A time=00:18:26.83 bitrate=N/A speed=  34x    
[hls @ 0xaaaaf75d3b90] Opening '/config/cache/transcodes/edf608859dde27843f063c1721b96823378.mp4' for writing
[hls @ 0xaaaaf75d3b90] Opening '/config/cache/transcodes/edf608859dde27843f063c1721b96823379.mp4' for writing
[hls @ 0xaaaaf75d3b90] Opening '/config/cache/transcodes/edf608859dde27843f063c1721b96823380.mp4' for writing
[hls @ 0xaaaaf75d3b90] Opening '/config/cache/transcodes/edf608859dde27843f063c1721b96823381.mp4' for writing
[hls @ 0xaaaaf75d3b90] Opening '/config/cache/transcodes/edf608859dde27843f063c1721b96823382.mp4' for writing
frame=27624 fps=835 q=28.0 size=N/A time=00:18:42.95 bitrate=N/A speed=  34x    
[hls @ 0xaaaaf75d3b90] Opening '/config/cache/transcodes/edf608859dde27843f063c1721b96823383.mp4' for writing
[hls @ 0xaaaaf75d3b90] Opening '/config/cache/transcodes/edf608859dde27843f063c1721b96823384.mp4' for writing
[hls @ 0xaaaaf75d3b90] Opening '/config/cache/transcodes/edf608859dde27843f063c1721b96823385.mp4' for writing
[hls @ 0xaaaaf75d3b90] Opening '/config/cache/transcodes/edf608859dde27843f063c1721b96823386.mp4' for writing
[hls @ 0xaaaaf75d3b90] Opening '/config/cache/transcodes/edf608859dde27843f063c1721b96823387.mp4' for writing
frame=27940 fps=832 q=30.0 size=N/A time=00:18:56.12 bitrate=N/A speed=33.8x    
[hls @ 0xaaaaf75d3b90] Opening '/config/cache/transcodes/edf608859dde27843f063c1721b96823388.mp4' for writing
[hls @ 0xaaaaf75d3b90] Opening '/config/cache/transcodes/edf608859dde27843f063c1721b96823389.mp4' for writing
[hls @ 0xaaaaf75d3b90] Opening '/config/cache/transcodes/edf608859dde27843f063c1721b96823390.mp4' for writing
[hls @ 0xaaaaf75d3b90] Opening '/config/cache/transcodes/edf608859dde27843f063c1721b96823391.mp4' for writing
[hls @ 0xaaaaf75d3b90] Opening '/config/cache/transcodes/edf608859dde27843f063c1721b96823392.mp4' for writing
frame=28322 fps=831 q=28.0 size=N/A time=00:19:12.04 bitrate=N/A speed=33.8x    
[hls @ 0xaaaaf75d3b90] Opening '/config/cache/transcodes/edf608859dde27843f063c1721b96823393.mp4' for writing
[hls @ 0xaaaaf75d3b90] Opening '/config/cache/transcodes/edf608859dde27843f063c1721b96823394.mp4' for writing
[hls @ 0xaaaaf75d3b90] Opening '/config/cache/transcodes/edf608859dde27843f063c1721b96823395.mp4' for writing
[hls @ 0xaaaaf75d3b90] Opening '/config/cache/transcodes/edf608859dde27843f063c1721b96823396.mp4' for writing
[hls @ 0xaaaaf75d3b90] Opening '/config/cache/transcodes/edf608859dde27843f063c1721b96823397.mp4' for writing
[hls @ 0xaaaaf75d3b90] Opening '/config/cache/transcodes/edf608859dde27843f063c1721b96823398.mp4' for writing
frame=28739 fps=831 q=28.0 size=N/A time=00:19:29.41 bitrate=N/A speed=33.8x    
[hls @ 0xaaaaf75d3b90] Opening '/config/cache/transcodes/edf608859dde27843f063c1721b96823399.mp4' for writing
[hls @ 0xaaaaf75d3b90] Opening '/config/cache/transcodes/edf608859dde27843f063c1721b96823400.mp4' for writing
[hls @ 0xaaaaf75d3b90] Opening '/config/cache/transcodes/edf608859dde27843f063c1721b96823401.mp4' for writing
[hls @ 0xaaaaf75d3b90] Opening '/config/cache/transcodes/edf608859dde27843f063c1721b96823402.mp4' for writing
[hls @ 0xaaaaf75d3b90] Opening '/config/cache/transcodes/edf608859dde27843f063c1721b96823403.mp4' for writing
frame=29134 fps=831 q=30.0 size=N/A time=00:19:45.87 bitrate=N/A speed=33.8x    
[hls @ 0xaaaaf75d3b90] Opening '/config/cache/transcodes/edf608859dde27843f063c1721b96823404.mp4' for writing
[hls @ 0xaaaaf75d3b90] Opening '/config/cache/transcodes/edf608859dde27843f063c1721b96823405.mp4' for writing
[hls @ 0xaaaaf75d3b90] Opening '/config/cache/transcodes/edf608859dde27843f063c1721b96823406.mp4' for writing
[hls @ 0xaaaaf75d3b90] Opening '/config/cache/transcodes/edf608859dde27843f063c1721b96823407.mp4' for writing
[hls @ 0xaaaaf75d3b90] Opening '/config/cache/transcodes/edf608859dde27843f063c1721b96823408.mp4' for writing
[hls @ 0xaaaaf75d3b90] Opening '/config/cache/transcodes/edf608859dde27843f063c1721b96823409.mp4' for writing
frame=29554 fps=831 q=33.0 size=N/A time=00:20:03.37 bitrate=N/A speed=33.8x    
[hls @ 0xaaaaf75d3b90] Opening '/config/cache/transcodes/edf608859dde27843f063c1721b96823410.mp4' for writing
[hls @ 0xaaaaf75d3b90] Opening '/config/cache/transcodes/edf608859dde27843f063c1721b96823411.mp4' for writing
[hls @ 0xaaaaf75d3b90] Opening '/config/cache/transcodes/edf608859dde27843f063c1721b96823412.mp4' for writing
[hls @ 0xaaaaf75d3b90] Opening '/config/cache/transcodes/edf608859dde27843f063c1721b96823413.mp4' for writing
[hls @ 0xaaaaf75d3b90] Opening '/config/cache/transcodes/edf608859dde27843f063c1721b96823414.mp4' for writing
frame=29937 fps=830 q=32.0 size=N/A time=00:20:19.33 bitrate=N/A speed=33.8x    
[hls @ 0xaaaaf75d3b90] Opening '/config/cache/transcodes/edf608859dde27843f063c1721b96823415.mp4' for writing
[hls @ 0xaaaaf75d3b90] Opening '/config/cache/transcodes/edf608859dde27843f063c1721b96823416.mp4' for writing
[hls @ 0xaaaaf75d3b90] Opening '/config/cache/transcodes/edf608859dde27843f063c1721b96823417.mp4' for writing
[hls @ 0xaaaaf75d3b90] Opening '/config/cache/transcodes/edf608859dde27843f063c1721b96823418.mp4' for writing
[hls @ 0xaaaaf75d3b90] Opening '/config/cache/transcodes/edf608859dde27843f063c1721b96823419.mp4' for writing
[hls @ 0xaaaaf75d3b90] Opening '/config/cache/transcodes/edf608859dde27843f063c1721b96823420.mp4' for writing
frame=30328 fps=829 q=29.0 size=N/A time=00:20:35.62 bitrate=N/A speed=33.8x    
[hls @ 0xaaaaf75d3b90] Opening '/config/cache/transcodes/edf608859dde27843f063c1721b96823421.mp4' for writing
[hls @ 0xaaaaf75d3b90] Opening '/config/cache/transcodes/edf608859dde27843f063c1721b96823422.mp4' for writing
[hls @ 0xaaaaf75d3b90] Opening '/config/cache/transcodes/edf608859dde27843f063c1721b96823423.mp4' for writing
[hls @ 0xaaaaf75d3b90] Opening '/config/cache/transcodes/edf608859dde27843f063c1721b96823424.mp4' for writing
[hls @ 0xaaaaf75d3b90] Opening '/config/cache/transcodes/edf608859dde27843f063c1721b96823425.mp4' for writing
[hls @ 0xaaaaf75d3b90] Opening '/config/cache/transcodes/edf608859dde27843f063c1721b96823426.mp4' for writing
frame=30768 fps=830 q=28.0 size=N/A time=00:20:53.95 bitrate=N/A speed=33.8x    
[hls @ 0xaaaaf75d3b90] Opening '/config/cache/transcodes/edf608859dde27843f063c1721b96823427.mp4' for writing
[hls @ 0xaaaaf75d3b90] Opening '/config/cache/transcodes/edf608859dde27843f063c1721b96823428.mp4' for writing
[hls @ 0xaaaaf75d3b90] Opening '/config/cache/transcodes/edf608859dde27843f063c1721b96823429.mp4' for writing
[hls @ 0xaaaaf75d3b90] Opening '/config/cache/transcodes/edf608859dde27843f063c1721b96823430.mp4' for writing
[hls @ 0xaaaaf75d3b90] Opening '/config/cache/transcodes/edf608859dde27843f063c1721b96823431.mp4' for writing
frame=31154 fps=829 q=28.0 size=N/A time=00:21:10.04 bitrate=N/A speed=33.8x    
[hls @ 0xaaaaf75d3b90] Opening '/config/cache/transcodes/edf608859dde27843f063c1721b96823432.mp4' for writing
[hls @ 0xaaaaf75d3b90] Opening '/config/cache/transcodes/edf608859dde27843f063c1721b96823433.mp4' for writing
[hls @ 0xaaaaf75d3b90] Opening '/config/cache/transcodes/edf608859dde27843f063c1721b96823434.mp4' for writing
[hls @ 0xaaaaf75d3b90] Opening '/config/cache/transcodes/edf608859dde27843f063c1721b96823435.mp4' for writing
[hls @ 0xaaaaf75d3b90] Opening '/config/cache/transcodes/edf608859dde27843f063c1721b96823436.mp4' for writing
[hls @ 0xaaaaf75d3b90] Opening '/config/cache/transcodes/edf608859dde27843f063c1721b96823437.mp4' for writing
frame=31602 fps=830 q=28.0 size=N/A time=00:21:28.75 bitrate=N/A speed=33.8x    
[hls @ 0xaaaaf75d3b90] Opening '/config/cache/transcodes/edf608859dde27843f063c1721b96823438.mp4' for writing
[hls @ 0xaaaaf75d3b90] Opening '/config/cache/transcodes/edf608859dde27843f063c1721b96823439.mp4' for writing
[hls @ 0xaaaaf75d3b90] Opening '/config/cache/transcodes/edf608859dde27843f063c1721b96823440.mp4' for writing
[hls @ 0xaaaaf75d3b90] Opening '/config/cache/transcodes/edf608859dde27843f063c1721b96823441.mp4' for writing
[hls @ 0xaaaaf75d3b90] Opening '/config/cache/transcodes/edf608859dde27843f063c1721b96823442.mp4' for writing
frame=31927 fps=828 q=37.0 size=N/A time=00:21:42.25 bitrate=N/A speed=33.8x    
[hls @ 0xaaaaf75d3b90] Opening '/config/cache/transcodes/edf608859dde27843f063c1721b96823443.mp4' for writing
[hls @ 0xaaaaf75d3b90] Opening '/config/cache/transcodes/edf608859dde27843f063c1721b96823444.mp4' for writing
[hls @ 0xaaaaf75d3b90] Opening '/config/cache/transcodes/edf608859dde27843f063c1721b96823445.mp4' for writing
[hls @ 0xaaaaf75d3b90] Opening '/config/cache/transcodes/edf608859dde27843f063c1721b96823446.mp4' for writing
frame=32256 fps=825 q=35.0 size=N/A time=00:21:55.95 bitrate=N/A speed=33.7x    
[hls @ 0xaaaaf75d3b90] Opening '/config/cache/transcodes/edf608859dde27843f063c1721b96823447.mp4' for writing
[hls @ 0xaaaaf75d3b90] Opening '/config/cache/transcodes/edf608859dde27843f063c1721b96823448.mp4' for writing
[hls @ 0xaaaaf75d3b90] Opening '/config/cache/transcodes/edf608859dde27843f063c1721b96823449.mp4' for writing
[hls @ 0xaaaaf75d3b90] Opening '/config/cache/transcodes/edf608859dde27843f063c1721b96823450.mp4' for writing
[hls @ 0xaaaaf75d3b90] Opening '/config/cache/transcodes/edf608859dde27843f063c1721b96823451.mp4' for writing
[hls @ 0xaaaaf75d3b90] Opening '/config/cache/transcodes/edf608859dde27843f063c1721b96823452.mp4' for writing
frame=32641 fps=825 q=28.0 size=N/A time=00:22:12.00 bitrate=N/A speed=33.7x    
[hls @ 0xaaaaf75d3b90] Opening '/config/cache/transcodes/edf608859dde27843f063c1721b96823453.mp4' for writing
[hls @ 0xaaaaf75d3b90] Opening '/config/cache/transcodes/edf608859dde27843f063c1721b96823454.mp4' for writing
[hls @ 0xaaaaf75d3b90] Opening '/config/cache/transcodes/edf608859dde27843f063c1721b96823455.mp4' for writing
[hls @ 0xaaaaf75d3b90] Opening '/config/cache/transcodes/edf608859dde27843f063c1721b96823456.mp4' for writing
[hls @ 0xaaaaf75d3b90] Opening '/config/cache/transcodes/edf608859dde27843f063c1721b96823457.mp4' for writing
[hls @ 0xaaaaf75d3b90] Opening '/config/cache/transcodes/edf608859dde27843f063c1721b96823458.mp4' for writing
frame=33061 fps=825 q=29.0 size=N/A time=00:22:29.50 bitrate=N/A speed=33.7x    
[hls @ 0xaaaaf75d3b90] Opening '/config/cache/transcodes/edf608859dde27843f063c1721b96823459.mp4' for writing
[hls @ 0xaaaaf75d3b90] Opening '/config/cache/transcodes/edf608859dde27843f063c1721b96823460.mp4' for writing
[hls @ 0xaaaaf75d3b90] Opening '/config/cache/transcodes/edf608859dde27843f063c1721b96823461.mp4' for writing
[hls @ 0xaaaaf75d3b90] Opening '/config/cache/transcodes/edf608859dde27843f063c1721b96823462.mp4' for writing
[hls @ 0xaaaaf75d3b90] Opening '/config/cache/transcodes/edf608859dde27843f063c1721b96823463.mp4' for writing
[hls @ 0xaaaaf75d3b90] Opening '/config/cache/transcodes/edf608859dde27843f063c1721b96823464.mp4' for writing
frame=33528 fps=826 q=28.0 size=N/A time=00:22:48.95 bitrate=N/A speed=33.7x    
[hls @ 0xaaaaf75d3b90] Opening '/config/cache/transcodes/edf608859dde27843f063c1721b96823465.mp4' for writing
[hls @ 0xaaaaf75d3b90] Opening '/config/cache/transcodes/edf608859dde27843f063c1721b96823466.mp4' for writing
[hls @ 0xaaaaf75d3b90] Opening '/config/cache/transcodes/edf608859dde27843f063c1721b96823467.mp4' for writing
[hls @ 0xaaaaf75d3b90] Opening '/config/cache/transcodes/edf608859dde27843f063c1721b96823468.mp4' for writing
[hls @ 0xaaaaf75d3b90] Opening '/config/cache/transcodes/edf608859dde27843f063c1721b96823469.mp4' for writing
frame=33900 fps=825 q=40.0 size=N/A time=00:23:04.45 bitrate=N/A speed=33.7x    
[hls @ 0xaaaaf75d3b90] Opening '/config/cache/transcodes/edf608859dde27843f063c1721b96823470.mp4' for writing
[hls @ 0xaaaaf75d3b90] Opening '/config/cache/transcodes/edf608859dde27843f063c1721b96823471.mp4' for writing
[hls @ 0xaaaaf75d3b90] Opening '/config/cache/transcodes/edf608859dde27843f063c1721b96823472.mp4' for writing
[hls @ 0xaaaaf75d3b90] Opening '/config/cache/transcodes/edf608859dde27843f063c1721b96823473.mp4' for writing
[hls @ 0xaaaaf75d3b90] Opening '/config/cache/transcodes/edf608859dde27843f063c1721b96823474.mp4' for writing
[hls @ 0xaaaaf75d3b90] Opening '/config/cache/transcodes/edf608859dde27843f063c1721b96823475.mp4' for writing
frame=34282 fps=824 q=31.0 size=N/A time=00:23:20.37 bitrate=N/A speed=33.7x    
[hls @ 0xaaaaf75d3b90] Opening '/config/cache/transcodes/edf608859dde27843f063c1721b96823476.mp4' for writing
[hls @ 0xaaaaf75d3b90] Opening '/config/cache/transcodes/edf608859dde27843f063c1721b96823477.mp4' for writing
[hls @ 0xaaaaf75d3b90] Opening '/config/cache/transcodes/edf608859dde27843f063c1721b96823478.mp4' for writing
[hls @ 0xaaaaf75d3b90] Opening '/config/cache/transcodes/edf608859dde27843f063c1721b96823479.mp4' for writing
frame=34628 fps=823 q=36.0 size=N/A time=00:23:34.79 bitrate=N/A speed=33.6x    
[hls @ 0xaaaaf75d3b90] Opening '/config/cache/transcodes/edf608859dde27843f063c1721b96823480.mp4' for writing
[hls @ 0xaaaaf75d3b90] Opening '/config/cache/transcodes/edf608859dde27843f063c1721b96823481.mp4' for writing
[hls @ 0xaaaaf75d3b90] Opening '/config/cache/transcodes/edf608859dde27843f063c1721b96823482.mp4' for writing
[hls @ 0xaaaaf75d3b90] Opening '/config/cache/transcodes/edf608859dde27843f063c1721b96823483.mp4' for writing
[hls @ 0xaaaaf75d3b90] Opening '/config/cache/transcodes/edf608859dde27843f063c1721b96823484.mp4' for writing
[hls @ 0xaaaaf75d3b90] Opening '/config/cache/transcodes/edf608859dde27843f063c1721b96823485.mp4' for writing
frame=34997 fps=822 q=28.0 size=N/A time=00:23:50.16 bitrate=N/A speed=33.6x    
[hls @ 0xaaaaf75d3b90] Opening '/config/cache/transcodes/edf608859dde27843f063c1721b96823486.mp4' for writing
[hls @ 0xaaaaf75d3b90] Opening '/config/cache/transcodes/edf608859dde27843f063c1721b96823487.mp4' for writing
[hls @ 0xaaaaf75d3b90] Opening '/config/cache/transcodes/edf608859dde27843f063c1721b96823488.mp4' for writing
[hls @ 0xaaaaf75d3b90] Opening '/config/cache/transcodes/edf608859dde27843f063c1721b96823489.mp4' for writing
[hls @ 0xaaaaf75d3b90] Opening '/config/cache/transcodes/edf608859dde27843f063c1721b96823490.mp4' for writing
frame=35376 fps=821 q=28.0 size=N/A time=00:24:05.95 bitrate=N/A speed=33.6x    
[hls @ 0xaaaaf75d3b90] Opening '/config/cache/transcodes/edf608859dde27843f063c1721b96823491.mp4' for writing
[hls @ 0xaaaaf75d3b90] Opening '/config/cache/transcodes/edf608859dde27843f063c1721b96823492.mp4' for writing
[hls @ 0xaaaaf75d3b90] Opening '/config/cache/transcodes/edf608859dde27843f063c1721b96823493.mp4' for writing
[hls @ 0xaaaaf75d3b90] Opening '/config/cache/transcodes/edf608859dde27843f063c1721b96823494.mp4' for writing
[hls @ 0xaaaaf75d3b90] Opening '/config/cache/transcodes/edf608859dde27843f063c1721b96823495.mp4' for writing
frame=35747 fps=820 q=28.0 size=N/A time=00:24:21.41 bitrate=N/A speed=33.5x    
[hls @ 0xaaaaf75d3b90] Opening '/config/cache/transcodes/edf608859dde27843f063c1721b96823496.mp4' for writing
[hls @ 0xaaaaf75d3b90] Opening '/config/cache/transcodes/edf608859dde27843f063c1721b96823497.mp4' for writing
[hls @ 0xaaaaf75d3b90] Opening '/config/cache/transcodes/edf608859dde27843f063c1721b96823498.mp4' for writing
[hls @ 0xaaaaf75d3b90] Opening '/config/cache/transcodes/edf608859dde27843f063c1721b96823499.mp4' for writing
frame=36067 fps=818 q=29.0 size=N/A time=00:24:34.75 bitrate=N/A speed=33.4x    
[hls @ 0xaaaaf75d3b90] Opening '/config/cache/transcodes/edf608859dde27843f063c1721b96823500.mp4' for writing
[hls @ 0xaaaaf75d3b90] Opening '/config/cache/transcodes/edf608859dde27843f063c1721b96823501.mp4' for writing
[hls @ 0xaaaaf75d3b90] Opening '/config/cache/transcodes/edf608859dde27843f063c1721b96823502.mp4' for writing
[hls @ 0xaaaaf75d3b90] Opening '/config/cache/transcodes/edf608859dde27843f063c1721b96823503.mp4' for writing
[hls @ 0xaaaaf75d3b90] Opening '/config/cache/transcodes/edf608859dde27843f063c1721b96823504.mp4' for writing
[hls @ 0xaaaaf75d3b90] Opening '/config/cache/transcodes/edf608859dde27843f063c1721b96823505.mp4' for writing
frame=36493 fps=818 q=28.0 size=N/A time=00:24:52.50 bitrate=N/A speed=33.5x    
[hls @ 0xaaaaf75d3b90] Opening '/config/cache/transcodes/edf608859dde27843f063c1721b96823506.mp4' for writing
[hls @ 0xaaaaf75d3b90] Opening '/config/cache/transcodes/edf608859dde27843f063c1721b96823507.mp4' for writing
[hls @ 0xaaaaf75d3b90] Opening '/config/cache/transcodes/edf608859dde27843f063c1721b96823508.mp4' for writing
[hls @ 0xaaaaf75d3b90] Opening '/config/cache/transcodes/edf608859dde27843f063c1721b96823509.mp4' for writing
[hls @ 0xaaaaf75d3b90] Opening '/config/cache/transcodes/edf608859dde27843f063c1721b96823510.mp4' for writing
[hls @ 0xaaaaf75d3b90] Opening '/config/cache/transcodes/edf608859dde27843f063c1721b96823511.mp4' for writing
[hls @ 0xaaaaf75d3b90] Opening '/config/cache/transcodes/edf608859dde27843f063c1721b96823512.mp4' for writing
frame=36942 fps=819 q=28.0 size=N/A time=00:25:11.20 bitrate=N/A speed=33.5x    
[hls @ 0xaaaaf75d3b90] Opening '/config/cache/transcodes/edf608859dde27843f063c1721b96823513.mp4' for writing
[hls @ 0xaaaaf75d3b90] Opening '/config/cache/transcodes/edf608859dde27843f063c1721b96823514.mp4' for writing
[hls @ 0xaaaaf75d3b90] Opening '/config/cache/transcodes/edf608859dde27843f063c1721b96823515.mp4' for writing
[hls @ 0xaaaaf75d3b90] Opening '/config/cache/transcodes/edf608859dde27843f063c1721b96823516.mp4' for writing
[hls @ 0xaaaaf75d3b90] Opening '/config/cache/transcodes/edf608859dde27843f063c1721b96823517.mp4' for writing
[hls @ 0xaaaaf75d3b90] Opening '/config/cache/transcodes/edf608859dde27843f063c1721b96823518.mp4' for writing
frame=37403 fps=820 q=33.0 size=N/A time=00:25:30.41 bitrate=N/A speed=33.6x    
[hls @ 0xaaaaf75d3b90] Opening '/config/cache/transcodes/edf608859dde27843f063c1721b96823519.mp4' for writing
[hls @ 0xaaaaf75d3b90] Opening '/config/cache/transcodes/edf608859dde27843f063c1721b96823520.mp4' for writing
[hls @ 0xaaaaf75d3b90] Opening '/config/cache/transcodes/edf608859dde27843f063c1721b96823521.mp4' for writing
[hls @ 0xaaaaf75d3b90] Opening '/config/cache/transcodes/edf608859dde27843f063c1721b96823522.mp4' for writing
[hls @ 0xaaaaf75d3b90] Opening '/config/cache/transcodes/edf608859dde27843f063c1721b96823523.mp4' for writing
[hls @ 0xaaaaf75d3b90] Opening '/config/cache/transcodes/edf608859dde27843f063c1721b96823524.mp4' for writing
frame=37859 fps=821 q=28.0 size=N/A time=00:25:49.41 bitrate=N/A speed=33.6x    
[hls @ 0xaaaaf75d3b90] Opening '/config/cache/transcodes/edf608859dde27843f063c1721b96823525.mp4' for writing
[hls @ 0xaaaaf75d3b90] Opening '/config/cache/transcodes/edf608859dde27843f063c1721b96823526.mp4' for writing
[hls @ 0xaaaaf75d3b90] Opening '/config/cache/transcodes/edf608859dde27843f063c1721b96823527.mp4' for writing
[hls @ 0xaaaaf75d3b90] Opening '/config/cache/transcodes/edf608859dde27843f063c1721b96823528.mp4' for writing
[hls @ 0xaaaaf75d3b90] Opening '/config/cache/transcodes/edf608859dde27843f063c1721b96823529.mp4' for writing
[hls @ 0xaaaaf75d3b90] Opening '/config/cache/transcodes/edf608859dde27843f063c1721b96823530.mp4' for writing
[hls @ 0xaaaaf75d3b90] Opening '/config/cache/transcodes/edf608859dde27843f063c1721b96823531.mp4' for writing
frame=38322 fps=822 q=28.0 size=N/A time=00:26:08.70 bitrate=N/A speed=33.7x    
[hls @ 0xaaaaf75d3b90] Opening '/config/cache/transcodes/edf608859dde27843f063c1721b96823532.mp4' for writing
[hls @ 0xaaaaf75d3b90] Opening '/config/cache/transcodes/edf608859dde27843f063c1721b96823533.mp4' for writing
[hls @ 0xaaaaf75d3b90] Opening '/config/cache/transcodes/edf608859dde27843f063c1721b96823534.mp4' for writing
[hls @ 0xaaaaf75d3b90] Opening '/config/cache/transcodes/edf608859dde27843f063c1721b96823535.mp4' for writing
[hls @ 0xaaaaf75d3b90] Opening '/config/cache/transcodes/edf608859dde27843f063c1721b96823536.mp4' for writing
[hls @ 0xaaaaf75d3b90] Opening '/config/cache/transcodes/edf608859dde27843f063c1721b96823537.mp4' for writing
frame=38800 fps=824 q=28.0 size=N/A time=00:26:28.62 bitrate=N/A speed=33.7x    
[hls @ 0xaaaaf75d3b90] Opening '/config/cache/transcodes/edf608859dde27843f063c1721b96823538.mp4' for writing
[hls @ 0xaaaaf75d3b90] Opening '/config/cache/transcodes/edf608859dde27843f063c1721b96823539.mp4' for writing
[hls @ 0xaaaaf75d3b90] Opening '/config/cache/transcodes/edf608859dde27843f063c1721b96823540.mp4' for writing
[hls @ 0xaaaaf75d3b90] Opening '/config/cache/transcodes/edf608859dde27843f063c1721b96823541.mp4' for writing
[hls @ 0xaaaaf75d3b90] Opening '/config/cache/transcodes/edf608859dde27843f063c1721b96823542.mp4' for writing
[hls @ 0xaaaaf75d3b90] Opening '/config/cache/transcodes/edf608859dde27843f063c1721b96823543.mp4' for writing
[hls @ 0xaaaaf75d3b90] Opening '/config/cache/transcodes/edf608859dde27843f063c1721b96823544.mp4' for writing
frame=39271 fps=825 q=28.0 size=N/A time=00:26:48.25 bitrate=N/A speed=33.8x    
[hls @ 0xaaaaf75d3b90] Opening '/config/cache/transcodes/edf608859dde27843f063c1721b96823545.mp4' for writing
[hls @ 0xaaaaf75d3b90] Opening '/config/cache/transcodes/edf608859dde27843f063c1721b96823546.mp4' for writing
[hls @ 0xaaaaf75d3b90] Opening '/config/cache/transcodes/edf608859dde27843f063c1721b96823547.mp4' for writing
[hls @ 0xaaaaf75d3b90] Opening '/config/cache/transcodes/edf608859dde27843f063c1721b96823548.mp4' for writing
[hls @ 0xaaaaf75d3b90] Opening '/config/cache/transcodes/edf608859dde27843f063c1721b96823549.mp4' for writing
[hls @ 0xaaaaf75d3b90] Opening '/config/cache/transcodes/edf608859dde27843f063c1721b96823550.mp4' for writing
frame=39731 fps=826 q=28.0 size=N/A time=00:27:07.41 bitrate=N/A speed=33.8x    
[hls @ 0xaaaaf75d3b90] Opening '/config/cache/transcodes/edf608859dde27843f063c1721b96823551.mp4' for writing
[hls @ 0xaaaaf75d3b90] Opening '/config/cache/transcodes/edf608859dde27843f063c1721b96823552.mp4' for writing
[hls @ 0xaaaaf75d3b90] Opening '/config/cache/transcodes/edf608859dde27843f063c1721b96823553.mp4' for writing
[hls @ 0xaaaaf75d3b90] Opening '/config/cache/transcodes/edf608859dde27843f063c1721b96823554.mp4' for writing
[hls @ 0xaaaaf75d3b90] Opening '/config/cache/transcodes/edf608859dde27843f063c1721b96823555.mp4' for writing
[hls @ 0xaaaaf75d3b90] Opening '/config/cache/transcodes/edf608859dde27843f063c1721b96823556.mp4' for writing
frame=40176 fps=827 q=28.0 size=N/A time=00:27:25.95 bitrate=N/A speed=33.9x    
[hls @ 0xaaaaf75d3b90] Opening '/config/cache/transcodes/edf608859dde27843f063c1721b96823557.mp4' for writing
[hls @ 0xaaaaf75d3b90] Opening '/config/cache/transcodes/edf608859dde27843f063c1721b96823558.mp4' for writing
[hls @ 0xaaaaf75d3b90] Opening '/config/cache/transcodes/edf608859dde27843f063c1721b96823559.mp4' for writing
[hls @ 0xaaaaf75d3b90] Opening '/config/cache/transcodes/edf608859dde27843f063c1721b96823560.mp4' for writing
[hls @ 0xaaaaf75d3b90] Opening '/config/cache/transcodes/edf608859dde27843f063c1721b96823561.mp4' for writing
[hls @ 0xaaaaf75d3b90] Opening '/config/cache/transcodes/edf608859dde27843f063c1721b96823562.mp4' for writing
frame=40602 fps=827 q=29.0 size=N/A time=00:27:43.70 bitrate=N/A speed=33.9x    
[hls @ 0xaaaaf75d3b90] Opening '/config/cache/transcodes/edf608859dde27843f063c1721b96823563.mp4' for writing
[hls @ 0xaaaaf75d3b90] Opening '/config/cache/transcodes/edf608859dde27843f063c1721b96823564.mp4' for writing
[hls @ 0xaaaaf75d3b90] Opening '/config/cache/transcodes/edf608859dde27843f063c1721b96823565.mp4' for writing
[hls @ 0xaaaaf75d3b90] Opening '/config/cache/transcodes/edf608859dde27843f063c1721b96823566.mp4' for writing
[hls @ 0xaaaaf75d3b90] Opening '/config/cache/transcodes/edf608859dde27843f063c1721b96823567.mp4' for writing
[hls @ 0xaaaaf75d3b90] Opening '/config/cache/transcodes/edf608859dde27843f063c1721b96823568.mp4' for writing
frame=41035 fps=827 q=28.0 size=N/A time=00:28:01.75 bitrate=N/A speed=33.9x    
[hls @ 0xaaaaf75d3b90] Opening '/config/cache/transcodes/edf608859dde27843f063c1721b96823569.mp4' for writing
[hls @ 0xaaaaf75d3b90] Opening '/config/cache/transcodes/edf608859dde27843f063c1721b96823570.mp4' for writing
[hls @ 0xaaaaf75d3b90] Opening '/config/cache/transcodes/edf608859dde27843f063c1721b96823571.mp4' for writing
[hls @ 0xaaaaf75d3b90] Opening '/config/cache/transcodes/edf608859dde27843f063c1721b96823572.mp4' for writing
[hls @ 0xaaaaf75d3b90] Opening '/config/cache/transcodes/edf608859dde27843f063c1721b96823573.mp4' for writing
[hls @ 0xaaaaf75d3b90] Opening '/config/cache/transcodes/edf608859dde27843f063c1721b96823574.mp4' for writing
frame=41405 fps=826 q=28.0 size=N/A time=00:28:17.16 bitrate=N/A speed=33.9x    
[hls @ 0xaaaaf75d3b90] Opening '/config/cache/transcodes/edf608859dde27843f063c1721b96823575.mp4' for writing
[hls @ 0xaaaaf75d3b90] Opening '/config/cache/transcodes/edf608859dde27843f063c1721b96823576.mp4' for writing
[hls @ 0xaaaaf75d3b90] Opening '/config/cache/transcodes/edf608859dde27843f063c1721b96823577.mp4' for writing
[hls @ 0xaaaaf75d3b90] Opening '/config/cache/transcodes/edf608859dde27843f063c1721b96823578.mp4' for writing
[hls @ 0xaaaaf75d3b90] Opening '/config/cache/transcodes/edf608859dde27843f063c1721b96823579.mp4' for writing
frame=41784 fps=826 q=28.0 size=N/A time=00:28:33.04 bitrate=N/A speed=33.9x    
[hls @ 0xaaaaf75d3b90] Opening '/config/cache/transcodes/edf608859dde27843f063c1721b96823580.mp4' for writing
[hls @ 0xaaaaf75d3b90] Opening '/config/cache/transcodes/edf608859dde27843f063c1721b96823581.mp4' for writing
[hls @ 0xaaaaf75d3b90] Opening '/config/cache/transcodes/edf608859dde27843f063c1721b96823582.mp4' for writing
[hls @ 0xaaaaf75d3b90] Opening '/config/cache/transcodes/edf608859dde27843f063c1721b96823583.mp4' for writing
[hls @ 0xaaaaf75d3b90] Opening '/config/cache/transcodes/edf608859dde27843f063c1721b96823584.mp4' for writing
frame=42146 fps=825 q=31.0 size=N/A time=00:28:48.04 bitrate=N/A speed=33.8x    
[hls @ 0xaaaaf75d3b90] Opening '/config/cache/transcodes/edf608859dde27843f063c1721b96823585.mp4' for writing
[hls @ 0xaaaaf75d3b90] Opening '/config/cache/transcodes/edf608859dde27843f063c1721b96823586.mp4' for writing
[hls @ 0xaaaaf75d3b90] Opening '/config/cache/transcodes/edf608859dde27843f063c1721b96823587.mp4' for writing
[hls @ 0xaaaaf75d3b90] Opening '/config/cache/transcodes/edf608859dde27843f063c1721b96823588.mp4' for writing
[hls @ 0xaaaaf75d3b90] Opening '/config/cache/transcodes/edf608859dde27843f063c1721b96823589.mp4' for writing
frame=42530 fps=824 q=35.0 size=N/A time=00:29:04.04 bitrate=N/A speed=33.8x    
[hls @ 0xaaaaf75d3b90] Opening '/config/cache/transcodes/edf608859dde27843f063c1721b96823590.mp4' for writing
[hls @ 0xaaaaf75d3b90] Opening '/config/cache/transcodes/edf608859dde27843f063c1721b96823591.mp4' for writing
[hls @ 0xaaaaf75d3b90] Opening '/config/cache/transcodes/edf608859dde27843f063c1721b96823592.mp4' for writing
[hls @ 0xaaaaf75d3b90] Opening '/config/cache/transcodes/edf608859dde27843f063c1721b96823593.mp4' for writing
[hls @ 0xaaaaf75d3b90] Opening '/config/cache/transcodes/edf608859dde27843f063c1721b96823594.mp4' for writing
frame=42910 fps=823 q=32.0 size=N/A time=00:29:19.87 bitrate=N/A speed=33.8x    
[hls @ 0xaaaaf75d3b90] Opening '/config/cache/transcodes/edf608859dde27843f063c1721b96823595.mp4' for writing
[hls @ 0xaaaaf75d3b90] Opening '/config/cache/transcodes/edf608859dde27843f063c1721b96823596.mp4' for writing
[hls @ 0xaaaaf75d3b90] Opening '/config/cache/transcodes/edf608859dde27843f063c1721b96823597.mp4' for writing
[hls @ 0xaaaaf75d3b90] Opening '/config/cache/transcodes/edf608859dde27843f063c1721b96823598.mp4' for writing
[hls @ 0xaaaaf75d3b90] Opening '/config/cache/transcodes/edf608859dde27843f063c1721b96823599.mp4' for writing
[hls @ 0xaaaaf75d3b90] Opening '/config/cache/transcodes/edf608859dde27843f063c1721b96823600.mp4' for writing
frame=43304 fps=823 q=32.0 size=N/A time=00:29:36.29 bitrate=N/A speed=33.8x    
[hls @ 0xaaaaf75d3b90] Opening '/config/cache/transcodes/edf608859dde27843f063c1721b96823601.mp4' for writing
[hls @ 0xaaaaf75d3b90] Opening '/config/cache/transcodes/edf608859dde27843f063c1721b96823602.mp4' for writing
[hls @ 0xaaaaf75d3b90] Opening '/config/cache/transcodes/edf608859dde27843f063c1721b96823603.mp4' for writing
[hls @ 0xaaaaf75d3b90] Opening '/config/cache/transcodes/edf608859dde27843f063c1721b96823604.mp4' for writing
[hls @ 0xaaaaf75d3b90] Opening '/config/cache/transcodes/edf608859dde27843f063c1721b96823605.mp4' for writing
frame=43667 fps=822 q=34.0 size=N/A time=00:29:51.45 bitrate=N/A speed=33.7x    
[hls @ 0xaaaaf75d3b90] Opening '/config/cache/transcodes/edf608859dde27843f063c1721b96823606.mp4' for writing
[hls @ 0xaaaaf75d3b90] Opening '/config/cache/transcodes/edf608859dde27843f063c1721b96823607.mp4' for writing
[hls @ 0xaaaaf75d3b90] Opening '/config/cache/transcodes/edf608859dde27843f063c1721b96823608.mp4' for writing
[hls @ 0xaaaaf75d3b90] Opening '/config/cache/transcodes/edf608859dde27843f063c1721b96823609.mp4' for writing
[hls @ 0xaaaaf75d3b90] Opening '/config/cache/transcodes/edf608859dde27843f063c1721b96823610.mp4' for writing
frame=44058 fps=822 q=28.0 size=N/A time=00:30:07.70 bitrate=N/A speed=33.7x    
[hls @ 0xaaaaf75d3b90] Opening '/config/cache/transcodes/edf608859dde27843f063c1721b96823611.mp4' for writing
[hls @ 0xaaaaf75d3b90] Opening '/config/cache/transcodes/edf608859dde27843f063c1721b96823612.mp4' for writing
[hls @ 0xaaaaf75d3b90] Opening '/config/cache/transcodes/edf608859dde27843f063c1721b96823613.mp4' for writing
[hls @ 0xaaaaf75d3b90] Opening '/config/cache/transcodes/edf608859dde27843f063c1721b96823614.mp4' for writing
[hls @ 0xaaaaf75d3b90] Opening '/config/cache/transcodes/edf608859dde27843f063c1721b96823615.mp4' for writing
[hls @ 0xaaaaf75d3b90] Opening '/config/cache/transcodes/edf608859dde27843f063c1721b96823616.mp4' for writing
frame=44466 fps=822 q=28.0 size=N/A time=00:30:24.70 bitrate=N/A speed=33.7x    
[hls @ 0xaaaaf75d3b90] Opening '/config/cache/transcodes/edf608859dde27843f063c1721b96823617.mp4' for writing
[hls @ 0xaaaaf75d3b90] Opening '/config/cache/transcodes/edf608859dde27843f063c1721b96823618.mp4' for writing
[hls @ 0xaaaaf75d3b90] Opening '/config/cache/transcodes/edf608859dde27843f063c1721b96823619.mp4' for writing
[hls @ 0xaaaaf75d3b90] Opening '/config/cache/transcodes/edf608859dde27843f063c1721b96823620.mp4' for writing
[hls @ 0xaaaaf75d3b90] Opening '/config/cache/transcodes/edf608859dde27843f063c1721b96823621.mp4' for writing
[hls @ 0xaaaaf75d3b90] Opening '/config/cache/transcodes/edf608859dde27843f063c1721b96823622.mp4' for writing
frame=44886 fps=822 q=28.0 size=N/A time=00:30:42.20 bitrate=N/A speed=33.7x    
[hls @ 0xaaaaf75d3b90] Opening '/config/cache/transcodes/edf608859dde27843f063c1721b96823623.mp4' for writing
[hls @ 0xaaaaf75d3b90] Opening '/config/cache/transcodes/edf608859dde27843f063c1721b96823624.mp4' for writing
[hls @ 0xaaaaf75d3b90] Opening '/config/cache/transcodes/edf608859dde27843f063c1721b96823625.mp4' for writing
[hls @ 0xaaaaf75d3b90] Opening '/config/cache/transcodes/edf608859dde27843f063c1721b96823626.mp4' for writing
[hls @ 0xaaaaf75d3b90] Opening '/config/cache/transcodes/edf608859dde27843f063c1721b96823627.mp4' for writing
[hls @ 0xaaaaf75d3b90] Opening '/config/cache/transcodes/edf608859dde27843f063c1721b96823628.mp4' for writing
frame=45330 fps=822 q=28.0 size=N/A time=00:31:00.70 bitrate=N/A speed=33.8x    
[hls @ 0xaaaaf75d3b90] Opening '/config/cache/transcodes/edf608859dde27843f063c1721b96823629.mp4' for writing
[hls @ 0xaaaaf75d3b90] Opening '/config/cache/transcodes/edf608859dde27843f063c1721b96823630.mp4' for writing
[hls @ 0xaaaaf75d3b90] Opening '/config/cache/transcodes/edf608859dde27843f063c1721b96823631.mp4' for writing
[hls @ 0xaaaaf75d3b90] Opening '/config/cache/transcodes/edf608859dde27843f063c1721b96823632.mp4' for writing
[hls @ 0xaaaaf75d3b90] Opening '/config/cache/transcodes/edf608859dde27843f063c1721b96823633.mp4' for writing
[hls @ 0xaaaaf75d3b90] Opening '/config/cache/transcodes/edf608859dde27843f063c1721b96823634.mp4' for writing
frame=45754 fps=823 q=28.0 size=N/A time=00:31:18.37 bitrate=N/A speed=33.8x    
[hls @ 0xaaaaf75d3b90] Opening '/config/cache/transcodes/edf608859dde27843f063c1721b96823635.mp4' for writing
[hls @ 0xaaaaf75d3b90] Opening '/config/cache/transcodes/edf608859dde27843f063c1721b96823636.mp4' for writing
[hls @ 0xaaaaf75d3b90] Opening '/config/cache/transcodes/edf608859dde27843f063c1721b96823637.mp4' for writing
[hls @ 0xaaaaf75d3b90] Opening '/config/cache/transcodes/edf608859dde27843f063c1721b96823638.mp4' for writing
frame=46064 fps=821 q=36.0 size=N/A time=00:31:31.29 bitrate=N/A speed=33.7x    
[hls @ 0xaaaaf75d3b90] Opening '/config/cache/transcodes/edf608859dde27843f063c1721b96823639.mp4' for writing
[hls @ 0xaaaaf75d3b90] Opening '/config/cache/transcodes/edf608859dde27843f063c1721b96823640.mp4' for writing
[hls @ 0xaaaaf75d3b90] Opening '/config/cache/transcodes/edf608859dde27843f063c1721b96823641.mp4' for writing
[hls @ 0xaaaaf75d3b90] Opening '/config/cache/transcodes/edf608859dde27843f063c1721b96823642.mp4' for writing
[hls @ 0xaaaaf75d3b90] Opening '/config/cache/transcodes/edf608859dde27843f063c1721b96823643.mp4' for writing
frame=46372 fps=819 q=34.0 size=N/A time=00:31:44.12 bitrate=N/A speed=33.6x    
[hls @ 0xaaaaf75d3b90] Opening '/config/cache/transcodes/edf608859dde27843f063c1721b96823644.mp4' for writing
[hls @ 0xaaaaf75d3b90] Opening '/config/cache/transcodes/edf608859dde27843f063c1721b96823645.mp4' for writing
[hls @ 0xaaaaf75d3b90] Opening '/config/cache/transcodes/edf608859dde27843f063c1721b96823646.mp4' for writing
[hls @ 0xaaaaf75d3b90] Opening '/config/cache/transcodes/edf608859dde27843f063c1721b96823647.mp4' for writing
[hls @ 0xaaaaf75d3b90] Opening '/config/cache/transcodes/edf608859dde27843f063c1721b96823648.mp4' for writing
[hls @ 0xaaaaf75d3b90] Opening '/config/cache/transcodes/edf608859dde27843f063c1721b96823649.mp4' for writing
[hls @ 0xaaaaf75d3b90] Opening '/config/cache/transcodes/edf608859dde27843f063c1721b96823650.mp4' for writing
[hls @ 0xaaaaf75d3b90] Opening '/config/cache/transcodes/edf608859dde27843f063c1721b96823651.mp4' for writing
frame=46983 fps=815 q=34.0 size=N/A time=00:32:09.58 bitrate=N/A speed=33.5x    
[hls @ 0xaaaaf75d3b90] Opening '/config/cache/transcodes/edf608859dde27843f063c1721b96823652.mp4' for writing
[hls @ 0xaaaaf75d3b90] Opening '/config/cache/transcodes/edf608859dde27843f063c1721b96823653.mp4' for writing
[hls @ 0xaaaaf75d3b90] Opening '/config/cache/transcodes/edf608859dde27843f063c1721b96823654.mp4' for writing
[hls @ 0xaaaaf75d3b90] Opening '/config/cache/transcodes/edf608859dde27843f063c1721b96823655.mp4' for writing
frame=47302 fps=814 q=34.0 size=N/A time=00:32:22.87 bitrate=N/A speed=33.4x    
[hls @ 0xaaaaf75d3b90] Opening '/config/cache/transcodes/edf608859dde27843f063c1721b96823656.mp4' for writing
[hls @ 0xaaaaf75d3b90] Opening '/config/cache/transcodes/edf608859dde27843f063c1721b96823657.mp4' for writing
[hls @ 0xaaaaf75d3b90] Opening '/config/cache/transcodes/edf608859dde27843f063c1721b96823658.mp4' for writing
[hls @ 0xaaaaf75d3b90] Opening '/config/cache/transcodes/edf608859dde27843f063c1721b96823659.mp4' for writing
[hls @ 0xaaaaf75d3b90] Opening '/config/cache/transcodes/edf608859dde27843f063c1721b96823660.mp4' for writing
[hls @ 0xaaaaf75d3b90] Opening '/config/cache/transcodes/edf608859dde27843f063c1721b96823661.mp4' for writing
frame=47702 fps=814 q=28.0 size=N/A time=00:32:39.54 bitrate=N/A speed=33.4x    
[hls @ 0xaaaaf75d3b90] Opening '/config/cache/transcodes/edf608859dde27843f063c1721b96823662.mp4' for writing
[hls @ 0xaaaaf75d3b90] Opening '/config/cache/transcodes/edf608859dde27843f063c1721b96823663.mp4' for writing
[hls @ 0xaaaaf75d3b90] Opening '/config/cache/transcodes/edf608859dde27843f063c1721b96823664.mp4' for writing
[hls @ 0xaaaaf75d3b90] Opening '/config/cache/transcodes/edf608859dde27843f063c1721b96823665.mp4' for writing
[hls @ 0xaaaaf75d3b90] Opening '/config/cache/transcodes/edf608859dde27843f063c1721b96823666.mp4' for writing
[hls @ 0xaaaaf75d3b90] Opening '/config/cache/transcodes/edf608859dde27843f063c1721b96823667.mp4' for writing
frame=48159 fps=815 q=28.0 size=N/A time=00:32:58.58 bitrate=N/A speed=33.5x    
[hls @ 0xaaaaf75d3b90] Opening '/config/cache/transcodes/edf608859dde27843f063c1721b96823668.mp4' for writing
[hls @ 0xaaaaf75d3b90] Opening '/config/cache/transcodes/edf608859dde27843f063c1721b96823669.mp4' for writing
[hls @ 0xaaaaf75d3b90] Opening '/config/cache/transcodes/edf608859dde27843f063c1721b96823670.mp4' for writing
[hls @ 0xaaaaf75d3b90] Opening '/config/cache/transcodes/edf608859dde27843f063c1721b96823671.mp4' for writing
[hls @ 0xaaaaf75d3b90] Opening '/config/cache/transcodes/edf608859dde27843f063c1721b96823672.mp4' for writing
[hls @ 0xaaaaf75d3b90] Opening '/config/cache/transcodes/edf608859dde27843f063c1721b96823673.mp4' for writing
frame=48589 fps=815 q=28.0 size=N/A time=00:33:16.50 bitrate=N/A speed=33.5x    
[hls @ 0xaaaaf75d3b90] Opening '/config/cache/transcodes/edf608859dde27843f063c1721b96823674.mp4' for writing
[hls @ 0xaaaaf75d3b90] Opening '/config/cache/transcodes/edf608859dde27843f063c1721b96823675.mp4' for writing
[hls @ 0xaaaaf75d3b90] Opening '/config/cache/transcodes/edf608859dde27843f063c1721b96823676.mp4' for writing
[hls @ 0xaaaaf75d3b90] Opening '/config/cache/transcodes/edf608859dde27843f063c1721b96823677.mp4' for writing
[hls @ 0xaaaaf75d3b90] Opening '/config/cache/transcodes/edf608859dde27843f063c1721b96823678.mp4' for writing
[hls @ 0xaaaaf75d3b90] Opening '/config/cache/transcodes/edf608859dde27843f063c1721b96823679.mp4' for writing
frame=48987 fps=815 q=33.0 size=N/A time=00:33:33.08 bitrate=N/A speed=33.5x    
[hls @ 0xaaaaf75d3b90] Opening '/config/cache/transcodes/edf608859dde27843f063c1721b96823680.mp4' for writing
[hls @ 0xaaaaf75d3b90] Opening '/config/cache/transcodes/edf608859dde27843f063c1721b96823681.mp4' for writing
[hls @ 0xaaaaf75d3b90] Opening '/config/cache/transcodes/edf608859dde27843f063c1721b96823682.mp4' for writing
[hls @ 0xaaaaf75d3b90] Opening '/config/cache/transcodes/edf608859dde27843f063c1721b96823683.mp4' for writing
[hls @ 0xaaaaf75d3b90] Opening '/config/cache/transcodes/edf608859dde27843f063c1721b96823684.mp4' for writing
[hls @ 0xaaaaf75d3b90] Opening '/config/cache/transcodes/edf608859dde27843f063c1721b96823685.mp4' for writing
frame=49448 fps=816 q=28.0 size=N/A time=00:33:52.29 bitrate=N/A speed=33.5x    
[hls @ 0xaaaaf75d3b90] Opening '/config/cache/transcodes/edf608859dde27843f063c1721b96823686.mp4' for writing
[hls @ 0xaaaaf75d3b90] Opening '/config/cache/transcodes/edf608859dde27843f063c1721b96823687.mp4' for writing
[hls @ 0xaaaaf75d3b90] Opening '/config/cache/transcodes/edf608859dde27843f063c1721b96823688.mp4' for writing
[hls @ 0xaaaaf75d3b90] Opening '/config/cache/transcodes/edf608859dde27843f063c1721b96823689.mp4' for writing
[hls @ 0xaaaaf75d3b90] Opening '/config/cache/transcodes/edf608859dde27843f063c1721b96823690.mp4' for writing
[hls @ 0xaaaaf75d3b90] Opening '/config/cache/transcodes/edf608859dde27843f063c1721b96823691.mp4' for writing
[hls @ 0xaaaaf75d3b90] Opening '/config/cache/transcodes/edf608859dde27843f063c1721b96823692.mp4' for writing
frame=49903 fps=816 q=28.0 size=N/A time=00:34:11.25 bitrate=N/A speed=33.6x    
[hls @ 0xaaaaf75d3b90] Opening '/config/cache/transcodes/edf608859dde27843f063c1721b96823693.mp4' for writing
[hls @ 0xaaaaf75d3b90] Opening '/config/cache/transcodes/edf608859dde27843f063c1721b96823694.mp4' for writing
[hls @ 0xaaaaf75d3b90] Opening '/config/cache/transcodes/edf608859dde27843f063c1721b96823695.mp4' for writing
[hls @ 0xaaaaf75d3b90] Opening '/config/cache/transcodes/edf608859dde27843f063c1721b96823696.mp4' for writing
[hls @ 0xaaaaf75d3b90] Opening '/config/cache/transcodes/edf608859dde27843f063c1721b96823697.mp4' for writing
[hls @ 0xaaaaf75d3b90] Opening '/config/cache/transcodes/edf608859dde27843f063c1721b96823698.mp4' for writing
frame=50350 fps=817 q=28.0 size=N/A time=00:34:29.87 bitrate=N/A speed=33.6x    
[hls @ 0xaaaaf75d3b90] Opening '/config/cache/transcodes/edf608859dde27843f063c1721b96823699.mp4' for writing
[hls @ 0xaaaaf75d3b90] Opening '/config/cache/transcodes/edf608859dde27843f063c1721b96823700.mp4' for writing
[hls @ 0xaaaaf75d3b90] Opening '/config/cache/transcodes/edf608859dde27843f063c1721b96823701.mp4' for writing
[hls @ 0xaaaaf75d3b90] Opening '/config/cache/transcodes/edf608859dde27843f063c1721b96823702.mp4' for writing
[hls @ 0xaaaaf75d3b90] Opening '/config/cache/transcodes/edf608859dde27843f063c1721b96823703.mp4' for writing
frame=50755 fps=817 q=35.0 size=N/A time=00:34:46.75 bitrate=N/A speed=33.6x    
[hls @ 0xaaaaf75d3b90] Opening '/config/cache/transcodes/edf608859dde27843f063c1721b96823704.mp4' for writing
[hls @ 0xaaaaf75d3b90] Opening '/config/cache/transcodes/edf608859dde27843f063c1721b96823705.mp4' for writing
[hls @ 0xaaaaf75d3b90] Opening '/config/cache/transcodes/edf608859dde27843f063c1721b96823706.mp4' for writing
[hls @ 0xaaaaf75d3b90] Opening '/config/cache/transcodes/edf608859dde27843f063c1721b96823707.mp4' for writing
[hls @ 0xaaaaf75d3b90] Opening '/config/cache/transcodes/edf608859dde27843f063c1721b96823708.mp4' for writing
[hls @ 0xaaaaf75d3b90] Opening '/config/cache/transcodes/edf608859dde27843f063c1721b96823709.mp4' for writing
[hls @ 0xaaaaf75d3b90] Opening '/config/cache/transcodes/edf608859dde27843f063c1721b96823710.mp4' for writing
frame=51202 fps=818 q=28.0 size=N/A time=00:35:05.37 bitrate=N/A speed=33.6x    
[hls @ 0xaaaaf75d3b90] Opening '/config/cache/transcodes/edf608859dde27843f063c1721b96823711.mp4' for writing
[hls @ 0xaaaaf75d3b90] Opening '/config/cache/transcodes/edf608859dde27843f063c1721b96823712.mp4' for writing
[hls @ 0xaaaaf75d3b90] Opening '/config/cache/transcodes/edf608859dde27843f063c1721b96823713.mp4' for writing
[hls @ 0xaaaaf75d3b90] Opening '/config/cache/transcodes/edf608859dde27843f063c1721b96823714.mp4' for writing
[hls @ 0xaaaaf75d3b90] Opening '/config/cache/transcodes/edf608859dde27843f063c1721b96823715.mp4' for writing
[hls @ 0xaaaaf75d3b90] Opening '/config/cache/transcodes/edf608859dde27843f063c1721b96823716.mp4' for writing
frame=51683 fps=819 q=28.0 size=N/A time=00:35:25.41 bitrate=N/A speed=33.7x    
[hls @ 0xaaaaf75d3b90] Opening '/config/cache/transcodes/edf608859dde27843f063c1721b96823717.mp4' for writing
[hls @ 0xaaaaf75d3b90] Opening '/config/cache/transcodes/edf608859dde27843f063c1721b96823718.mp4' for writing
[hls @ 0xaaaaf75d3b90] Opening '/config/cache/transcodes/edf608859dde27843f063c1721b96823719.mp4' for writing
[hls @ 0xaaaaf75d3b90] Opening '/config/cache/transcodes/edf608859dde27843f063c1721b96823720.mp4' for writing
[hls @ 0xaaaaf75d3b90] Opening '/config/cache/transcodes/edf608859dde27843f063c1721b96823721.mp4' for writing
[hls @ 0xaaaaf75d3b90] Opening '/config/cache/transcodes/edf608859dde27843f063c1721b96823722.mp4' for writing
[hls @ 0xaaaaf75d3b90] Opening '/config/cache/transcodes/edf608859dde27843f063c1721b96823723.mp4' for writing
frame=52167 fps=820 q=28.0 size=N/A time=00:35:45.58 bitrate=N/A speed=33.7x    
[hls @ 0xaaaaf75d3b90] Opening '/config/cache/transcodes/edf608859dde27843f063c1721b96823724.mp4' for writing
[hls @ 0xaaaaf75d3b90] Opening '/config/cache/transcodes/edf608859dde27843f063c1721b96823725.mp4' for writing
[hls @ 0xaaaaf75d3b90] Opening '/config/cache/transcodes/edf608859dde27843f063c1721b96823726.mp4' for writing
[hls @ 0xaaaaf75d3b90] Opening '/config/cache/transcodes/edf608859dde27843f063c1721b96823727.mp4' for writing
[hls @ 0xaaaaf75d3b90] Opening '/config/cache/transcodes/edf608859dde27843f063c1721b96823728.mp4' for writing
frame=52560 fps=820 q=28.0 size=N/A time=00:36:01.95 bitrate=N/A speed=33.7x    
[hls @ 0xaaaaf75d3b90] Opening '/config/cache/transcodes/edf608859dde27843f063c1721b96823729.mp4' for writing
[hls @ 0xaaaaf75d3b90] Opening '/config/cache/transcodes/edf608859dde27843f063c1721b96823730.mp4' for writing
[hls @ 0xaaaaf75d3b90] Opening '/config/cache/transcodes/edf608859dde27843f063c1721b96823731.mp4' for writing
[hls @ 0xaaaaf75d3b90] Opening '/config/cache/transcodes/edf608859dde27843f063c1721b96823732.mp4' for writing
[hls @ 0xaaaaf75d3b90] Opening '/config/cache/transcodes/edf608859dde27843f063c1721b96823733.mp4' for writing
[hls @ 0xaaaaf75d3b90] Opening '/config/cache/transcodes/edf608859dde27843f063c1721b96823734.mp4' for writing
[hls @ 0xaaaaf75d3b90] Opening '/config/cache/transcodes/edf608859dde27843f063c1721b96823735.mp4' for writing
frame=53000 fps=820 q=28.0 size=N/A time=00:36:20.29 bitrate=N/A speed=33.7x    
[hls @ 0xaaaaf75d3b90] Opening '/config/cache/transcodes/edf608859dde27843f063c1721b96823736.mp4' for writing
[hls @ 0xaaaaf75d3b90] Opening '/config/cache/transcodes/edf608859dde27843f063c1721b96823737.mp4' for writing
[hls @ 0xaaaaf75d3b90] Opening '/config/cache/transcodes/edf608859dde27843f063c1721b96823738.mp4' for writing
[hls @ 0xaaaaf75d3b90] Opening '/config/cache/transcodes/edf608859dde27843f063c1721b96823739.mp4' for writing
[hls @ 0xaaaaf75d3b90] Opening '/config/cache/transcodes/edf608859dde27843f063c1721b96823740.mp4' for writing
frame=53418 fps=820 q=31.0 size=N/A time=00:36:37.70 bitrate=N/A speed=33.7x    
[hls @ 0xaaaaf75d3b90] Opening '/config/cache/transcodes/edf608859dde27843f063c1721b96823741.mp4' for writing
[hls @ 0xaaaaf75d3b90] Opening '/config/cache/transcodes/edf608859dde27843f063c1721b96823742.mp4' for writing
[hls @ 0xaaaaf75d3b90] Opening '/config/cache/transcodes/edf608859dde27843f063c1721b96823743.mp4' for writing
[hls @ 0xaaaaf75d3b90] Opening '/config/cache/transcodes/edf608859dde27843f063c1721b96823744.mp4' for writing
frame=53671 fps=818 q=30.0 size=N/A time=00:36:48.25 bitrate=N/A speed=33.6x    
[hls @ 0xaaaaf75d3b90] Opening '/config/cache/transcodes/edf608859dde27843f063c1721b96823745.mp4' for writing
[hls @ 0xaaaaf75d3b90] Opening '/config/cache/transcodes/edf608859dde27843f063c1721b96823746.mp4' for writing
[hls @ 0xaaaaf75d3b90] Opening '/config/cache/transcodes/edf608859dde27843f063c1721b96823747.mp4' for writing
[hls @ 0xaaaaf75d3b90] Opening '/config/cache/transcodes/edf608859dde27843f063c1721b96823748.mp4' for writing
[hls @ 0xaaaaf75d3b90] Opening '/config/cache/transcodes/edf608859dde27843f063c1721b96823749.mp4' for writing
frame=54006 fps=817 q=28.0 size=N/A time=00:37:02.20 bitrate=N/A speed=33.6x    
[hls @ 0xaaaaf75d3b90] Opening '/config/cache/transcodes/edf608859dde27843f063c1721b96823750.mp4' for writing
[hls @ 0xaaaaf75d3b90] Opening '/config/cache/transcodes/edf608859dde27843f063c1721b96823751.mp4' for writing
[hls @ 0xaaaaf75d3b90] Opening '/config/cache/transcodes/edf608859dde27843f063c1721b96823752.mp4' for writing
[hls @ 0xaaaaf75d3b90] Opening '/config/cache/transcodes/edf608859dde27843f063c1721b96823753.mp4' for writing
[hls @ 0xaaaaf75d3b90] Opening '/config/cache/transcodes/edf608859dde27843f063c1721b96823754.mp4' for writing
frame=54423 fps=817 q=33.0 size=N/A time=00:37:19.58 bitrate=N/A speed=33.6x    
[hls @ 0xaaaaf75d3b90] Opening '/config/cache/transcodes/edf608859dde27843f063c1721b96823755.mp4' for writing
[hls @ 0xaaaaf75d3b90] Opening '/config/cache/transcodes/edf608859dde27843f063c1721b96823756.mp4' for writing
[hls @ 0xaaaaf75d3b90] Opening '/config/cache/transcodes/edf608859dde27843f063c1721b96823757.mp4' for writing
[hls @ 0xaaaaf75d3b90] Opening '/config/cache/transcodes/edf608859dde27843f063c1721b96823758.mp4' for writing
[hls @ 0xaaaaf75d3b90] Opening '/config/cache/transcodes/edf608859dde27843f063c1721b96823759.mp4' for writing
frame=54737 fps=815 q=31.0 size=N/A time=00:37:32.66 bitrate=N/A speed=33.6x    
[hls @ 0xaaaaf75d3b90] Opening '/config/cache/transcodes/edf608859dde27843f063c1721b96823760.mp4' for writing
[hls @ 0xaaaaf75d3b90] Opening '/config/cache/transcodes/edf608859dde27843f063c1721b96823761.mp4' for writing
[hls @ 0xaaaaf75d3b90] Opening '/config/cache/transcodes/edf608859dde27843f063c1721b96823762.mp4' for writing
[hls @ 0xaaaaf75d3b90] Opening '/config/cache/transcodes/edf608859dde27843f063c1721b96823763.mp4' for writing
[hls @ 0xaaaaf75d3b90] Opening '/config/cache/transcodes/edf608859dde27843f063c1721b96823764.mp4' for writing
frame=55100 fps=815 q=31.0 size=N/A time=00:37:47.79 bitrate=N/A speed=33.5x    
[hls @ 0xaaaaf75d3b90] Opening '/config/cache/transcodes/edf608859dde27843f063c1721b96823765.mp4' for writing
[hls @ 0xaaaaf75d3b90] Opening '/config/cache/transcodes/edf608859dde27843f063c1721b96823766.mp4' for writing
[hls @ 0xaaaaf75d3b90] Opening '/config/cache/transcodes/edf608859dde27843f063c1721b96823767.mp4' for writing
[hls @ 0xaaaaf75d3b90] Opening '/config/cache/transcodes/edf608859dde27843f063c1721b96823768.mp4' for writing
[hls @ 0xaaaaf75d3b90] Opening '/config/cache/transcodes/edf608859dde27843f063c1721b96823769.mp4' for writing
[hls @ 0xaaaaf75d3b90] Opening '/config/cache/transcodes/edf608859dde27843f063c1721b96823770.mp4' for writing
frame=55514 fps=815 q=28.0 size=N/A time=00:38:05.08 bitrate=N/A speed=33.5x    
[hls @ 0xaaaaf75d3b90] Opening '/config/cache/transcodes/edf608859dde27843f063c1721b96823771.mp4' for writing
[hls @ 0xaaaaf75d3b90] Opening '/config/cache/transcodes/edf608859dde27843f063c1721b96823772.mp4' for writing
[hls @ 0xaaaaf75d3b90] Opening '/config/cache/transcodes/edf608859dde27843f063c1721b96823773.mp4' for writing
[hls @ 0xaaaaf75d3b90] Opening '/config/cache/transcodes/edf608859dde27843f063c1721b96823774.mp4' for writing
[hls @ 0xaaaaf75d3b90] Opening '/config/cache/transcodes/edf608859dde27843f063c1721b96823775.mp4' for writing
frame=55882 fps=814 q=31.0 size=N/A time=00:38:20.37 bitrate=N/A speed=33.5x    
[hls @ 0xaaaaf75d3b90] Opening '/config/cache/transcodes/edf608859dde27843f063c1721b96823776.mp4' for writing
[hls @ 0xaaaaf75d3b90] Opening '/config/cache/transcodes/edf608859dde27843f063c1721b96823777.mp4' for writing
[hls @ 0xaaaaf75d3b90] Opening '/config/cache/transcodes/edf608859dde27843f063c1721b96823778.mp4' for writing
[hls @ 0xaaaaf75d3b90] Opening '/config/cache/transcodes/edf608859dde27843f063c1721b96823779.mp4' for writing
[hls @ 0xaaaaf75d3b90] Opening '/config/cache/transcodes/edf608859dde27843f063c1721b96823780.mp4' for writing
[hls @ 0xaaaaf75d3b90] Opening '/config/cache/transcodes/edf608859dde27843f063c1721b96823781.mp4' for writing
frame=56320 fps=815 q=28.0 size=N/A time=00:38:38.62 bitrate=N/A speed=33.5x    
[hls @ 0xaaaaf75d3b90] Opening '/config/cache/transcodes/edf608859dde27843f063c1721b96823782.mp4' for writing
[hls @ 0xaaaaf75d3b90] Opening '/config/cache/transcodes/edf608859dde27843f063c1721b96823783.mp4' for writing
[hls @ 0xaaaaf75d3b90] Opening '/config/cache/transcodes/edf608859dde27843f063c1721b96823784.mp4' for writing
[hls @ 0xaaaaf75d3b90] Opening '/config/cache/transcodes/edf608859dde27843f063c1721b96823785.mp4' for writing
[hls @ 0xaaaaf75d3b90] Opening '/config/cache/transcodes/edf608859dde27843f063c1721b96823786.mp4' for writing
[hls @ 0xaaaaf75d3b90] Opening '/config/cache/transcodes/edf608859dde27843f063c1721b96823787.mp4' for writing
frame=56768 fps=815 q=28.0 size=N/A time=00:38:57.29 bitrate=N/A speed=33.6x    
[hls @ 0xaaaaf75d3b90] Opening '/config/cache/transcodes/edf608859dde27843f063c1721b96823788.mp4' for writing
[hls @ 0xaaaaf75d3b90] Opening '/config/cache/transcodes/edf608859dde27843f063c1721b96823789.mp4' for writing
[hls @ 0xaaaaf75d3b90] Opening '/config/cache/transcodes/edf608859dde27843f063c1721b96823790.mp4' for writing
[hls @ 0xaaaaf75d3b90] Opening '/config/cache/transcodes/edf608859dde27843f063c1721b96823791.mp4' for writing
[hls @ 0xaaaaf75d3b90] Opening '/config/cache/transcodes/edf608859dde27843f063c1721b96823792.mp4' for writing
[hls @ 0xaaaaf75d3b90] Opening '/config/cache/transcodes/edf608859dde27843f063c1721b96823793.mp4' for writing
frame=57197 fps=815 q=28.0 size=N/A time=00:39:15.16 bitrate=N/A speed=33.6x    
[hls @ 0xaaaaf75d3b90] Opening '/config/cache/transcodes/edf608859dde27843f063c1721b96823794.mp4' for writing
[hls @ 0xaaaaf75d3b90] Opening '/config/cache/transcodes/edf608859dde27843f063c1721b96823795.mp4' for writing
[hls @ 0xaaaaf75d3b90] Opening '/config/cache/transcodes/edf608859dde27843f063c1721b96823796.mp4' for writing
[hls @ 0xaaaaf75d3b90] Opening '/config/cache/transcodes/edf608859dde27843f063c1721b96823797.mp4' for writing
[hls @ 0xaaaaf75d3b90] Opening '/config/cache/transcodes/edf608859dde27843f063c1721b96823798.mp4' for writing
frame=57555 fps=815 q=32.0 size=N/A time=00:39:30.08 bitrate=N/A speed=33.5x    
[hls @ 0xaaaaf75d3b90] Opening '/config/cache/transcodes/edf608859dde27843f063c1721b96823799.mp4' for writing
[hls @ 0xaaaaf75d3b90] Opening '/config/cache/transcodes/edf608859dde27843f063c1721b96823800.mp4' for writing
[hls @ 0xaaaaf75d3b90] Opening '/config/cache/transcodes/edf608859dde27843f063c1721b96823801.mp4' for writing
[hls @ 0xaaaaf75d3b90] Opening '/config/cache/transcodes/edf608859dde27843f063c1721b96823802.mp4' for writing
frame=57858 fps=813 q=34.0 size=N/A time=00:39:42.70 bitrate=N/A speed=33.5x    
[hls @ 0xaaaaf75d3b90] Opening '/config/cache/transcodes/edf608859dde27843f063c1721b96823803.mp4' for writing
[hls @ 0xaaaaf75d3b90] Opening '/config/cache/transcodes/edf608859dde27843f063c1721b96823804.mp4' for writing
[hls @ 0xaaaaf75d3b90] Opening '/config/cache/transcodes/edf608859dde27843f063c1721b96823805.mp4' for writing
[hls @ 0xaaaaf75d3b90] Opening '/config/cache/transcodes/edf608859dde27843f063c1721b96823806.mp4' for writing
frame=58169 fps=812 q=37.0 size=N/A time=00:39:55.66 bitrate=N/A speed=33.4x    
[hls @ 0xaaaaf75d3b90] Opening '/config/cache/transcodes/edf608859dde27843f063c1721b96823807.mp4' for writing
[hls @ 0xaaaaf75d3b90] Opening '/config/cache/transcodes/edf608859dde27843f063c1721b96823808.mp4' for writing
[hls @ 0xaaaaf75d3b90] Opening '/config/cache/transcodes/edf608859dde27843f063c1721b96823809.mp4' for writing
[hls @ 0xaaaaf75d3b90] Opening '/config/cache/transcodes/edf608859dde27843f063c1721b96823810.mp4' for writing
[hls @ 0xaaaaf75d3b90] Opening '/config/cache/transcodes/edf608859dde27843f063c1721b96823811.mp4' for writing
frame=58478 fps=811 q=31.0 size=N/A time=00:40:08.54 bitrate=N/A speed=33.4x    
[hls @ 0xaaaaf75d3b90] Opening '/config/cache/transcodes/edf608859dde27843f063c1721b96823812.mp4' for writing
[hls @ 0xaaaaf75d3b90] Opening '/config/cache/transcodes/edf608859dde27843f063c1721b96823813.mp4' for writing
[hls @ 0xaaaaf75d3b90] Opening '/config/cache/transcodes/edf608859dde27843f063c1721b96823814.mp4' for writing
[hls @ 0xaaaaf75d3b90] Opening '/config/cache/transcodes/edf608859dde27843f063c1721b96823815.mp4' for writing
[hls @ 0xaaaaf75d3b90] Opening '/config/cache/transcodes/edf608859dde27843f063c1721b96823816.mp4' for writing
frame=58847 fps=810 q=36.0 size=N/A time=00:40:23.91 bitrate=N/A speed=33.4x    
[hls @ 0xaaaaf75d3b90] Opening '/config/cache/transcodes/edf608859dde27843f063c1721b96823817.mp4' for writing
[hls @ 0xaaaaf75d3b90] Opening '/config/cache/transcodes/edf608859dde27843f063c1721b96823818.mp4' for writing
[hls @ 0xaaaaf75d3b90] Opening '/config/cache/transcodes/edf608859dde27843f063c1721b96823819.mp4' for writing
[hls @ 0xaaaaf75d3b90] Opening '/config/cache/transcodes/edf608859dde27843f063c1721b96823820.mp4' for writing
frame=59166 fps=809 q=37.0 size=N/A time=00:40:37.20 bitrate=N/A speed=33.3x    
[hls @ 0xaaaaf75d3b90] Opening '/config/cache/transcodes/edf608859dde27843f063c1721b96823821.mp4' for writing
[hls @ 0xaaaaf75d3b90] Opening '/config/cache/transcodes/edf608859dde27843f063c1721b96823822.mp4' for writing
[hls @ 0xaaaaf75d3b90] Opening '/config/cache/transcodes/edf608859dde27843f063c1721b96823823.mp4' for writing
[hls @ 0xaaaaf75d3b90] Opening '/config/cache/transcodes/edf608859dde27843f063c1721b96823824.mp4' for writing
[hls @ 0xaaaaf75d3b90] Opening '/config/cache/transcodes/edf608859dde27843f063c1721b96823825.mp4' for writing
frame=59478 fps=808 q=35.0 size=N/A time=00:40:50.20 bitrate=N/A speed=33.3x    
[hls @ 0xaaaaf75d3b90] Opening '/config/cache/transcodes/edf608859dde27843f063c1721b96823826.mp4' for writing
[hls @ 0xaaaaf75d3b90] Opening '/config/cache/transcodes/edf608859dde27843f063c1721b96823827.mp4' for writing
[hls @ 0xaaaaf75d3b90] Opening '/config/cache/transcodes/edf608859dde27843f063c1721b96823828.mp4' for writing
frame=59748 fps=806 q=40.0 size=N/A time=00:41:01.45 bitrate=N/A speed=33.2x    
[hls @ 0xaaaaf75d3b90] Opening '/config/cache/transcodes/edf608859dde27843f063c1721b96823829.mp4' for writing
[hls @ 0xaaaaf75d3b90] Opening '/config/cache/transcodes/edf608859dde27843f063c1721b96823830.mp4' for writing
[hls @ 0xaaaaf75d3b90] Opening '/config/cache/transcodes/edf608859dde27843f063c1721b96823831.mp4' for writing
[hls @ 0xaaaaf75d3b90] Opening '/config/cache/transcodes/edf608859dde27843f063c1721b96823832.mp4' for writing
frame=60009 fps=804 q=42.0 size=N/A time=00:41:12.37 bitrate=N/A speed=33.1x    
[hls @ 0xaaaaf75d3b90] Opening '/config/cache/transcodes/edf608859dde27843f063c1721b96823833.mp4' for writing
[hls @ 0xaaaaf75d3b90] Opening '/config/cache/transcodes/edf608859dde27843f063c1721b96823834.mp4' for writing
[hls @ 0xaaaaf75d3b90] Opening '/config/cache/transcodes/edf608859dde27843f063c1721b96823835.mp4' for writing
[hls @ 0xaaaaf75d3b90] Opening '/config/cache/transcodes/edf608859dde27843f063c1721b96823836.mp4' for writing
frame=60279 fps=802 q=41.0 size=N/A time=00:41:23.58 bitrate=N/A speed=  33x    
[hls @ 0xaaaaf75d3b90] Opening '/config/cache/transcodes/edf608859dde27843f063c1721b96823837.mp4' for writing
[hls @ 0xaaaaf75d3b90] Opening '/config/cache/transcodes/edf608859dde27843f063c1721b96823838.mp4' for writing
[hls @ 0xaaaaf75d3b90] Opening '/config/cache/transcodes/edf608859dde27843f063c1721b96823839.mp4' for writing
[hls @ 0xaaaaf75d3b90] Opening '/config/cache/transcodes/edf608859dde27843f063c1721b96823840.mp4' for writing
frame=60553 fps=800 q=38.0 size=N/A time=00:41:35.00 bitrate=N/A speed=  33x    
[hls @ 0xaaaaf75d3b90] Opening '/config/cache/transcodes/edf608859dde27843f063c1721b96823841.mp4' for writing
[hls @ 0xaaaaf75d3b90] Opening '/config/cache/transcodes/edf608859dde27843f063c1721b96823842.mp4' for writing
[hls @ 0xaaaaf75d3b90] Opening '/config/cache/transcodes/edf608859dde27843f063c1721b96823843.mp4' for writing
frame=60826 fps=799 q=42.0 size=N/A time=00:41:46.37 bitrate=N/A speed=32.9x    
[hls @ 0xaaaaf75d3b90] Opening '/config/cache/transcodes/edf608859dde27843f063c1721b96823844.mp4' for writing
[hls @ 0xaaaaf75d3b90] Opening '/config/cache/transcodes/edf608859dde27843f063c1721b96823845.mp4' for writing
[hls @ 0xaaaaf75d3b90] Opening '/config/cache/transcodes/edf608859dde27843f063c1721b96823846.mp4' for writing
[hls @ 0xaaaaf75d3b90] Opening '/config/cache/transcodes/edf608859dde27843f063c1721b96823847.mp4' for writing
frame=61117 fps=797 q=42.0 size=N/A time=00:41:58.50 bitrate=N/A speed=32.9x    
[hls @ 0xaaaaf75d3b90] Opening '/config/cache/transcodes/edf608859dde27843f063c1721b96823848.mp4' for writing
[hls @ 0xaaaaf75d3b90] Opening '/config/cache/transcodes/edf608859dde27843f063c1721b96823849.mp4' for writing
[hls @ 0xaaaaf75d3b90] Opening '/config/cache/transcodes/edf608859dde27843f063c1721b96823850.mp4' for writing
[hls @ 0xaaaaf75d3b90] Opening '/config/cache/transcodes/edf608859dde27843f063c1721b96823851.mp4' for writing
frame=61398 fps=796 q=29.0 size=N/A time=00:42:10.20 bitrate=N/A speed=32.8x    
[hls @ 0xaaaaf75d3b90] Opening '/config/cache/transcodes/edf608859dde27843f063c1721b96823852.mp4' for writing
[hls @ 0xaaaaf75d3b90] Opening '/config/cache/transcodes/edf608859dde27843f063c1721b96823853.mp4' for writing
[hls @ 0xaaaaf75d3b90] Opening '/config/cache/transcodes/edf608859dde27843f063c1721b96823854.mp4' for writing
frame=61629 fps=794 q=42.0 size=N/A time=00:42:19.83 bitrate=N/A speed=32.7x    
[hls @ 0xaaaaf75d3b90] Opening '/config/cache/transcodes/edf608859dde27843f063c1721b96823855.mp4' for writing
[hls @ 0xaaaaf75d3b90] Opening '/config/cache/transcodes/edf608859dde27843f063c1721b96823856.mp4' for writing
[hls @ 0xaaaaf75d3b90] Opening '/config/cache/transcodes/edf608859dde27843f063c1721b96823857.mp4' for writing
[hls @ 0xaaaaf75d3b90] Opening '/config/cache/transcodes/edf608859dde27843f063c1721b96823858.mp4' for writing
[hls @ 0xaaaaf75d3b90] Opening '/config/cache/transcodes/edf608859dde27843f063c1721b96823859.mp4' for writing
frame=61936 fps=792 q=34.0 size=N/A time=00:42:32.62 bitrate=N/A speed=32.7x    
[hls @ 0xaaaaf75d3b90] Opening '/config/cache/transcodes/edf608859dde27843f063c1721b96823860.mp4' for writing
[hls @ 0xaaaaf75d3b90] Opening '/config/cache/transcodes/edf608859dde27843f063c1721b96823861.mp4' for writing
[hls @ 0xaaaaf75d3b90] Opening '/config/cache/transcodes/edf608859dde27843f063c1721b96823862.mp4' for writing
[hls @ 0xaaaaf75d3b90] Opening '/config/cache/transcodes/edf608859dde27843f063c1721b96823863.mp4' for writing
frame=62245 fps=791 q=37.0 size=N/A time=00:42:45.50 bitrate=N/A speed=32.6x    
[hls @ 0xaaaaf75d3b90] Opening '/config/cache/transcodes/edf608859dde27843f063c1721b96823864.mp4' for writing
[hls @ 0xaaaaf75d3b90] Opening '/config/cache/transcodes/edf608859dde27843f063c1721b96823865.mp4' for writing
[hls @ 0xaaaaf75d3b90] Opening '/config/cache/transcodes/edf608859dde27843f063c1721b96823866.mp4' for writing
[hls @ 0xaaaaf75d3b90] Opening '/config/cache/transcodes/edf608859dde27843f063c1721b96823867.mp4' for writing
[hls @ 0xaaaaf75d3b90] Opening '/config/cache/transcodes/edf608859dde27843f063c1721b96823868.mp4' for writing
frame=62578 fps=791 q=35.0 size=N/A time=00:42:59.37 bitrate=N/A speed=32.6x    
[hls @ 0xaaaaf75d3b90] Opening '/config/cache/transcodes/edf608859dde27843f063c1721b96823869.mp4' for writing
[hls @ 0xaaaaf75d3b90] Opening '/config/cache/transcodes/edf608859dde27843f063c1721b96823870.mp4' for writing
[hls @ 0xaaaaf75d3b90] Opening '/config/cache/transcodes/edf608859dde27843f063c1721b96823871.mp4' for writing
[hls @ 0xaaaaf75d3b90] Opening '/config/cache/transcodes/edf608859dde27843f063c1721b96823872.mp4' for writing
[hls @ 0xaaaaf75d3b90] Opening '/config/cache/transcodes/edf608859dde27843f063c1721b96823873.mp4' for writing
frame=62986 fps=791 q=28.0 size=N/A time=00:43:16.37 bitrate=N/A speed=32.6x    
[hls @ 0xaaaaf75d3b90] Opening '/config/cache/transcodes/edf608859dde27843f063c1721b96823874.mp4' for writing
[hls @ 0xaaaaf75d3b90] Opening '/config/cache/transcodes/edf608859dde27843f063c1721b96823875.mp4' for writing
[hls @ 0xaaaaf75d3b90] Opening '/config/cache/transcodes/edf608859dde27843f063c1721b96823876.mp4' for writing
[hls @ 0xaaaaf75d3b90] Opening '/config/cache/transcodes/edf608859dde27843f063c1721b96823877.mp4' for writing
[hls @ 0xaaaaf75d3b90] Opening '/config/cache/transcodes/edf608859dde27843f063c1721b96823878.mp4' for writing
[hls @ 0xaaaaf75d3b90] Opening '/config/cache/transcodes/edf608859dde27843f063c1721b96823879.mp4' for writing
[hls @ 0xaaaaf75d3b90] Opening '/config/cache/transcodes/edf608859dde27843f063c1721b96823880.mp4' for writing
frame=63451 fps=792 q=29.0 size=N/A time=00:43:35.75 bitrate=N/A speed=32.6x    
[hls @ 0xaaaaf75d3b90] Opening '/config/cache/transcodes/edf608859dde27843f063c1721b96823881.mp4' for writing
[hls @ 0xaaaaf75d3b90] Opening '/config/cache/transcodes/edf608859dde27843f063c1721b96823882.mp4' for writing
[hls @ 0xaaaaf75d3b90] Opening '/config/cache/transcodes/edf608859dde27843f063c1721b96823883.mp4' for writing
[hls @ 0xaaaaf75d3b90] Opening '/config/cache/transcodes/edf608859dde27843f063c1721b96823884.mp4' for writing
[hls @ 0xaaaaf75d3b90] Opening '/config/cache/transcodes/edf608859dde27843f063c1721b96823885.mp4' for writing
[hls @ 0xaaaaf75d3b90] Opening '/config/cache/transcodes/edf608859dde27843f063c1721b96823886.mp4' for writing
frame=63878 fps=792 q=29.0 size=N/A time=00:43:53.54 bitrate=N/A speed=32.6x    
[hls @ 0xaaaaf75d3b90] Opening '/config/cache/transcodes/edf608859dde27843f063c1721b96823887.mp4' for writing
[hls @ 0xaaaaf75d3b90] Opening '/config/cache/transcodes/edf608859dde27843f063c1721b96823888.mp4' for writing
[hls @ 0xaaaaf75d3b90] Opening '/config/cache/transcodes/edf608859dde27843f063c1721b96823889.mp4' for writing
[hls @ 0xaaaaf75d3b90] Opening '/config/cache/transcodes/edf608859dde27843f063c1721b96823890.mp4' for writing
[hls @ 0xaaaaf75d3b90] Opening '/config/cache/transcodes/edf608859dde27843f063c1721b96823891.mp4' for writing
[hls @ 0xaaaaf75d3b90] Opening '/config/cache/transcodes/edf608859dde27843f063c1721b96823892.mp4' for writing
frame=64316 fps=792 q=28.0 size=N/A time=00:44:11.79 bitrate=N/A speed=32.7x    
[hls @ 0xaaaaf75d3b90] Opening '/config/cache/transcodes/edf608859dde27843f063c1721b96823893.mp4' for writing
[hls @ 0xaaaaf75d3b90] Opening '/config/cache/transcodes/edf608859dde27843f063c1721b96823894.mp4' for writing
[hls @ 0xaaaaf75d3b90] Opening '/config/cache/transcodes/edf608859dde27843f063c1721b96823895.mp4' for writing
[hls @ 0xaaaaf75d3b90] Opening '/config/cache/transcodes/edf608859dde27843f063c1721b96823896.mp4' for writing
[hls @ 0xaaaaf75d3b90] Opening '/config/cache/transcodes/edf608859dde27843f063c1721b96823897.mp4' for writing
[hls @ 0xaaaaf75d3b90] Opening '/config/cache/transcodes/edf608859dde27843f063c1721b96823898.mp4' for writing
frame=64754 fps=793 q=32.0 size=N/A time=00:44:30.04 bitrate=N/A speed=32.7x    
[hls @ 0xaaaaf75d3b90] Opening '/config/cache/transcodes/edf608859dde27843f063c1721b96823899.mp4' for writing
[hls @ 0xaaaaf75d3b90] Opening '/config/cache/transcodes/edf608859dde27843f063c1721b96823900.mp4' for writing
[hls @ 0xaaaaf75d3b90] Opening '/config/cache/transcodes/edf608859dde27843f063c1721b96823901.mp4' for writing
[hls @ 0xaaaaf75d3b90] Opening '/config/cache/transcodes/edf608859dde27843f063c1721b96823902.mp4' for writing
[hls @ 0xaaaaf75d3b90] Opening '/config/cache/transcodes/edf608859dde27843f063c1721b96823903.mp4' for writing
[hls @ 0xaaaaf75d3b90] Opening '/config/cache/transcodes/edf608859dde27843f063c1721b96823904.mp4' for writing
frame=65186 fps=793 q=28.0 size=N/A time=00:44:48.04 bitrate=N/A speed=32.7x    
[hls @ 0xaaaaf75d3b90] Opening '/config/cache/transcodes/edf608859dde27843f063c1721b96823905.mp4' for writing
[hls @ 0xaaaaf75d3b90] Opening '/config/cache/transcodes/edf608859dde27843f063c1721b96823906.mp4' for writing
[hls @ 0xaaaaf75d3b90] Opening '/config/cache/transcodes/edf608859dde27843f063c1721b96823907.mp4' for writing
[hls @ 0xaaaaf75d3b90] Opening '/config/cache/transcodes/edf608859dde27843f063c1721b96823908.mp4' for writing
[hls @ 0xaaaaf75d3b90] Opening '/config/cache/transcodes/edf608859dde27843f063c1721b96823909.mp4' for writing
[hls @ 0xaaaaf75d3b90] Opening '/config/cache/transcodes/edf608859dde27843f063c1721b96823910.mp4' for writing
frame=65629 fps=794 q=28.0 size=N/A time=00:45:06.50 bitrate=N/A speed=32.7x    
[hls @ 0xaaaaf75d3b90] Opening '/config/cache/transcodes/edf608859dde27843f063c1721b96823911.mp4' for writing
[hls @ 0xaaaaf75d3b90] Opening '/config/cache/transcodes/edf608859dde27843f063c1721b96823912.mp4' for writing
[hls @ 0xaaaaf75d3b90] Opening '/config/cache/transcodes/edf608859dde27843f063c1721b96823913.mp4' for writing
[hls @ 0xaaaaf75d3b90] Opening '/config/cache/transcodes/edf608859dde27843f063c1721b96823914.mp4' for writing
[hls @ 0xaaaaf75d3b90] Opening '/config/cache/transcodes/edf608859dde27843f063c1721b96823915.mp4' for writing
[hls @ 0xaaaaf75d3b90] Opening '/config/cache/transcodes/edf608859dde27843f063c1721b96823916.mp4' for writing
frame=66041 fps=794 q=28.0 size=N/A time=00:45:23.70 bitrate=N/A speed=32.7x    
[hls @ 0xaaaaf75d3b90] Opening '/config/cache/transcodes/edf608859dde27843f063c1721b96823917.mp4' for writing
[hls @ 0xaaaaf75d3b90] Opening '/config/cache/transcodes/edf608859dde27843f063c1721b96823918.mp4' for writing
[hls @ 0xaaaaf75d3b90] Opening '/config/cache/transcodes/edf608859dde27843f063c1721b96823919.mp4' for writing
[hls @ 0xaaaaf75d3b90] Opening '/config/cache/transcodes/edf608859dde27843f063c1721b96823920.mp4' for writing
[hls @ 0xaaaaf75d3b90] Opening '/config/cache/transcodes/edf608859dde27843f063c1721b96823921.mp4' for writing
[hls @ 0xaaaaf75d3b90] Opening '/config/cache/transcodes/edf608859dde27843f063c1721b96823922.mp4' for writing
frame=66482 fps=795 q=28.0 size=N/A time=00:45:42.04 bitrate=N/A speed=32.8x    
[hls @ 0xaaaaf75d3b90] Opening '/config/cache/transcodes/edf608859dde27843f063c1721b96823923.mp4' for writing
[hls @ 0xaaaaf75d3b90] Opening '/config/cache/transcodes/edf608859dde27843f063c1721b96823924.mp4' for writing
[hls @ 0xaaaaf75d3b90] Opening '/config/cache/transcodes/edf608859dde27843f063c1721b96823925.mp4' for writing
[hls @ 0xaaaaf75d3b90] Opening '/config/cache/transcodes/edf608859dde27843f063c1721b96823926.mp4' for writing
[hls @ 0xaaaaf75d3b90] Opening '/config/cache/transcodes/edf608859dde27843f063c1721b96823927.mp4' for writing
[hls @ 0xaaaaf75d3b90] Opening '/config/cache/transcodes/edf608859dde27843f063c1721b96823928.mp4' for writing
frame=66943 fps=795 q=28.0 size=N/A time=00:46:01.25 bitrate=N/A speed=32.8x    
[hls @ 0xaaaaf75d3b90] Opening '/config/cache/transcodes/edf608859dde27843f063c1721b96823929.mp4' for writing
[hls @ 0xaaaaf75d3b90] Opening '/config/cache/transcodes/edf608859dde27843f063c1721b96823930.mp4' for writing
[hls @ 0xaaaaf75d3b90] Opening '/config/cache/transcodes/edf608859dde27843f063c1721b96823931.mp4' for writing
[hls @ 0xaaaaf75d3b90] Opening '/config/cache/transcodes/edf608859dde27843f063c1721b96823932.mp4' for writing
[hls @ 0xaaaaf75d3b90] Opening '/config/cache/transcodes/edf608859dde27843f063c1721b96823933.mp4' for writing
[hls @ 0xaaaaf75d3b90] Opening '/config/cache/transcodes/edf608859dde27843f063c1721b96823934.mp4' for writing
frame=67333 fps=795 q=33.0 size=N/A time=00:46:17.50 bitrate=N/A speed=32.8x    
[hls @ 0xaaaaf75d3b90] Opening '/config/cache/transcodes/edf608859dde27843f063c1721b96823935.mp4' for writing
[hls @ 0xaaaaf75d3b90] Opening '/config/cache/transcodes/edf608859dde27843f063c1721b96823936.mp4' for writing
[hls @ 0xaaaaf75d3b90] Opening '/config/cache/transcodes/edf608859dde27843f063c1721b96823937.mp4' for writing
[hls @ 0xaaaaf75d3b90] Opening '/config/cache/transcodes/edf608859dde27843f063c1721b96823938.mp4' for writing
[hls @ 0xaaaaf75d3b90] Opening '/config/cache/transcodes/edf608859dde27843f063c1721b96823939.mp4' for writing
frame=67729 fps=795 q=33.0 size=N/A time=00:46:34.00 bitrate=N/A speed=32.8x    
[hls @ 0xaaaaf75d3b90] Opening '/config/cache/transcodes/edf608859dde27843f063c1721b96823940.mp4' for writing
[hls @ 0xaaaaf75d3b90] Opening '/config/cache/transcodes/edf608859dde27843f063c1721b96823941.mp4' for writing
[hls @ 0xaaaaf75d3b90] Opening '/config/cache/transcodes/edf608859dde27843f063c1721b96823942.mp4' for writing
[hls @ 0xaaaaf75d3b90] Opening '/config/cache/transcodes/edf608859dde27843f063c1721b96823943.mp4' for writing
[hls @ 0xaaaaf75d3b90] Opening '/config/cache/transcodes/edf608859dde27843f063c1721b96823944.mp4' for writing
frame=68100 fps=795 q=40.0 size=N/A time=00:46:49.45 bitrate=N/A speed=32.8x    
[hls @ 0xaaaaf75d3b90] Opening '/config/cache/transcodes/edf608859dde27843f063c1721b96823945.mp4' for writing
[hls @ 0xaaaaf75d3b90] Opening '/config/cache/transcodes/edf608859dde27843f063c1721b96823946.mp4' for writing
[hls @ 0xaaaaf75d3b90] Opening '/config/cache/transcodes/edf608859dde27843f063c1721b96823947.mp4' for writing
[hls @ 0xaaaaf75d3b90] Opening '/config/cache/transcodes/edf608859dde27843f063c1721b96823948.mp4' for writing
[hls @ 0xaaaaf75d3b90] Opening '/config/cache/transcodes/edf608859dde27843f063c1721b96823949.mp4' for writing
[hls @ 0xaaaaf75d3b90] Opening '/config/cache/transcodes/edf608859dde27843f063c1721b96823950.mp4' for writing
frame=68508 fps=795 q=29.0 size=N/A time=00:47:06.45 bitrate=N/A speed=32.8x    
[hls @ 0xaaaaf75d3b90] Opening '/config/cache/transcodes/edf608859dde27843f063c1721b96823951.mp4' for writing
[hls @ 0xaaaaf75d3b90] Opening '/config/cache/transcodes/edf608859dde27843f063c1721b96823952.mp4' for writing
[hls @ 0xaaaaf75d3b90] Opening '/config/cache/transcodes/edf608859dde27843f063c1721b96823953.mp4' for writing
[hls @ 0xaaaaf75d3b90] Opening '/config/cache/transcodes/edf608859dde27843f063c1721b96823954.mp4' for writing
[hls @ 0xaaaaf75d3b90] Opening '/config/cache/transcodes/edf608859dde27843f063c1721b96823955.mp4' for writing
frame=68898 fps=795 q=33.0 size=N/A time=00:47:22.70 bitrate=N/A speed=32.8x    
[hls @ 0xaaaaf75d3b90] Opening '/config/cache/transcodes/edf608859dde27843f063c1721b96823956.mp4' for writing
[hls @ 0xaaaaf75d3b90] Opening '/config/cache/transcodes/edf608859dde27843f063c1721b96823957.mp4' for writing
[hls @ 0xaaaaf75d3b90] Opening '/config/cache/transcodes/edf608859dde27843f063c1721b96823958.mp4' for writing
[hls @ 0xaaaaf75d3b90] Opening '/config/cache/transcodes/edf608859dde27843f063c1721b96823959.mp4' for writing
[hls @ 0xaaaaf75d3b90] Opening '/config/cache/transcodes/edf608859dde27843f063c1721b96823960.mp4' for writing
frame=69257 fps=794 q=28.0 size=N/A time=00:47:37.66 bitrate=N/A speed=32.8x    
[hls @ 0xaaaaf75d3b90] Opening '/config/cache/transcodes/edf608859dde27843f063c1721b96823961.mp4' for writing
[hls @ 0xaaaaf75d3b90] Opening '/config/cache/transcodes/edf608859dde27843f063c1721b96823962.mp4' for writing
[hls @ 0xaaaaf75d3b90] Opening '/config/cache/transcodes/edf608859dde27843f063c1721b96823963.mp4' for writing
[hls @ 0xaaaaf75d3b90] Opening '/config/cache/transcodes/edf608859dde27843f063c1721b96823964.mp4' for writing
[hls @ 0xaaaaf75d3b90] Opening '/config/cache/transcodes/edf608859dde27843f063c1721b96823965.mp4' for writing
frame=69595 fps=794 q=33.0 size=N/A time=00:47:51.75 bitrate=N/A speed=32.8x    
[hls @ 0xaaaaf75d3b90] Opening '/config/cache/transcodes/edf608859dde27843f063c1721b96823966.mp4' for writing
[hls @ 0xaaaaf75d3b90] Opening '/config/cache/transcodes/edf608859dde27843f063c1721b96823967.mp4' for writing
[hls @ 0xaaaaf75d3b90] Opening '/config/cache/transcodes/edf608859dde27843f063c1721b96823968.mp4' for writing
[hls @ 0xaaaaf75d3b90] Opening '/config/cache/transcodes/edf608859dde27843f063c1721b96823969.mp4' for writing
[hls @ 0xaaaaf75d3b90] Opening '/config/cache/transcodes/edf608859dde27843f063c1721b96823970.mp4' for writing
frame=69915 fps=793 q=29.0 size=N/A time=00:48:05.08 bitrate=N/A speed=32.7x    
[hls @ 0xaaaaf75d3b90] Opening '/config/cache/transcodes/edf608859dde27843f063c1721b96823971.mp4' for writing
[hls @ 0xaaaaf75d3b90] Opening '/config/cache/transcodes/edf608859dde27843f063c1721b96823972.mp4' for writing
[hls @ 0xaaaaf75d3b90] Opening '/config/cache/transcodes/edf608859dde27843f063c1721b96823973.mp4' for writing
[hls @ 0xaaaaf75d3b90] Opening '/config/cache/transcodes/edf608859dde27843f063c1721b96823974.mp4' for writing
[hls @ 0xaaaaf75d3b90] Opening '/config/cache/transcodes/edf608859dde27843f063c1721b96823975.mp4' for writing
frame=70299 fps=793 q=32.0 size=N/A time=00:48:21.08 bitrate=N/A speed=32.7x    
[hls @ 0xaaaaf75d3b90] Opening '/config/cache/transcodes/edf608859dde27843f063c1721b96823976.mp4' for writing
[hls @ 0xaaaaf75d3b90] Opening '/config/cache/transcodes/edf608859dde27843f063c1721b96823977.mp4' for writing
[hls @ 0xaaaaf75d3b90] Opening '/config/cache/transcodes/edf608859dde27843f063c1721b96823978.mp4' for writing
[hls @ 0xaaaaf75d3b90] Opening '/config/cache/transcodes/edf608859dde27843f063c1721b96823979.mp4' for writing
frame=70624 fps=792 q=34.0 size=N/A time=00:48:34.62 bitrate=N/A speed=32.7x    
[hls @ 0xaaaaf75d3b90] Opening '/config/cache/transcodes/edf608859dde27843f063c1721b96823980.mp4' for writing
[hls @ 0xaaaaf75d3b90] Opening '/config/cache/transcodes/edf608859dde27843f063c1721b96823981.mp4' for writing
[hls @ 0xaaaaf75d3b90] Opening '/config/cache/transcodes/edf608859dde27843f063c1721b96823982.mp4' for writing
[hls @ 0xaaaaf75d3b90] Opening '/config/cache/transcodes/edf608859dde27843f063c1721b96823983.mp4' for writing
[hls @ 0xaaaaf75d3b90] Opening '/config/cache/transcodes/edf608859dde27843f063c1721b96823984.mp4' for writing
frame=70969 fps=791 q=31.0 size=N/A time=00:48:49.00 bitrate=N/A speed=32.7x    
[hls @ 0xaaaaf75d3b90] Opening '/config/cache/transcodes/edf608859dde27843f063c1721b96823985.mp4' for writing
[hls @ 0xaaaaf75d3b90] Opening '/config/cache/transcodes/edf608859dde27843f063c1721b96823986.mp4' for writing
[hls @ 0xaaaaf75d3b90] Opening '/config/cache/transcodes/edf608859dde27843f063c1721b96823987.mp4' for writing
[hls @ 0xaaaaf75d3b90] Opening '/config/cache/transcodes/edf608859dde27843f063c1721b96823988.mp4' for writing
[hls @ 0xaaaaf75d3b90] Opening '/config/cache/transcodes/edf608859dde27843f063c1721b96823989.mp4' for writing
frame=71346 fps=791 q=36.0 size=N/A time=00:49:04.70 bitrate=N/A speed=32.7x    
[hls @ 0xaaaaf75d3b90] Opening '/config/cache/transcodes/edf608859dde27843f063c1721b96823990.mp4' for writing
[hls @ 0xaaaaf75d3b90] Opening '/config/cache/transcodes/edf608859dde27843f063c1721b96823991.mp4' for writing
[hls @ 0xaaaaf75d3b90] Opening '/config/cache/transcodes/edf608859dde27843f063c1721b96823992.mp4' for writing
[hls @ 0xaaaaf75d3b90] Opening '/config/cache/transcodes/edf608859dde27843f063c1721b96823993.mp4' for writing
[hls @ 0xaaaaf75d3b90] Opening '/config/cache/transcodes/edf608859dde27843f063c1721b96823994.mp4' for writing
[hls @ 0xaaaaf75d3b90] Opening '/config/cache/transcodes/edf608859dde27843f063c1721b96823995.mp4' for writing
frame=71746 fps=791 q=34.0 size=N/A time=00:49:21.37 bitrate=N/A speed=32.7x    
[hls @ 0xaaaaf75d3b90] Opening '/config/cache/transcodes/edf608859dde27843f063c1721b96823996.mp4' for writing
[hls @ 0xaaaaf75d3b90] Opening '/config/cache/transcodes/edf608859dde27843f063c1721b96823997.mp4' for writing
[hls @ 0xaaaaf75d3b90] Opening '/config/cache/transcodes/edf608859dde27843f063c1721b96823998.mp4' for writing
[hls @ 0xaaaaf75d3b90] Opening '/config/cache/transcodes/edf608859dde27843f063c1721b96823999.mp4' for writing
[hls @ 0xaaaaf75d3b90] Opening '/config/cache/transcodes/edf608859dde27843f063c1721b968231000.mp4' for writing
frame=72138 fps=791 q=33.0 size=N/A time=00:49:37.70 bitrate=N/A speed=32.7x    
[hls @ 0xaaaaf75d3b90] Opening '/config/cache/transcodes/edf608859dde27843f063c1721b968231001.mp4' for writing
[hls @ 0xaaaaf75d3b90] Opening '/config/cache/transcodes/edf608859dde27843f063c1721b968231002.mp4' for writing
[hls @ 0xaaaaf75d3b90] Opening '/config/cache/transcodes/edf608859dde27843f063c1721b968231003.mp4' for writing
[hls @ 0xaaaaf75d3b90] Opening '/config/cache/transcodes/edf608859dde27843f063c1721b968231004.mp4' for writing
[hls @ 0xaaaaf75d3b90] Opening '/config/cache/transcodes/edf608859dde27843f063c1721b968231005.mp4' for writing
[hls @ 0xaaaaf75d3b90] Opening '/config/cache/transcodes/edf608859dde27843f063c1721b968231006.mp4' for writing
[hls @ 0xaaaaf75d3b90] Opening '/config/cache/transcodes/edf608859dde27843f063c1721b968231007.mp4' for writing
[hls @ 0xaaaaf75d3b90] Opening '/config/cache/transcodes/edf608859dde27843f063c1721b968231008.mp4' for writing
frame=72657 fps=792 q=28.0 size=N/A time=00:49:59.33 bitrate=N/A speed=32.7x    
[hls @ 0xaaaaf75d3b90] Opening '/config/cache/transcodes/edf608859dde27843f063c1721b968231009.mp4' for writing
[hls @ 0xaaaaf75d3b90] Opening '/config/cache/transcodes/edf608859dde27843f063c1721b968231010.mp4' for writing
[hls @ 0xaaaaf75d3b90] Opening '/config/cache/transcodes/edf608859dde27843f063c1721b968231011.mp4' for writing
[hls @ 0xaaaaf75d3b90] Opening '/config/cache/transcodes/edf608859dde27843f063c1721b968231012.mp4' for writing
[hls @ 0xaaaaf75d3b90] Opening '/config/cache/transcodes/edf608859dde27843f063c1721b968231013.mp4' for writing
[hls @ 0xaaaaf75d3b90] Opening '/config/cache/transcodes/edf608859dde27843f063c1721b968231014.mp4' for writing
[hls @ 0xaaaaf75d3b90] Opening '/config/cache/transcodes/edf608859dde27843f063c1721b968231015.mp4' for writing
frame=73176 fps=794 q=28.0 size=N/A time=00:50:20.95 bitrate=N/A speed=32.8x    
[hls @ 0xaaaaf75d3b90] Opening '/config/cache/transcodes/edf608859dde27843f063c1721b968231016.mp4' for writing
[hls @ 0xaaaaf75d3b90] Opening '/config/cache/transcodes/edf608859dde27843f063c1721b968231017.mp4' for writing
[hls @ 0xaaaaf75d3b90] Opening '/config/cache/transcodes/edf608859dde27843f063c1721b968231018.mp4' for writing
[hls @ 0xaaaaf75d3b90] Opening '/config/cache/transcodes/edf608859dde27843f063c1721b968231019.mp4' for writing
[hls @ 0xaaaaf75d3b90] Opening '/config/cache/transcodes/edf608859dde27843f063c1721b968231020.mp4' for writing
[hls @ 0xaaaaf75d3b90] Opening '/config/cache/transcodes/edf608859dde27843f063c1721b968231021.mp4' for writing
[hls @ 0xaaaaf75d3b90] Opening '/config/cache/transcodes/edf608859dde27843f063c1721b968231022.mp4' for writing
frame=73703 fps=795 q=28.0 size=N/A time=00:50:42.91 bitrate=N/A speed=32.8x    
[hls @ 0xaaaaf75d3b90] Opening '/config/cache/transcodes/edf608859dde27843f063c1721b968231023.mp4' for writing
[hls @ 0xaaaaf75d3b90] Opening '/config/cache/transcodes/edf608859dde27843f063c1721b968231024.mp4' for writing
[hls @ 0xaaaaf75d3b90] Opening '/config/cache/transcodes/edf608859dde27843f063c1721b968231025.mp4' for writing
[hls @ 0xaaaaf75d3b90] Opening '/config/cache/transcodes/edf608859dde27843f063c1721b968231026.mp4' for writing
[hls @ 0xaaaaf75d3b90] Opening '/config/cache/transcodes/edf608859dde27843f063c1721b968231027.mp4' for writing
[hls @ 0xaaaaf75d3b90] Opening '/config/cache/transcodes/edf608859dde27843f063c1721b968231028.mp4' for writing
[hls @ 0xaaaaf75d3b90] Opening '/config/cache/transcodes/edf608859dde27843f063c1721b968231029.mp4' for writing
frame=74202 fps=796 q=28.0 size=N/A time=00:51:03.70 bitrate=N/A speed=32.9x    
[hls @ 0xaaaaf75d3b90] Opening '/config/cache/transcodes/edf608859dde27843f063c1721b968231030.mp4' for writing
[hls @ 0xaaaaf75d3b90] Opening '/config/cache/transcodes/edf608859dde27843f063c1721b968231031.mp4' for writing
[hls @ 0xaaaaf75d3b90] Opening '/config/cache/transcodes/edf608859dde27843f063c1721b968231032.mp4' for writing
[hls @ 0xaaaaf75d3b90] Opening '/config/cache/transcodes/edf608859dde27843f063c1721b968231033.mp4' for writing
[hls @ 0xaaaaf75d3b90] Opening '/config/cache/transcodes/edf608859dde27843f063c1721b968231034.mp4' for writing
[hls @ 0xaaaaf75d3b90] Opening '/config/cache/transcodes/edf608859dde27843f063c1721b968231035.mp4' for writing
[hls @ 0xaaaaf75d3b90] Opening '/config/cache/transcodes/edf608859dde27843f063c1721b968231036.mp4' for writing
frame=74695 fps=797 q=28.0 size=N/A time=00:51:24.25 bitrate=N/A speed=32.9x    
[hls @ 0xaaaaf75d3b90] Opening '/config/cache/transcodes/edf608859dde27843f063c1721b968231037.mp4' for writing
[hls @ 0xaaaaf75d3b90] Opening '/config/cache/transcodes/edf608859dde27843f063c1721b968231038.mp4' for writing
[hls @ 0xaaaaf75d3b90] Opening '/config/cache/transcodes/edf608859dde27843f063c1721b968231039.mp4' for writing
[hls @ 0xaaaaf75d3b90] Opening '/config/cache/transcodes/edf608859dde27843f063c1721b968231040.mp4' for writing
[hls @ 0xaaaaf75d3b90] Opening '/config/cache/transcodes/edf608859dde27843f063c1721b968231041.mp4' for writing
[hls @ 0xaaaaf75d3b90] Opening '/config/cache/transcodes/edf608859dde27843f063c1721b968231042.mp4' for writing
frame=75124 fps=798 q=28.0 size=N/A time=00:51:42.12 bitrate=N/A speed=32.9x    
[hls @ 0xaaaaf75d3b90] Opening '/config/cache/transcodes/edf608859dde27843f063c1721b968231043.mp4' for writing
[hls @ 0xaaaaf75d3b90] Opening '/config/cache/transcodes/edf608859dde27843f063c1721b968231044.mp4' for writing
[hls @ 0xaaaaf75d3b90] Opening '/config/cache/transcodes/edf608859dde27843f063c1721b968231045.mp4' for writing
[hls @ 0xaaaaf75d3b90] Opening '/config/cache/transcodes/edf608859dde27843f063c1721b968231046.mp4' for writing
[hls @ 0xaaaaf75d3b90] Opening '/config/cache/transcodes/edf608859dde27843f063c1721b968231047.mp4' for writing
[hls @ 0xaaaaf75d3b90] Opening '/config/cache/transcodes/edf608859dde27843f063c1721b968231048.mp4' for writing
frame=75553 fps=798 q=28.0 size=N/A time=00:52:00.04 bitrate=N/A speed=32.9x    
[hls @ 0xaaaaf75d3b90] Opening '/config/cache/transcodes/edf608859dde27843f063c1721b968231049.mp4' for writing
[hls @ 0xaaaaf75d3b90] Opening '/config/cache/transcodes/edf608859dde27843f063c1721b968231050.mp4' for writing
[hls @ 0xaaaaf75d3b90] Opening '/config/cache/transcodes/edf608859dde27843f063c1721b968231051.mp4' for writing
[hls @ 0xaaaaf75d3b90] Opening '/config/cache/transcodes/edf608859dde27843f063c1721b968231052.mp4' for writing
[hls @ 0xaaaaf75d3b90] Opening '/config/cache/transcodes/edf608859dde27843f063c1721b968231053.mp4' for writing
frame=75949 fps=798 q=28.0 size=N/A time=00:52:16.50 bitrate=N/A speed=32.9x    
[hls @ 0xaaaaf75d3b90] Opening '/config/cache/transcodes/edf608859dde27843f063c1721b968231054.mp4' for writing
[hls @ 0xaaaaf75d3b90] Opening '/config/cache/transcodes/edf608859dde27843f063c1721b968231055.mp4' for writing
[hls @ 0xaaaaf75d3b90] Opening '/config/cache/transcodes/edf608859dde27843f063c1721b968231056.mp4' for writing
[hls @ 0xaaaaf75d3b90] Opening '/config/cache/transcodes/edf608859dde27843f063c1721b968231057.mp4' for writing
[hls @ 0xaaaaf75d3b90] Opening '/config/cache/transcodes/edf608859dde27843f063c1721b968231058.mp4' for writing
frame=76287 fps=797 q=28.0 size=N/A time=00:52:30.58 bitrate=N/A speed=32.9x    
[hls @ 0xaaaaf75d3b90] Opening '/config/cache/transcodes/edf608859dde27843f063c1721b968231059.mp4' for writing
[hls @ 0xaaaaf75d3b90] Opening '/config/cache/transcodes/edf608859dde27843f063c1721b968231060.mp4' for writing
[hls @ 0xaaaaf75d3b90] Opening '/config/cache/transcodes/edf608859dde27843f063c1721b968231061.mp4' for writing
[hls @ 0xaaaaf75d3b90] Opening '/config/cache/transcodes/edf608859dde27843f063c1721b968231062.mp4' for writing
[hls @ 0xaaaaf75d3b90] Opening '/config/cache/transcodes/edf608859dde27843f063c1721b968231063.mp4' for writing
frame=76654 fps=797 q=28.0 size=N/A time=00:52:45.87 bitrate=N/A speed=32.9x    
[hls @ 0xaaaaf75d3b90] Opening '/config/cache/transcodes/edf608859dde27843f063c1721b968231064.mp4' for writing
[hls @ 0xaaaaf75d3b90] Opening '/config/cache/transcodes/edf608859dde27843f063c1721b968231065.mp4' for writing
[hls @ 0xaaaaf75d3b90] Opening '/config/cache/transcodes/edf608859dde27843f063c1721b968231066.mp4' for writing
[hls @ 0xaaaaf75d3b90] Opening '/config/cache/transcodes/edf608859dde27843f063c1721b968231067.mp4' for writing
[hls @ 0xaaaaf75d3b90] Opening '/config/cache/transcodes/edf608859dde27843f063c1721b968231068.mp4' for writing
frame=77014 fps=796 q=29.0 size=N/A time=00:53:00.87 bitrate=N/A speed=32.9x    
[hls @ 0xaaaaf75d3b90] Opening '/config/cache/transcodes/edf608859dde27843f063c1721b968231069.mp4' for writing
[hls @ 0xaaaaf75d3b90] Opening '/config/cache/transcodes/edf608859dde27843f063c1721b968231070.mp4' for writing
[hls @ 0xaaaaf75d3b90] Opening '/config/cache/transcodes/edf608859dde27843f063c1721b968231071.mp4' for writing
[hls @ 0xaaaaf75d3b90] Opening '/config/cache/transcodes/edf608859dde27843f063c1721b968231072.mp4' for writing
[hls @ 0xaaaaf75d3b90] Opening '/config/cache/transcodes/edf608859dde27843f063c1721b968231073.mp4' for writing
[hls @ 0xaaaaf75d3b90] Opening '/config/cache/transcodes/edf608859dde27843f063c1721b968231074.mp4' for writing
frame=77419 fps=796 q=28.0 size=N/A time=00:53:17.75 bitrate=N/A speed=32.9x    
[hls @ 0xaaaaf75d3b90] Opening '/config/cache/transcodes/edf608859dde27843f063c1721b968231075.mp4' for writing
[hls @ 0xaaaaf75d3b90] Opening '/config/cache/transcodes/edf608859dde27843f063c1721b968231076.mp4' for writing
[hls @ 0xaaaaf75d3b90] Opening '/config/cache/transcodes/edf608859dde27843f063c1721b968231077.mp4' for writing
[hls @ 0xaaaaf75d3b90] Opening '/config/cache/transcodes/edf608859dde27843f063c1721b968231078.mp4' for writing
[hls @ 0xaaaaf75d3b90] Opening '/config/cache/transcodes/edf608859dde27843f063c1721b968231079.mp4' for writing
[hls @ 0xaaaaf75d3b90] Opening '/config/cache/transcodes/edf608859dde27843f063c1721b968231080.mp4' for writing
frame=77846 fps=797 q=28.0 size=N/A time=00:53:35.54 bitrate=N/A speed=32.9x    
[hls @ 0xaaaaf75d3b90] Opening '/config/cache/transcodes/edf608859dde27843f063c1721b968231081.mp4' for writing
[hls @ 0xaaaaf75d3b90] Opening '/config/cache/transcodes/edf608859dde27843f063c1721b968231082.mp4' for writing
[hls @ 0xaaaaf75d3b90] Opening '/config/cache/transcodes/edf608859dde27843f063c1721b968231083.mp4' for writing
[hls @ 0xaaaaf75d3b90] Opening '/config/cache/transcodes/edf608859dde27843f063c1721b968231084.mp4' for writing
[hls @ 0xaaaaf75d3b90] Opening '/config/cache/transcodes/edf608859dde27843f063c1721b968231085.mp4' for writing
[hls @ 0xaaaaf75d3b90] Opening '/config/cache/transcodes/edf608859dde27843f063c1721b968231086.mp4' for writing
frame=78301 fps=797 q=28.0 size=N/A time=00:53:54.50 bitrate=N/A speed=32.9x    
[hls @ 0xaaaaf75d3b90] Opening '/config/cache/transcodes/edf608859dde27843f063c1721b968231087.mp4' for writing
[hls @ 0xaaaaf75d3b90] Opening '/config/cache/transcodes/edf608859dde27843f063c1721b968231088.mp4' for writing
[hls @ 0xaaaaf75d3b90] Opening '/config/cache/transcodes/edf608859dde27843f063c1721b968231089.mp4' for writing
[hls @ 0xaaaaf75d3b90] Opening '/config/cache/transcodes/edf608859dde27843f063c1721b968231090.mp4' for writing
[hls @ 0xaaaaf75d3b90] Opening '/config/cache/transcodes/edf608859dde27843f063c1721b968231091.mp4' for writing
[hls @ 0xaaaaf75d3b90] Opening '/config/cache/transcodes/edf608859dde27843f063c1721b968231092.mp4' for writing
frame=78766 fps=798 q=28.0 size=N/A time=00:54:13.87 bitrate=N/A speed=  33x    
[hls @ 0xaaaaf75d3b90] Opening '/config/cache/transcodes/edf608859dde27843f063c1721b968231093.mp4' for writing
[hls @ 0xaaaaf75d3b90] Opening '/config/cache/transcodes/edf608859dde27843f063c1721b968231094.mp4' for writing
[hls @ 0xaaaaf75d3b90] Opening '/config/cache/transcodes/edf608859dde27843f063c1721b968231095.mp4' for writing
[hls @ 0xaaaaf75d3b90] Opening '/config/cache/transcodes/edf608859dde27843f063c1721b968231096.mp4' for writing
[hls @ 0xaaaaf75d3b90] Opening '/config/cache/transcodes/edf608859dde27843f063c1721b968231097.mp4' for writing
[hls @ 0xaaaaf75d3b90] Opening '/config/cache/transcodes/edf608859dde27843f063c1721b968231098.mp4' for writing
[hls @ 0xaaaaf75d3b90] Opening '/config/cache/transcodes/edf608859dde27843f063c1721b968231099.mp4' for writing
frame=79210 fps=798 q=28.0 size=N/A time=00:54:32.37 bitrate=N/A speed=  33x    
[hls @ 0xaaaaf75d3b90] Opening '/config/cache/transcodes/edf608859dde27843f063c1721b968231100.mp4' for writing
[hls @ 0xaaaaf75d3b90] Opening '/config/cache/transcodes/edf608859dde27843f063c1721b968231101.mp4' for writing
[hls @ 0xaaaaf75d3b90] Opening '/config/cache/transcodes/edf608859dde27843f063c1721b968231102.mp4' for writing
[hls @ 0xaaaaf75d3b90] Opening '/config/cache/transcodes/edf608859dde27843f063c1721b968231103.mp4' for writing
[hls @ 0xaaaaf75d3b90] Opening '/config/cache/transcodes/edf608859dde27843f063c1721b968231104.mp4' for writing
frame=79624 fps=799 q=28.0 size=N/A time=00:54:49.62 bitrate=N/A speed=  33x    
[hls @ 0xaaaaf75d3b90] Opening '/config/cache/transcodes/edf608859dde27843f063c1721b968231105.mp4' for writing
[hls @ 0xaaaaf75d3b90] Opening '/config/cache/transcodes/edf608859dde27843f063c1721b968231106.mp4' for writing
[hls @ 0xaaaaf75d3b90] Opening '/config/cache/transcodes/edf608859dde27843f063c1721b968231107.mp4' for writing
[hls @ 0xaaaaf75d3b90] Opening '/config/cache/transcodes/edf608859dde27843f063c1721b968231108.mp4' for writing
[hls @ 0xaaaaf75d3b90] Opening '/config/cache/transcodes/edf608859dde27843f063c1721b968231109.mp4' for writing
[hls @ 0xaaaaf75d3b90] Opening '/config/cache/transcodes/edf608859dde27843f063c1721b968231110.mp4' for writing
frame=80025 fps=799 q=28.0 size=N/A time=00:55:06.33 bitrate=N/A speed=  33x    
[hls @ 0xaaaaf75d3b90] Opening '/config/cache/transcodes/edf608859dde27843f063c1721b968231111.mp4' for writing
[hls @ 0xaaaaf75d3b90] Opening '/config/cache/transcodes/edf608859dde27843f063c1721b968231112.mp4' for writing
[hls @ 0xaaaaf75d3b90] Opening '/config/cache/transcodes/edf608859dde27843f063c1721b968231113.mp4' for writing
[hls @ 0xaaaaf75d3b90] Opening '/config/cache/transcodes/edf608859dde27843f063c1721b968231114.mp4' for writing
[hls @ 0xaaaaf75d3b90] Opening '/config/cache/transcodes/edf608859dde27843f063c1721b968231115.mp4' for writing
frame=80373 fps=798 q=29.0 size=N/A time=00:55:20.83 bitrate=N/A speed=  33x    
[hls @ 0xaaaaf75d3b90] Opening '/config/cache/transcodes/edf608859dde27843f063c1721b968231116.mp4' for writing
[hls @ 0xaaaaf75d3b90] Opening '/config/cache/transcodes/edf608859dde27843f063c1721b968231117.mp4' for writing
[hls @ 0xaaaaf75d3b90] Opening '/config/cache/transcodes/edf608859dde27843f063c1721b968231118.mp4' for writing
[hls @ 0xaaaaf75d3b90] Opening '/config/cache/transcodes/edf608859dde27843f063c1721b968231119.mp4' for writing
[hls @ 0xaaaaf75d3b90] Opening '/config/cache/transcodes/edf608859dde27843f063c1721b968231120.mp4' for writing
frame=80738 fps=798 q=31.0 size=N/A time=00:55:36.08 bitrate=N/A speed=  33x    
[hls @ 0xaaaaf75d3b90] Opening '/config/cache/transcodes/edf608859dde27843f063c1721b968231121.mp4' for writing
[hls @ 0xaaaaf75d3b90] Opening '/config/cache/transcodes/edf608859dde27843f063c1721b968231122.mp4' for writing
[hls @ 0xaaaaf75d3b90] Opening '/config/cache/transcodes/edf608859dde27843f063c1721b968231123.mp4' for writing
[hls @ 0xaaaaf75d3b90] Opening '/config/cache/transcodes/edf608859dde27843f063c1721b968231124.mp4' for writing
[hls @ 0xaaaaf75d3b90] Opening '/config/cache/transcodes/edf608859dde27843f063c1721b968231125.mp4' for writing
[hls @ 0xaaaaf75d3b90] Opening '/config/cache/transcodes/edf608859dde27843f063c1721b968231126.mp4' for writing
frame=81148 fps=798 q=28.0 size=N/A time=00:55:53.12 bitrate=N/A speed=  33x    
[hls @ 0xaaaaf75d3b90] Opening '/config/cache/transcodes/edf608859dde27843f063c1721b968231127.mp4' for writing
[hls @ 0xaaaaf75d3b90] Opening '/config/cache/transcodes/edf608859dde27843f063c1721b968231128.mp4' for writing
[hls @ 0xaaaaf75d3b90] Opening '/config/cache/transcodes/edf608859dde27843f063c1721b968231129.mp4' for writing
[hls @ 0xaaaaf75d3b90] Opening '/config/cache/transcodes/edf608859dde27843f063c1721b968231130.mp4' for writing
[hls @ 0xaaaaf75d3b90] Opening '/config/cache/transcodes/edf608859dde27843f063c1721b968231131.mp4' for writing
frame=81568 fps=798 q=30.0 size=N/A time=00:56:10.62 bitrate=N/A speed=  33x    
[hls @ 0xaaaaf75d3b90] Opening '/config/cache/transcodes/edf608859dde27843f063c1721b968231132.mp4' for writing
[hls @ 0xaaaaf75d3b90] Opening '/config/cache/transcodes/edf608859dde27843f063c1721b968231133.mp4' for writing
[hls @ 0xaaaaf75d3b90] Opening '/config/cache/transcodes/edf608859dde27843f063c1721b968231134.mp4' for writing
[hls @ 0xaaaaf75d3b90] Opening '/config/cache/transcodes/edf608859dde27843f063c1721b968231135.mp4' for writing
[hls @ 0xaaaaf75d3b90] Opening '/config/cache/transcodes/edf608859dde27843f063c1721b968231136.mp4' for writing
[hls @ 0xaaaaf75d3b90] Opening '/config/cache/transcodes/edf608859dde27843f063c1721b968231137.mp4' for writing
[hls @ 0xaaaaf75d3b90] Opening '/config/cache/transcodes/edf608859dde27843f063c1721b968231138.mp4' for writing
frame=82032 fps=799 q=28.0 size=N/A time=00:56:29.95 bitrate=N/A speed=  33x    
[hls @ 0xaaaaf75d3b90] Opening '/config/cache/transcodes/edf608859dde27843f063c1721b968231139.mp4' for writing
[hls @ 0xaaaaf75d3b90] Opening '/config/cache/transcodes/edf608859dde27843f063c1721b968231140.mp4' for writing
[hls @ 0xaaaaf75d3b90] Opening '/config/cache/transcodes/edf608859dde27843f063c1721b968231141.mp4' for writing
[hls @ 0xaaaaf75d3b90] Opening '/config/cache/transcodes/edf608859dde27843f063c1721b968231142.mp4' for writing
[hls @ 0xaaaaf75d3b90] Opening '/config/cache/transcodes/edf608859dde27843f063c1721b968231143.mp4' for writing
[hls @ 0xaaaaf75d3b90] Opening '/config/cache/transcodes/edf608859dde27843f063c1721b968231144.mp4' for writing
frame=82512 fps=799 q=28.0 size=N/A time=00:56:49.95 bitrate=N/A speed=  33x    
[hls @ 0xaaaaf75d3b90] Opening '/config/cache/transcodes/edf608859dde27843f063c1721b968231145.mp4' for writing
[hls @ 0xaaaaf75d3b90] Opening '/config/cache/transcodes/edf608859dde27843f063c1721b968231146.mp4' for writing
[hls @ 0xaaaaf75d3b90] Opening '/config/cache/transcodes/edf608859dde27843f063c1721b968231147.mp4' for writing
[hls @ 0xaaaaf75d3b90] Opening '/config/cache/transcodes/edf608859dde27843f063c1721b968231148.mp4' for writing
[hls @ 0xaaaaf75d3b90] Opening '/config/cache/transcodes/edf608859dde27843f063c1721b968231149.mp4' for writing
[hls @ 0xaaaaf75d3b90] Opening '/config/cache/transcodes/edf608859dde27843f063c1721b968231150.mp4' for writing
[hls @ 0xaaaaf75d3b90] Opening '/config/cache/transcodes/edf608859dde27843f063c1721b968231151.mp4' for writing
frame=82960 fps=800 q=28.0 size=N/A time=00:57:08.62 bitrate=N/A speed=33.1x    
[hls @ 0xaaaaf75d3b90] Opening '/config/cache/transcodes/edf608859dde27843f063c1721b968231152.mp4' for writing
[hls @ 0xaaaaf75d3b90] Opening '/config/cache/transcodes/edf608859dde27843f063c1721b968231153.mp4' for writing
[hls @ 0xaaaaf75d3b90] Opening '/config/cache/transcodes/edf608859dde27843f063c1721b968231154.mp4' for writing
[hls @ 0xaaaaf75d3b90] Opening '/config/cache/transcodes/edf608859dde27843f063c1721b968231155.mp4' for writing
[hls @ 0xaaaaf75d3b90] Opening '/config/cache/transcodes/edf608859dde27843f063c1721b968231156.mp4' for writing
[hls @ 0xaaaaf75d3b90] Opening '/config/cache/transcodes/edf608859dde27843f063c1721b968231157.mp4' for writing
frame=83394 fps=800 q=31.0 size=N/A time=00:57:26.70 bitrate=N/A speed=33.1x    
[hls @ 0xaaaaf75d3b90] Opening '/config/cache/transcodes/edf608859dde27843f063c1721b968231158.mp4' for writing
[hls @ 0xaaaaf75d3b90] Opening '/config/cache/transcodes/edf608859dde27843f063c1721b968231159.mp4' for writing
[hls @ 0xaaaaf75d3b90] Opening '/config/cache/transcodes/edf608859dde27843f063c1721b968231160.mp4' for writing
[hls @ 0xaaaaf75d3b90] Opening '/config/cache/transcodes/edf608859dde27843f063c1721b968231161.mp4' for writing
[hls @ 0xaaaaf75d3b90] Opening '/config/cache/transcodes/edf608859dde27843f063c1721b968231162.mp4' for writing
frame=83779 fps=800 q=29.0 size=N/A time=00:57:42.75 bitrate=N/A speed=33.1x    
[hls @ 0xaaaaf75d3b90] Opening '/config/cache/transcodes/edf608859dde27843f063c1721b968231163.mp4' for writing
[hls @ 0xaaaaf75d3b90] Opening '/config/cache/transcodes/edf608859dde27843f063c1721b968231164.mp4' for writing
[hls @ 0xaaaaf75d3b90] Opening '/config/cache/transcodes/edf608859dde27843f063c1721b968231165.mp4' for writing
[hls @ 0xaaaaf75d3b90] Opening '/config/cache/transcodes/edf608859dde27843f063c1721b968231166.mp4' for writing
[hls @ 0xaaaaf75d3b90] Opening '/config/cache/transcodes/edf608859dde27843f063c1721b968231167.mp4' for writing
[hls @ 0xaaaaf75d3b90] Opening '/config/cache/transcodes/edf608859dde27843f063c1721b968231168.mp4' for writing
frame=84226 fps=800 q=28.0 size=N/A time=00:58:01.37 bitrate=N/A speed=33.1x    
[hls @ 0xaaaaf75d3b90] Opening '/config/cache/transcodes/edf608859dde27843f063c1721b968231169.mp4' for writing
[hls @ 0xaaaaf75d3b90] Opening '/config/cache/transcodes/edf608859dde27843f063c1721b968231170.mp4' for writing
[hls @ 0xaaaaf75d3b90] Opening '/config/cache/transcodes/edf608859dde27843f063c1721b968231171.mp4' for writing
[hls @ 0xaaaaf75d3b90] Opening '/config/cache/transcodes/edf608859dde27843f063c1721b968231172.mp4' for writing
[hls @ 0xaaaaf75d3b90] Opening '/config/cache/transcodes/edf608859dde27843f063c1721b968231173.mp4' for writing
[hls @ 0xaaaaf75d3b90] Opening '/config/cache/transcodes/edf608859dde27843f063c1721b968231174.mp4' for writing
[hls @ 0xaaaaf75d3b90] Opening '/config/cache/transcodes/edf608859dde27843f063c1721b968231175.mp4' for writing
frame=84674 fps=801 q=29.0 size=N/A time=00:58:20.04 bitrate=N/A speed=33.1x    
[hls @ 0xaaaaf75d3b90] Opening '/config/cache/transcodes/edf608859dde27843f063c1721b968231176.mp4' for writing
[hls @ 0xaaaaf75d3b90] Opening '/config/cache/transcodes/edf608859dde27843f063c1721b968231177.mp4' for writing
[hls @ 0xaaaaf75d3b90] Opening '/config/cache/transcodes/edf608859dde27843f063c1721b968231178.mp4' for writing
[hls @ 0xaaaaf75d3b90] Opening '/config/cache/transcodes/edf608859dde27843f063c1721b968231179.mp4' for writing
[hls @ 0xaaaaf75d3b90] Opening '/config/cache/transcodes/edf608859dde27843f063c1721b968231180.mp4' for writing
frame=85075 fps=801 q=29.0 size=N/A time=00:58:36.75 bitrate=N/A speed=33.1x    
[hls @ 0xaaaaf75d3b90] Opening '/config/cache/transcodes/edf608859dde27843f063c1721b968231181.mp4' for writing
[hls @ 0xaaaaf75d3b90] Opening '/config/cache/transcodes/edf608859dde27843f063c1721b968231182.mp4' for writing
[hls @ 0xaaaaf75d3b90] Opening '/config/cache/transcodes/edf608859dde27843f063c1721b968231183.mp4' for writing
[hls @ 0xaaaaf75d3b90] Opening '/config/cache/transcodes/edf608859dde27843f063c1721b968231184.mp4' for writing
[hls @ 0xaaaaf75d3b90] Opening '/config/cache/transcodes/edf608859dde27843f063c1721b968231185.mp4' for writing
[hls @ 0xaaaaf75d3b90] Opening '/config/cache/transcodes/edf608859dde27843f063c1721b968231186.mp4' for writing
frame=85493 fps=801 q=29.0 size=N/A time=00:58:54.20 bitrate=N/A speed=33.1x    
[hls @ 0xaaaaf75d3b90] Opening '/config/cache/transcodes/edf608859dde27843f063c1721b968231187.mp4' for writing
[hls @ 0xaaaaf75d3b90] Opening '/config/cache/transcodes/edf608859dde27843f063c1721b968231188.mp4' for writing
[hls @ 0xaaaaf75d3b90] Opening '/config/cache/transcodes/edf608859dde27843f063c1721b968231189.mp4' for writing
[hls @ 0xaaaaf75d3b90] Opening '/config/cache/transcodes/edf608859dde27843f063c1721b968231190.mp4' for writing
[hls @ 0xaaaaf75d3b90] Opening '/config/cache/transcodes/edf608859dde27843f063c1721b968231191.mp4' for writing
frame=85891 fps=801 q=32.0 size=N/A time=00:59:10.75 bitrate=N/A speed=33.1x    
[hls @ 0xaaaaf75d3b90] Opening '/config/cache/transcodes/edf608859dde27843f063c1721b968231192.mp4' for writing
[hls @ 0xaaaaf75d3b90] Opening '/config/cache/transcodes/edf608859dde27843f063c1721b968231193.mp4' for writing
[hls @ 0xaaaaf75d3b90] Opening '/config/cache/transcodes/edf608859dde27843f063c1721b968231194.mp4' for writing
[hls @ 0xaaaaf75d3b90] Opening '/config/cache/transcodes/edf608859dde27843f063c1721b968231195.mp4' for writing
[hls @ 0xaaaaf75d3b90] Opening '/config/cache/transcodes/edf608859dde27843f063c1721b968231196.mp4' for writing
[hls @ 0xaaaaf75d3b90] Opening '/config/cache/transcodes/edf608859dde27843f063c1721b968231197.mp4' for writing
frame=86260 fps=801 q=30.0 size=N/A time=00:59:26.12 bitrate=N/A speed=33.1x    
[hls @ 0xaaaaf75d3b90] Opening '/config/cache/transcodes/edf608859dde27843f063c1721b968231198.mp4' for writing
[hls @ 0xaaaaf75d3b90] Opening '/config/cache/transcodes/edf608859dde27843f063c1721b968231199.mp4' for writing
[hls @ 0xaaaaf75d3b90] Opening '/config/cache/transcodes/edf608859dde27843f063c1721b968231200.mp4' for writing
[hls @ 0xaaaaf75d3b90] Opening '/config/cache/transcodes/edf608859dde27843f063c1721b968231201.mp4' for writing
[hls @ 0xaaaaf75d3b90] Opening '/config/cache/transcodes/edf608859dde27843f063c1721b968231202.mp4' for writing
frame=86622 fps=800 q=29.0 size=N/A time=00:59:41.20 bitrate=N/A speed=33.1x    
[hls @ 0xaaaaf75d3b90] Opening '/config/cache/transcodes/edf608859dde27843f063c1721b968231203.mp4' for writing
[hls @ 0xaaaaf75d3b90] Opening '/config/cache/transcodes/edf608859dde27843f063c1721b968231204.mp4' for writing
[hls @ 0xaaaaf75d3b90] Opening '/config/cache/transcodes/edf608859dde27843f063c1721b968231205.mp4' for writing
[hls @ 0xaaaaf75d3b90] Opening '/config/cache/transcodes/edf608859dde27843f063c1721b968231206.mp4' for writing
[hls @ 0xaaaaf75d3b90] Opening '/config/cache/transcodes/edf608859dde27843f063c1721b968231207.mp4' for writing
[hls @ 0xaaaaf75d3b90] Opening '/config/cache/transcodes/edf608859dde27843f063c1721b968231208.mp4' for writing
frame=87075 fps=801 q=28.0 size=N/A time=01:00:00.12 bitrate=N/A speed=33.1x    
[hls @ 0xaaaaf75d3b90] Opening '/config/cache/transcodes/edf608859dde27843f063c1721b968231209.mp4' for writing
[hls @ 0xaaaaf75d3b90] Opening '/config/cache/transcodes/edf608859dde27843f063c1721b968231210.mp4' for writing
[hls @ 0xaaaaf75d3b90] Opening '/config/cache/transcodes/edf608859dde27843f063c1721b968231211.mp4' for writing
[hls @ 0xaaaaf75d3b90] Opening '/config/cache/transcodes/edf608859dde27843f063c1721b968231212.mp4' for writing
[hls @ 0xaaaaf75d3b90] Opening '/config/cache/transcodes/edf608859dde27843f063c1721b968231213.mp4' for writing
[hls @ 0xaaaaf75d3b90] Opening '/config/cache/transcodes/edf608859dde27843f063c1721b968231214.mp4' for writing
[hls @ 0xaaaaf75d3b90] Opening '/config/cache/transcodes/edf608859dde27843f063c1721b968231215.mp4' for writing
frame=87559 fps=802 q=28.0 size=N/A time=01:00:20.25 bitrate=N/A speed=33.1x    
[hls @ 0xaaaaf75d3b90] Opening '/config/cache/transcodes/edf608859dde27843f063c1721b968231216.mp4' for writing
[hls @ 0xaaaaf75d3b90] Opening '/config/cache/transcodes/edf608859dde27843f063c1721b968231217.mp4' for writing
[hls @ 0xaaaaf75d3b90] Opening '/config/cache/transcodes/edf608859dde27843f063c1721b968231218.mp4' for writing
[hls @ 0xaaaaf75d3b90] Opening '/config/cache/transcodes/edf608859dde27843f063c1721b968231219.mp4' for writing
[hls @ 0xaaaaf75d3b90] Opening '/config/cache/transcodes/edf608859dde27843f063c1721b968231220.mp4' for writing
[hls @ 0xaaaaf75d3b90] Opening '/config/cache/transcodes/edf608859dde27843f063c1721b968231221.mp4' for writing


[q] command received. Exiting.

[hls @ 0xaaaaf75d3b90] Opening '/config/cache/transcodes/edf608859dde27843f063c1721b968231222.mp4' for writing
[hls @ 0xaaaaf75d3b90] Opening '/config/cache/transcodes/edf608859dde27843f063c1721b968231223.mp4' for writing
[out#0/hls @ 0xaaaaf75cb330] video:228748KiB audio:114693KiB subtitle:0KiB other streams:0KiB global headers:0KiB muxing overhead: unknown
frame=88086 fps=803 q=-1.0 Lsize=N/A time=01:00:42.18 bitrate=N/A speed=33.2x    
[libx264 @ 0xaaaaf75d3000] frame I:1224  Avg QP:23.78  size: 27745
[libx264 @ 0xaaaaf75d3000] frame P:27802 Avg QP:26.96  size:  5581
[libx264 @ 0xaaaaf75d3000] frame B:59060 Avg QP:31.06  size:   764
[libx264 @ 0xaaaaf75d3000] consecutive B-frames:  7.5%  7.7%  5.2% 79.6%
[libx264 @ 0xaaaaf75d3000] mb I  I16..4: 13.6% 48.8% 37.6%
[libx264 @ 0xaaaaf75d3000] mb P  I16..4:  4.2% 10.6%  1.9%  P16..4: 23.3%  9.3%  3.9%  0.0%  0.0%    skip:46.8%
[libx264 @ 0xaaaaf75d3000] mb B  I16..4:  0.5%  0.9%  0.0%  B16..8:  8.0%  2.7%  0.2%  direct: 1.7%  skip:85.9%  L0:38.6% L1:46.7% BI:14.7%
[libx264 @ 0xaaaaf75d3000] 8x8 transform intra:60.8% inter:29.9%
[libx264 @ 0xaaaaf75d3000] coded y,uvDC,uvAC intra: 49.0% 42.2% 14.2% inter: 4.8% 3.7% 0.1%
[libx264 @ 0xaaaaf75d3000] i16 v,h,dc,p: 38% 27% 18% 18%
[libx264 @ 0xaaaaf75d3000] i8 v,h,dc,ddl,ddr,vr,hd,vl,hu: 22% 16% 19%  5%  8%  7%  7%  7%  9%
[libx264 @ 0xaaaaf75d3000] i4 v,h,dc,ddl,ddr,vr,hd,vl,hu: 30% 20% 13%  4%  8%  6%  6%  6%  8%
[libx264 @ 0xaaaaf75d3000] i8c dc,h,v,p: 50% 19% 23%  7%
[libx264 @ 0xaaaaf75d3000] Weighted P-Frames: Y:1.8% UV:1.1%
[libx264 @ 0xaaaaf75d3000] kb/s:510.56