{"Protocol":0,"Id":"df07b371a368c4f750ac3bfd013b42b4","Path":"/data/media/movies/Ne Zha 2 (2025)/Ne Zha 2 2025 1080p Chinese WEB-DL HEVC x265 5.1 BONE.mkv","EncoderPath":null,"EncoderProtocol":null,"Type":0,"Container":"mkv","Size":2083164888,"Name":"Ne Zha 2 2025 1080p Chinese WEB-DL HEVC x265 5.1 BONE","IsRemote":false,"ETag":"8f7b9d4c21b953ec524d830f9a2db004","RunTimeTicks":86387410000,"ReadAtNativeFramerate":false,"IgnoreDts":false,"IgnoreIndex":false,"GenPtsInput":false,"SupportsTranscoding":true,"SupportsDirectStream":true,"SupportsDirectPlay":true,"IsInfiniteStream":false,"UseMostCompatibleTranscodingProfile":false,"RequiresOpening":false,"OpenToken":null,"RequiresClosing":false,"LiveStreamId":null,"BufferMs":null,"RequiresLooping":false,"SupportsProbing":true,"VideoType":0,"IsoType":null,"Video3DFormat":null,"MediaStreams":[{"Codec":"hevc","CodecTag":null,"Language":null,"ColorRange":null,"ColorSpace":"bt709","ColorTransfer":"bt709","ColorPrimaries":"bt709","DvVersionMajor":null,"DvVersionMinor":null,"DvProfile":null,"DvLevel":null,"RpuPresentFlag":null,"ElPresentFlag":null,"BlPresentFlag":null,"DvBlSignalCompatibilityId":null,"Rotation":null,"Comment":null,"TimeBase":"1/1000","CodecTimeBase":null,"Title":null,"Hdr10PlusPresentFlag":null,"VideoRange":1,"VideoRangeType":1,"VideoDoViTitle":null,"AudioSpatialFormat":0,"LocalizedUndefined":null,"LocalizedDefault":null,"LocalizedForced":null,"LocalizedExternal":null,"LocalizedHearingImpaired":null,"DisplayTitle":"1080p HEVC SDR","NalLengthSize":null,"IsInterlaced":false,"IsAVC":false,"ChannelLayout":null,"BitRate":1929137,"BitDepth":8,"RefFrames":1,"PacketLength":null,"Channels":null,"SampleRate":null,"IsDefault":true,"IsForced":false,"IsHearingImpaired":false,"Height":804,"Width":1920,"AverageFrameRate":24,"RealFrameRate":24,"ReferenceFrameRate":24,"Profile":"Main","Type":1,"AspectRatio":"2.40:1","Index":0,"Score":null,"IsExternal":false,"DeliveryMethod":null,"DeliveryUrl":null,"IsExternalUrl":null,"IsTextSubtitleStream":false,"SupportsExternalStream":false,"Path":null,"PixelFormat":"yuv420p","Level":120,"IsAnamorphic":false},{"Codec":"aac","CodecTag":null,"Language":"zho","ColorRange":null,"ColorSpace":null,"ColorTransfer":null,"ColorPrimaries":null,"DvVersionMajor":null,"DvVersionMinor":null,"DvProfile":null,"DvLevel":null,"RpuPresentFlag":null,"ElPresentFlag":null,"BlPresentFlag":null,"DvBlSignalCompatibilityId":null,"Rotation":null,"Comment":null,"TimeBase":"1/1000","CodecTimeBase":null,"Title":"\u675C\u6BD4\u97F3\u6548,\u666E\u901A\u8BDD","Hdr10PlusPresentFlag":null,"VideoRange":0,"VideoRangeType":0,"VideoDoViTitle":null,"AudioSpatialFormat":0,"LocalizedUndefined":null,"LocalizedDefault":"Default","LocalizedForced":null,"LocalizedExternal":"External","LocalizedHearingImpaired":null,"DisplayTitle":"\u675C\u6BD4\u97F3\u6548,\u666E\u901A\u8BDD - Chinese - AAC - 5.1 - Default","NalLengthSize":null,"IsInterlaced":false,"IsAVC":false,"ChannelLayout":"5.1","BitRate":320000,"BitDepth":null,"RefFrames":null,"PacketLength":null,"Channels":6,"SampleRate":48000,"IsDefault":true,"IsForced":false,"IsHearingImpaired":false,"Height":null,"Width":null,"AverageFrameRate":null,"RealFrameRate":null,"ReferenceFrameRate":null,"Profile":"LC","Type":0,"AspectRatio":null,"Index":1,"Score":null,"IsExternal":false,"DeliveryMethod":null,"DeliveryUrl":null,"IsExternalUrl":null,"IsTextSubtitleStream":false,"SupportsExternalStream":false,"Path":null,"PixelFormat":null,"Level":0,"IsAnamorphic":null},{"Codec":"ass","CodecTag":null,"Language":"eng","ColorRange":null,"ColorSpace":null,"ColorTransfer":null,"ColorPrimaries":null,"DvVersionMajor":null,"DvVersionMinor":null,"DvProfile":null,"DvLevel":null,"RpuPresentFlag":null,"ElPresentFlag":null,"BlPresentFlag":null,"DvBlSignalCompatibilityId":null,"Rotation":null,"Comment":null,"TimeBase":"1/1000","CodecTimeBase":null,"Title":null,"Hdr10PlusPresentFlag":null,"VideoRange":0,"VideoRangeType":0,"VideoDoViTitle":null,"AudioSpatialFormat":0,"LocalizedUndefined":"Undefined","LocalizedDefault":"Default","LocalizedForced":"Forced","LocalizedExternal":"External","LocalizedHearingImpaired":"Hearing Impaired","DisplayTitle":"English - ASS","NalLengthSize":null,"IsInterlaced":false,"IsAVC":false,"ChannelLayout":null,"BitRate":null,"BitDepth":null,"RefFrames":null,"PacketLength":null,"Channels":null,"SampleRate":null,"IsDefault":false,"IsForced":false,"IsHearingImpaired":false,"Height":0,"Width":0,"AverageFrameRate":null,"RealFrameRate":null,"ReferenceFrameRate":null,"Profile":null,"Type":2,"AspectRatio":null,"Index":2,"Score":null,"IsExternal":false,"DeliveryMethod":null,"DeliveryUrl":null,"IsExternalUrl":null,"IsTextSubtitleStream":true,"SupportsExternalStream":true,"Path":null,"PixelFormat":null,"Level":0,"IsAnamorphic":null},{"Codec":"ass","CodecTag":null,"Language":"zho","ColorRange":null,"ColorSpace":null,"ColorTransfer":null,"ColorPrimaries":null,"DvVersionMajor":null,"DvVersionMinor":null,"DvProfile":null,"DvLevel":null,"RpuPresentFlag":null,"ElPresentFlag":null,"BlPresentFlag":null,"DvBlSignalCompatibilityId":null,"Rotation":null,"Comment":null,"TimeBase":"1/1000","CodecTimeBase":null,"Title":"\u7B80\u4F53\u4E2D\u6587","Hdr10PlusPresentFlag":null,"VideoRange":0,"VideoRangeType":0,"VideoDoViTitle":null,"AudioSpatialFormat":0,"LocalizedUndefined":"Undefined","LocalizedDefault":"Default","LocalizedForced":"Forced","LocalizedExternal":"External","LocalizedHearingImpaired":"Hearing Impaired","DisplayTitle":"\u7B80\u4F53\u4E2D\u6587 - Chinese - ASS","NalLengthSize":null,"IsInterlaced":false,"IsAVC":false,"ChannelLayout":null,"BitRate":null,"BitDepth":null,"RefFrames":null,"PacketLength":null,"Channels":null,"SampleRate":null,"IsDefault":false,"IsForced":false,"IsHearingImpaired":false,"Height":0,"Width":0,"AverageFrameRate":null,"RealFrameRate":null,"ReferenceFrameRate":null,"Profile":null,"Type":2,"AspectRatio":null,"Index":3,"Score":null,"IsExternal":false,"DeliveryMethod":null,"DeliveryUrl":null,"IsExternalUrl":null,"IsTextSubtitleStream":true,"SupportsExternalStream":true,"Path":null,"PixelFormat":null,"Level":0,"IsAnamorphic":null}],"MediaAttachments":[],"Formats":[],"Bitrate":2249137,"FallbackMaxStreamingBitrate":null,"Timestamp":null,"RequiredHttpHeaders":{},"TranscodingUrl":null,"TranscodingSubProtocol":0,"TranscodingContainer":null,"AnalyzeDurationMs":null,"DefaultAudioStreamIndex":null,"DefaultSubtitleStreamIndex":null,"HasSegments":false}

/usr/lib/jellyfin-ffmpeg/ffmpeg -analyzeduration 200M -probesize 1G -fflags +genpts  -i file:"/data/media/movies/Ne Zha 2 (2025)/Ne Zha 2 2025 1080p Chinese WEB-DL HEVC x265 5.1 BONE.mkv" -map_metadata -1 -map_chapters -1 -threads 0 -map 0:0 -map 0:1 -map -0:s -codec:v:0 copy -tag:v:0 hvc1 -bsf:v hevc_mp4toannexb -start_at_zero -codec:a:0 copy -copyts -avoid_negative_ts disabled -max_muxing_queue_size 2048 -f hls -max_delay 5000000 -hls_time 6 -hls_segment_type fmp4 -hls_fmp4_init_filename "e9b9435ebf143c3a6bde27a5ac326a94-1.mp4" -start_number 0 -hls_segment_filename "/config/cache/transcodes/e9b9435ebf143c3a6bde27a5ac326a94%d.mp4" -hls_playlist_type vod -hls_list_size 0 -hls_segment_options movflags=+frag_discont -y "/config/cache/transcodes/e9b9435ebf143c3a6bde27a5ac326a94.m3u8"


ffmpeg version 7.1.3-Jellyfin Copyright (c) 2000-2025 the FFmpeg developers
  built with gcc 13 (Ubuntu 13.3.0-6ubuntu2~24.04.1)
  configuration: --prefix=/usr/lib/jellyfin-ffmpeg --target-os=linux --extra-version=Jellyfin --disable-doc --disable-ffplay --disable-static --disable-libxcb --disable-sdl2 --disable-xlib --enable-lto=auto --enable-gpl --enable-version3 --enable-shared --enable-gmp --enable-gnutls --enable-chromaprint --enable-opencl --enable-libdrm --enable-libxml2 --enable-libass --enable-libfreetype --enable-libfribidi --enable-libfontconfig --enable-libharfbuzz --enable-libbluray --enable-libmp3lame --enable-libopus --enable-libtheora --enable-libvorbis --enable-libopenmpt --enable-libdav1d --enable-libsvtav1 --enable-libwebp --enable-libvpx --enable-libx264 --enable-libx265 --enable-libzvbi --enable-libzimg --enable-libfdk-aac --arch=arm64 --cross-prefix=/usr/bin/aarch64-linux-gnu- --toolchain=hardened --enable-cross-compile --enable-rkmpp --enable-rkrga --enable-ffnvcodec --enable-cuda --enable-cuda-llvm --enable-cuvid --enable-nvdec --enable-nvenc
  libavutil      59. 39.100 / 59. 39.100
  libavcodec     61. 19.101 / 61. 19.101
  libavformat    61.  7.100 / 61.  7.100
  libavdevice    61.  3.100 / 61.  3.100
  libavfilter    10.  4.100 / 10.  4.100
  libswscale      8.  3.100 /  8.  3.100
  libswresample   5.  3.100 /  5.  3.100
  libpostproc    58.  3.100 / 58.  3.100
Input #0, matroska,webm, from 'file:/data/media/movies/Ne Zha 2 (2025)/Ne Zha 2 2025 1080p Chinese WEB-DL HEVC x265 5.1 BONE.mkv':
  Metadata:
    creation_time   : 2025-08-03T21:09:19.000000Z
    ENCODER         : Lavf61.7.100
  Duration: 02:23:58.74, start: -0.021000, bitrate: 1929 kb/s
  Stream #0:0: Video: hevc (Main), yuv420p(tv, bt709), 1920x804 [SAR 1:1 DAR 160:67], 24 fps, 24 tbr, 1k tbn (default)
      Metadata:
        DURATION        : 02:23:58.667000000
  Stream #0:1(chi): Audio: aac (LC), 48000 Hz, 5.1, fltp (default)
      Metadata:
        title           : 杜比音效,普通话
        DURATION        : 02:23:58.741000000
  Stream #0:2(eng): Subtitle: ass (ssa)
      Metadata:
        DURATION        : 02:21:45.256000000
  Stream #0:3(chi): Subtitle: ass (ssa)
      Metadata:
        title           : 简体中文
        DURATION        : 02:21:45.333000000
Stream mapping:
  Stream #0:0 -> #0:0 (copy)
  Stream #0:1 -> #0:1 (copy)
[hls @ 0xaaab18bd82d0] Opening '/config/cache/transcodes/e9b9435ebf143c3a6bde27a5ac326a94-1.mp4' for writing
Output #0, hls, to '/config/cache/transcodes/e9b9435ebf143c3a6bde27a5ac326a94.m3u8':
  Metadata:
    encoder         : Lavf61.7.100
  Stream #0:0: Video: hevc (Main) (hvc1 / 0x31637668), yuv420p(tv, bt709), 1920x804 [SAR 1:1 DAR 160:67], q=2-31, 24 fps, 24 tbr, 16k tbn (default)
  Stream #0:1: Audio: aac (LC), 48000 Hz, 5.1, fltp (default)
Press [q] to stop, [?] for help
[hls @ 0xaaab18bd82d0] Opening '/config/cache/transcodes/e9b9435ebf143c3a6bde27a5ac326a940.mp4' for writing
[hls @ 0xaaab18bd82d0] Opening '/config/cache/transcodes/e9b9435ebf143c3a6bde27a5ac326a941.mp4' for writing
[hls @ 0xaaab18bd82d0] Opening '/config/cache/transcodes/e9b9435ebf143c3a6bde27a5ac326a942.mp4' for writing
[hls @ 0xaaab18bd82d0] Opening '/config/cache/transcodes/e9b9435ebf143c3a6bde27a5ac326a943.mp4' for writing
[hls @ 0xaaab18bd82d0] Opening '/config/cache/transcodes/e9b9435ebf143c3a6bde27a5ac326a944.mp4' for writing
[hls @ 0xaaab18bd82d0] Opening '/config/cache/transcodes/e9b9435ebf143c3a6bde27a5ac326a945.mp4' for writing
[hls @ 0xaaab18bd82d0] Opening '/config/cache/transcodes/e9b9435ebf143c3a6bde27a5ac326a946.mp4' for writing
[hls @ 0xaaab18bd82d0] Opening '/config/cache/transcodes/e9b9435ebf143c3a6bde27a5ac326a947.mp4' for writing
[hls @ 0xaaab18bd82d0] Opening '/config/cache/transcodes/e9b9435ebf143c3a6bde27a5ac326a948.mp4' for writing
[hls @ 0xaaab18bd82d0] Opening '/config/cache/transcodes/e9b9435ebf143c3a6bde27a5ac326a949.mp4' for writing
[hls @ 0xaaab18bd82d0] Opening '/config/cache/transcodes/e9b9435ebf143c3a6bde27a5ac326a9410.mp4' for writing
[hls @ 0xaaab18bd82d0] Opening '/config/cache/transcodes/e9b9435ebf143c3a6bde27a5ac326a9411.mp4' for writing
[hls @ 0xaaab18bd82d0] Opening '/config/cache/transcodes/e9b9435ebf143c3a6bde27a5ac326a9412.mp4' for writing
[hls @ 0xaaab18bd82d0] Opening '/config/cache/transcodes/e9b9435ebf143c3a6bde27a5ac326a9413.mp4' for writing
[hls @ 0xaaab18bd82d0] Opening '/config/cache/transcodes/e9b9435ebf143c3a6bde27a5ac326a9414.mp4' for writing
[hls @ 0xaaab18bd82d0] Opening '/config/cache/transcodes/e9b9435ebf143c3a6bde27a5ac326a9415.mp4' for writing
[hls @ 0xaaab18bd82d0] Opening '/config/cache/transcodes/e9b9435ebf143c3a6bde27a5ac326a9416.mp4' for writing
[hls @ 0xaaab18bd82d0] Opening '/config/cache/transcodes/e9b9435ebf143c3a6bde27a5ac326a9417.mp4' for writing
[hls @ 0xaaab18bd82d0] Opening '/config/cache/transcodes/e9b9435ebf143c3a6bde27a5ac326a9418.mp4' for writing
[hls @ 0xaaab18bd82d0] Opening '/config/cache/transcodes/e9b9435ebf143c3a6bde27a5ac326a9419.mp4' for writing
[hls @ 0xaaab18bd82d0] Opening '/config/cache/transcodes/e9b9435ebf143c3a6bde27a5ac326a9420.mp4' for writing
[hls @ 0xaaab18bd82d0] Opening '/config/cache/transcodes/e9b9435ebf143c3a6bde27a5ac326a9421.mp4' for writing
[hls @ 0xaaab18bd82d0] Opening '/config/cache/transcodes/e9b9435ebf143c3a6bde27a5ac326a9422.mp4' for writing
[hls @ 0xaaab18bd82d0] Opening '/config/cache/transcodes/e9b9435ebf143c3a6bde27a5ac326a9423.mp4' for writing
[hls @ 0xaaab18bd82d0] Opening '/config/cache/transcodes/e9b9435ebf143c3a6bde27a5ac326a9424.mp4' for writing
[hls @ 0xaaab18bd82d0] Opening '/config/cache/transcodes/e9b9435ebf143c3a6bde27a5ac326a9425.mp4' for writing
[hls @ 0xaaab18bd82d0] Opening '/config/cache/transcodes/e9b9435ebf143c3a6bde27a5ac326a9426.mp4' for writing
[hls @ 0xaaab18bd82d0] Opening '/config/cache/transcodes/e9b9435ebf143c3a6bde27a5ac326a9427.mp4' for writing
[hls @ 0xaaab18bd82d0] Opening '/config/cache/transcodes/e9b9435ebf143c3a6bde27a5ac326a9428.mp4' for writing
[hls @ 0xaaab18bd82d0] Opening '/config/cache/transcodes/e9b9435ebf143c3a6bde27a5ac326a9429.mp4' for writing
[hls @ 0xaaab18bd82d0] Opening '/config/cache/transcodes/e9b9435ebf143c3a6bde27a5ac326a9430.mp4' for writing
[hls @ 0xaaab18bd82d0] Opening '/config/cache/transcodes/e9b9435ebf143c3a6bde27a5ac326a9431.mp4' for writing
[hls @ 0xaaab18bd82d0] Opening '/config/cache/transcodes/e9b9435ebf143c3a6bde27a5ac326a9432.mp4' for writing
[hls @ 0xaaab18bd82d0] Opening '/config/cache/transcodes/e9b9435ebf143c3a6bde27a5ac326a9433.mp4' for writing
[hls @ 0xaaab18bd82d0] Opening '/config/cache/transcodes/e9b9435ebf143c3a6bde27a5ac326a9434.mp4' for writing
[hls @ 0xaaab18bd82d0] Opening '/config/cache/transcodes/e9b9435ebf143c3a6bde27a5ac326a9435.mp4' for writing
[hls @ 0xaaab18bd82d0] Opening '/config/cache/transcodes/e9b9435ebf143c3a6bde27a5ac326a9436.mp4' for writing
[hls @ 0xaaab18bd82d0] Opening '/config/cache/transcodes/e9b9435ebf143c3a6bde27a5ac326a9437.mp4' for writing
[hls @ 0xaaab18bd82d0] Opening '/config/cache/transcodes/e9b9435ebf143c3a6bde27a5ac326a9438.mp4' for writing
[hls @ 0xaaab18bd82d0] Opening '/config/cache/transcodes/e9b9435ebf143c3a6bde27a5ac326a9439.mp4' for writing
[hls @ 0xaaab18bd82d0] Opening '/config/cache/transcodes/e9b9435ebf143c3a6bde27a5ac326a9440.mp4' for writing
[hls @ 0xaaab18bd82d0] Opening '/config/cache/transcodes/e9b9435ebf143c3a6bde27a5ac326a9441.mp4' for writing
[hls @ 0xaaab18bd82d0] Opening '/config/cache/transcodes/e9b9435ebf143c3a6bde27a5ac326a9442.mp4' for writing
[hls @ 0xaaab18bd82d0] Opening '/config/cache/transcodes/e9b9435ebf143c3a6bde27a5ac326a9443.mp4' for writing
[hls @ 0xaaab18bd82d0] Opening '/config/cache/transcodes/e9b9435ebf143c3a6bde27a5ac326a9444.mp4' for writing
[hls @ 0xaaab18bd82d0] Opening '/config/cache/transcodes/e9b9435ebf143c3a6bde27a5ac326a9445.mp4' for writing
[hls @ 0xaaab18bd82d0] Opening '/config/cache/transcodes/e9b9435ebf143c3a6bde27a5ac326a9446.mp4' for writing
[hls @ 0xaaab18bd82d0] Opening '/config/cache/transcodes/e9b9435ebf143c3a6bde27a5ac326a9447.mp4' for writing
[hls @ 0xaaab18bd82d0] Opening '/config/cache/transcodes/e9b9435ebf143c3a6bde27a5ac326a9448.mp4' for writing
[hls @ 0xaaab18bd82d0] Opening '/config/cache/transcodes/e9b9435ebf143c3a6bde27a5ac326a9449.mp4' for writing
[hls @ 0xaaab18bd82d0] Opening '/config/cache/transcodes/e9b9435ebf143c3a6bde27a5ac326a9450.mp4' for writing
[hls @ 0xaaab18bd82d0] Opening '/config/cache/transcodes/e9b9435ebf143c3a6bde27a5ac326a9451.mp4' for writing
[hls @ 0xaaab18bd82d0] Opening '/config/cache/transcodes/e9b9435ebf143c3a6bde27a5ac326a9452.mp4' for writing
[hls @ 0xaaab18bd82d0] Opening '/config/cache/transcodes/e9b9435ebf143c3a6bde27a5ac326a9453.mp4' for writing
[hls @ 0xaaab18bd82d0] Opening '/config/cache/transcodes/e9b9435ebf143c3a6bde27a5ac326a9454.mp4' for writing
[hls @ 0xaaab18bd82d0] Opening '/config/cache/transcodes/e9b9435ebf143c3a6bde27a5ac326a9455.mp4' for writing
[hls @ 0xaaab18bd82d0] Opening '/config/cache/transcodes/e9b9435ebf143c3a6bde27a5ac326a9456.mp4' for writing
[hls @ 0xaaab18bd82d0] Opening '/config/cache/transcodes/e9b9435ebf143c3a6bde27a5ac326a9457.mp4' for writing
[hls @ 0xaaab18bd82d0] Opening '/config/cache/transcodes/e9b9435ebf143c3a6bde27a5ac326a9458.mp4' for writing
[hls @ 0xaaab18bd82d0] Opening '/config/cache/transcodes/e9b9435ebf143c3a6bde27a5ac326a9459.mp4' for writing
[hls @ 0xaaab18bd82d0] Opening '/config/cache/transcodes/e9b9435ebf143c3a6bde27a5ac326a9460.mp4' for writing
[hls @ 0xaaab18bd82d0] Opening '/config/cache/transcodes/e9b9435ebf143c3a6bde27a5ac326a9461.mp4' for writing
[hls @ 0xaaab18bd82d0] Opening '/config/cache/transcodes/e9b9435ebf143c3a6bde27a5ac326a9462.mp4' for writing
[hls @ 0xaaab18bd82d0] Opening '/config/cache/transcodes/e9b9435ebf143c3a6bde27a5ac326a9463.mp4' for writing
[hls @ 0xaaab18bd82d0] Opening '/config/cache/transcodes/e9b9435ebf143c3a6bde27a5ac326a9464.mp4' for writing
[hls @ 0xaaab18bd82d0] Opening '/config/cache/transcodes/e9b9435ebf143c3a6bde27a5ac326a9465.mp4' for writing
[hls @ 0xaaab18bd82d0] Opening '/config/cache/transcodes/e9b9435ebf143c3a6bde27a5ac326a9466.mp4' for writing
[hls @ 0xaaab18bd82d0] Opening '/config/cache/transcodes/e9b9435ebf143c3a6bde27a5ac326a9467.mp4' for writing
[hls @ 0xaaab18bd82d0] Opening '/config/cache/transcodes/e9b9435ebf143c3a6bde27a5ac326a9468.mp4' for writing
[hls @ 0xaaab18bd82d0] Opening '/config/cache/transcodes/e9b9435ebf143c3a6bde27a5ac326a9469.mp4' for writing
[hls @ 0xaaab18bd82d0] Opening '/config/cache/transcodes/e9b9435ebf143c3a6bde27a5ac326a9470.mp4' for writing
[hls @ 0xaaab18bd82d0] Opening '/config/cache/transcodes/e9b9435ebf143c3a6bde27a5ac326a9471.mp4' for writing
[hls @ 0xaaab18bd82d0] Opening '/config/cache/transcodes/e9b9435ebf143c3a6bde27a5ac326a9472.mp4' for writing
[hls @ 0xaaab18bd82d0] Opening '/config/cache/transcodes/e9b9435ebf143c3a6bde27a5ac326a9473.mp4' for writing
[hls @ 0xaaab18bd82d0] Opening '/config/cache/transcodes/e9b9435ebf143c3a6bde27a5ac326a9474.mp4' for writing
[hls @ 0xaaab18bd82d0] Opening '/config/cache/transcodes/e9b9435ebf143c3a6bde27a5ac326a9475.mp4' for writing
[hls @ 0xaaab18bd82d0] Opening '/config/cache/transcodes/e9b9435ebf143c3a6bde27a5ac326a9476.mp4' for writing
[hls @ 0xaaab18bd82d0] Opening '/config/cache/transcodes/e9b9435ebf143c3a6bde27a5ac326a9477.mp4' for writing
[hls @ 0xaaab18bd82d0] Opening '/config/cache/transcodes/e9b9435ebf143c3a6bde27a5ac326a9478.mp4' for writing
[hls @ 0xaaab18bd82d0] Opening '/config/cache/transcodes/e9b9435ebf143c3a6bde27a5ac326a9479.mp4' for writing
[hls @ 0xaaab18bd82d0] Opening '/config/cache/transcodes/e9b9435ebf143c3a6bde27a5ac326a9480.mp4' for writing
[hls @ 0xaaab18bd82d0] Opening '/config/cache/transcodes/e9b9435ebf143c3a6bde27a5ac326a9481.mp4' for writing
[hls @ 0xaaab18bd82d0] Opening '/config/cache/transcodes/e9b9435ebf143c3a6bde27a5ac326a9482.mp4' for writing
[hls @ 0xaaab18bd82d0] Opening '/config/cache/transcodes/e9b9435ebf143c3a6bde27a5ac326a9483.mp4' for writing
[hls @ 0xaaab18bd82d0] Opening '/config/cache/transcodes/e9b9435ebf143c3a6bde27a5ac326a9484.mp4' for writing
[hls @ 0xaaab18bd82d0] Opening '/config/cache/transcodes/e9b9435ebf143c3a6bde27a5ac326a9485.mp4' for writing
[hls @ 0xaaab18bd82d0] Opening '/config/cache/transcodes/e9b9435ebf143c3a6bde27a5ac326a9486.mp4' for writing
[hls @ 0xaaab18bd82d0] Opening '/config/cache/transcodes/e9b9435ebf143c3a6bde27a5ac326a9487.mp4' for writing
[hls @ 0xaaab18bd82d0] Opening '/config/cache/transcodes/e9b9435ebf143c3a6bde27a5ac326a9488.mp4' for writing
frame=12941 fps=0.0 q=-1.0 size=N/A time=00:00:00.00 bitrate=N/A speed=   0x    
[hls @ 0xaaab18bd82d0] Opening '/config/cache/transcodes/e9b9435ebf143c3a6bde27a5ac326a9489.mp4' for writing
[hls @ 0xaaab18bd82d0] Opening '/config/cache/transcodes/e9b9435ebf143c3a6bde27a5ac326a9490.mp4' for writing
[hls @ 0xaaab18bd82d0] Opening '/config/cache/transcodes/e9b9435ebf143c3a6bde27a5ac326a9491.mp4' for writing
[hls @ 0xaaab18bd82d0] Opening '/config/cache/transcodes/e9b9435ebf143c3a6bde27a5ac326a9492.mp4' for writing
[hls @ 0xaaab18bd82d0] Opening '/config/cache/transcodes/e9b9435ebf143c3a6bde27a5ac326a9493.mp4' for writing
[hls @ 0xaaab18bd82d0] Opening '/config/cache/transcodes/e9b9435ebf143c3a6bde27a5ac326a9494.mp4' for writing
[hls @ 0xaaab18bd82d0] Opening '/config/cache/transcodes/e9b9435ebf143c3a6bde27a5ac326a9495.mp4' for writing
[hls @ 0xaaab18bd82d0] Opening '/config/cache/transcodes/e9b9435ebf143c3a6bde27a5ac326a9496.mp4' for writing
[hls @ 0xaaab18bd82d0] Opening '/config/cache/transcodes/e9b9435ebf143c3a6bde27a5ac326a9497.mp4' for writing
[hls @ 0xaaab18bd82d0] Opening '/config/cache/transcodes/e9b9435ebf143c3a6bde27a5ac326a9498.mp4' for writing
[hls @ 0xaaab18bd82d0] Opening '/config/cache/transcodes/e9b9435ebf143c3a6bde27a5ac326a9499.mp4' for writing
[hls @ 0xaaab18bd82d0] Opening '/config/cache/transcodes/e9b9435ebf143c3a6bde27a5ac326a94100.mp4' for writing
[hls @ 0xaaab18bd82d0] Opening '/config/cache/transcodes/e9b9435ebf143c3a6bde27a5ac326a94101.mp4' for writing
[hls @ 0xaaab18bd82d0] Opening '/config/cache/transcodes/e9b9435ebf143c3a6bde27a5ac326a94102.mp4' for writing
[hls @ 0xaaab18bd82d0] Opening '/config/cache/transcodes/e9b9435ebf143c3a6bde27a5ac326a94103.mp4' for writing
[hls @ 0xaaab18bd82d0] Opening '/config/cache/transcodes/e9b9435ebf143c3a6bde27a5ac326a94104.mp4' for writing
[hls @ 0xaaab18bd82d0] Opening '/config/cache/transcodes/e9b9435ebf143c3a6bde27a5ac326a94105.mp4' for writing
[hls @ 0xaaab18bd82d0] Opening '/config/cache/transcodes/e9b9435ebf143c3a6bde27a5ac326a94106.mp4' for writing
[hls @ 0xaaab18bd82d0] Opening '/config/cache/transcodes/e9b9435ebf143c3a6bde27a5ac326a94107.mp4' for writing
[hls @ 0xaaab18bd82d0] Opening '/config/cache/transcodes/e9b9435ebf143c3a6bde27a5ac326a94108.mp4' for writing
[hls @ 0xaaab18bd82d0] Opening '/config/cache/transcodes/e9b9435ebf143c3a6bde27a5ac326a94109.mp4' for writing
[hls @ 0xaaab18bd82d0] Opening '/config/cache/transcodes/e9b9435ebf143c3a6bde27a5ac326a94110.mp4' for writing
[hls @ 0xaaab18bd82d0] Opening '/config/cache/transcodes/e9b9435ebf143c3a6bde27a5ac326a94111.mp4' for writing
[hls @ 0xaaab18bd82d0] Opening '/config/cache/transcodes/e9b9435ebf143c3a6bde27a5ac326a94112.mp4' for writing
[hls @ 0xaaab18bd82d0] Opening '/config/cache/transcodes/e9b9435ebf143c3a6bde27a5ac326a94113.mp4' for writing
[hls @ 0xaaab18bd82d0] Opening '/config/cache/transcodes/e9b9435ebf143c3a6bde27a5ac326a94114.mp4' for writing
[hls @ 0xaaab18bd82d0] Opening '/config/cache/transcodes/e9b9435ebf143c3a6bde27a5ac326a94115.mp4' for writing
[hls @ 0xaaab18bd82d0] Opening '/config/cache/transcodes/e9b9435ebf143c3a6bde27a5ac326a94116.mp4' for writing
[hls @ 0xaaab18bd82d0] Opening '/config/cache/transcodes/e9b9435ebf143c3a6bde27a5ac326a94117.mp4' for writing
[hls @ 0xaaab18bd82d0] Opening '/config/cache/transcodes/e9b9435ebf143c3a6bde27a5ac326a94118.mp4' for writing
[hls @ 0xaaab18bd82d0] Opening '/config/cache/transcodes/e9b9435ebf143c3a6bde27a5ac326a94119.mp4' for writing
[hls @ 0xaaab18bd82d0] Opening '/config/cache/transcodes/e9b9435ebf143c3a6bde27a5ac326a94120.mp4' for writing
[hls @ 0xaaab18bd82d0] Opening '/config/cache/transcodes/e9b9435ebf143c3a6bde27a5ac326a94121.mp4' for writing
[hls @ 0xaaab18bd82d0] Opening '/config/cache/transcodes/e9b9435ebf143c3a6bde27a5ac326a94122.mp4' for writing
[hls @ 0xaaab18bd82d0] Opening '/config/cache/transcodes/e9b9435ebf143c3a6bde27a5ac326a94123.mp4' for writing
[hls @ 0xaaab18bd82d0] Opening '/config/cache/transcodes/e9b9435ebf143c3a6bde27a5ac326a94124.mp4' for writing
[hls @ 0xaaab18bd82d0] Opening '/config/cache/transcodes/e9b9435ebf143c3a6bde27a5ac326a94125.mp4' for writing
[hls @ 0xaaab18bd82d0] Opening '/config/cache/transcodes/e9b9435ebf143c3a6bde27a5ac326a94126.mp4' for writing
[hls @ 0xaaab18bd82d0] Opening '/config/cache/transcodes/e9b9435ebf143c3a6bde27a5ac326a94127.mp4' for writing
[hls @ 0xaaab18bd82d0] Opening '/config/cache/transcodes/e9b9435ebf143c3a6bde27a5ac326a94128.mp4' for writing
[hls @ 0xaaab18bd82d0] Opening '/config/cache/transcodes/e9b9435ebf143c3a6bde27a5ac326a94129.mp4' for writing
[hls @ 0xaaab18bd82d0] Opening '/config/cache/transcodes/e9b9435ebf143c3a6bde27a5ac326a94130.mp4' for writing
[hls @ 0xaaab18bd82d0] Opening '/config/cache/transcodes/e9b9435ebf143c3a6bde27a5ac326a94131.mp4' for writing
[hls @ 0xaaab18bd82d0] Opening '/config/cache/transcodes/e9b9435ebf143c3a6bde27a5ac326a94132.mp4' for writing
[hls @ 0xaaab18bd82d0] Opening '/config/cache/transcodes/e9b9435ebf143c3a6bde27a5ac326a94133.mp4' for writing
[hls @ 0xaaab18bd82d0] Opening '/config/cache/transcodes/e9b9435ebf143c3a6bde27a5ac326a94134.mp4' for writing
[hls @ 0xaaab18bd82d0] Opening '/config/cache/transcodes/e9b9435ebf143c3a6bde27a5ac326a94135.mp4' for writing
[hls @ 0xaaab18bd82d0] Opening '/config/cache/transcodes/e9b9435ebf143c3a6bde27a5ac326a94136.mp4' for writing
[hls @ 0xaaab18bd82d0] Opening '/config/cache/transcodes/e9b9435ebf143c3a6bde27a5ac326a94137.mp4' for writing
[hls @ 0xaaab18bd82d0] Opening '/config/cache/transcodes/e9b9435ebf143c3a6bde27a5ac326a94138.mp4' for writing
[hls @ 0xaaab18bd82d0] Opening '/config/cache/transcodes/e9b9435ebf143c3a6bde27a5ac326a94139.mp4' for writing
[hls @ 0xaaab18bd82d0] Opening '/config/cache/transcodes/e9b9435ebf143c3a6bde27a5ac326a94140.mp4' for writing
[hls @ 0xaaab18bd82d0] Opening '/config/cache/transcodes/e9b9435ebf143c3a6bde27a5ac326a94141.mp4' for writing
[hls @ 0xaaab18bd82d0] Opening '/config/cache/transcodes/e9b9435ebf143c3a6bde27a5ac326a94142.mp4' for writing
[hls @ 0xaaab18bd82d0] Opening '/config/cache/transcodes/e9b9435ebf143c3a6bde27a5ac326a94143.mp4' for writing
[hls @ 0xaaab18bd82d0] Opening '/config/cache/transcodes/e9b9435ebf143c3a6bde27a5ac326a94144.mp4' for writing
[hls @ 0xaaab18bd82d0] Opening '/config/cache/transcodes/e9b9435ebf143c3a6bde27a5ac326a94145.mp4' for writing
[hls @ 0xaaab18bd82d0] Opening '/config/cache/transcodes/e9b9435ebf143c3a6bde27a5ac326a94146.mp4' for writing
[hls @ 0xaaab18bd82d0] Opening '/config/cache/transcodes/e9b9435ebf143c3a6bde27a5ac326a94147.mp4' for writing
[hls @ 0xaaab18bd82d0] Opening '/config/cache/transcodes/e9b9435ebf143c3a6bde27a5ac326a94148.mp4' for writing
[hls @ 0xaaab18bd82d0] Opening '/config/cache/transcodes/e9b9435ebf143c3a6bde27a5ac326a94149.mp4' for writing
[hls @ 0xaaab18bd82d0] Opening '/config/cache/transcodes/e9b9435ebf143c3a6bde27a5ac326a94150.mp4' for writing
[hls @ 0xaaab18bd82d0] Opening '/config/cache/transcodes/e9b9435ebf143c3a6bde27a5ac326a94151.mp4' for writing
[hls @ 0xaaab18bd82d0] Opening '/config/cache/transcodes/e9b9435ebf143c3a6bde27a5ac326a94152.mp4' for writing
[hls @ 0xaaab18bd82d0] Opening '/config/cache/transcodes/e9b9435ebf143c3a6bde27a5ac326a94153.mp4' for writing
[hls @ 0xaaab18bd82d0] Opening '/config/cache/transcodes/e9b9435ebf143c3a6bde27a5ac326a94154.mp4' for writing
[hls @ 0xaaab18bd82d0] Opening '/config/cache/transcodes/e9b9435ebf143c3a6bde27a5ac326a94155.mp4' for writing
[hls @ 0xaaab18bd82d0] Opening '/config/cache/transcodes/e9b9435ebf143c3a6bde27a5ac326a94156.mp4' for writing
[hls @ 0xaaab18bd82d0] Opening '/config/cache/transcodes/e9b9435ebf143c3a6bde27a5ac326a94157.mp4' for writing
[hls @ 0xaaab18bd82d0] Opening '/config/cache/transcodes/e9b9435ebf143c3a6bde27a5ac326a94158.mp4' for writing
[hls @ 0xaaab18bd82d0] Opening '/config/cache/transcodes/e9b9435ebf143c3a6bde27a5ac326a94159.mp4' for writing
[hls @ 0xaaab18bd82d0] Opening '/config/cache/transcodes/e9b9435ebf143c3a6bde27a5ac326a94160.mp4' for writing
[hls @ 0xaaab18bd82d0] Opening '/config/cache/transcodes/e9b9435ebf143c3a6bde27a5ac326a94161.mp4' for writing
[hls @ 0xaaab18bd82d0] Opening '/config/cache/transcodes/e9b9435ebf143c3a6bde27a5ac326a94162.mp4' for writing
[hls @ 0xaaab18bd82d0] Opening '/config/cache/transcodes/e9b9435ebf143c3a6bde27a5ac326a94163.mp4' for writing
[hls @ 0xaaab18bd82d0] Opening '/config/cache/transcodes/e9b9435ebf143c3a6bde27a5ac326a94164.mp4' for writing
frame=23937 fps=23905 q=-1.0 size=N/A time=00:07:38.13 bitrate=N/A speed= 458x    
[hls @ 0xaaab18bd82d0] Opening '/config/cache/transcodes/e9b9435ebf143c3a6bde27a5ac326a94165.mp4' for writing
[hls @ 0xaaab18bd82d0] Opening '/config/cache/transcodes/e9b9435ebf143c3a6bde27a5ac326a94166.mp4' for writing
[hls @ 0xaaab18bd82d0] Opening '/config/cache/transcodes/e9b9435ebf143c3a6bde27a5ac326a94167.mp4' for writing
[hls @ 0xaaab18bd82d0] Opening '/config/cache/transcodes/e9b9435ebf143c3a6bde27a5ac326a94168.mp4' for writing
[hls @ 0xaaab18bd82d0] Opening '/config/cache/transcodes/e9b9435ebf143c3a6bde27a5ac326a94169.mp4' for writing
[hls @ 0xaaab18bd82d0] Opening '/config/cache/transcodes/e9b9435ebf143c3a6bde27a5ac326a94170.mp4' for writing
[hls @ 0xaaab18bd82d0] Opening '/config/cache/transcodes/e9b9435ebf143c3a6bde27a5ac326a94171.mp4' for writing
[hls @ 0xaaab18bd82d0] Opening '/config/cache/transcodes/e9b9435ebf143c3a6bde27a5ac326a94172.mp4' for writing
[hls @ 0xaaab18bd82d0] Opening '/config/cache/transcodes/e9b9435ebf143c3a6bde27a5ac326a94173.mp4' for writing
[hls @ 0xaaab18bd82d0] Opening '/config/cache/transcodes/e9b9435ebf143c3a6bde27a5ac326a94174.mp4' for writing
[hls @ 0xaaab18bd82d0] Opening '/config/cache/transcodes/e9b9435ebf143c3a6bde27a5ac326a94175.mp4' for writing
[hls @ 0xaaab18bd82d0] Opening '/config/cache/transcodes/e9b9435ebf143c3a6bde27a5ac326a94176.mp4' for writing
[hls @ 0xaaab18bd82d0] Opening '/config/cache/transcodes/e9b9435ebf143c3a6bde27a5ac326a94177.mp4' for writing
[hls @ 0xaaab18bd82d0] Opening '/config/cache/transcodes/e9b9435ebf143c3a6bde27a5ac326a94178.mp4' for writing
[hls @ 0xaaab18bd82d0] Opening '/config/cache/transcodes/e9b9435ebf143c3a6bde27a5ac326a94179.mp4' for writing
[hls @ 0xaaab18bd82d0] Opening '/config/cache/transcodes/e9b9435ebf143c3a6bde27a5ac326a94180.mp4' for writing
[hls @ 0xaaab18bd82d0] Opening '/config/cache/transcodes/e9b9435ebf143c3a6bde27a5ac326a94181.mp4' for writing
[hls @ 0xaaab18bd82d0] Opening '/config/cache/transcodes/e9b9435ebf143c3a6bde27a5ac326a94182.mp4' for writing
[hls @ 0xaaab18bd82d0] Opening '/config/cache/transcodes/e9b9435ebf143c3a6bde27a5ac326a94183.mp4' for writing
[hls @ 0xaaab18bd82d0] Opening '/config/cache/transcodes/e9b9435ebf143c3a6bde27a5ac326a94184.mp4' for writing
[hls @ 0xaaab18bd82d0] Opening '/config/cache/transcodes/e9b9435ebf143c3a6bde27a5ac326a94185.mp4' for writing
[hls @ 0xaaab18bd82d0] Opening '/config/cache/transcodes/e9b9435ebf143c3a6bde27a5ac326a94186.mp4' for writing
[hls @ 0xaaab18bd82d0] Opening '/config/cache/transcodes/e9b9435ebf143c3a6bde27a5ac326a94187.mp4' for writing
[hls @ 0xaaab18bd82d0] Opening '/config/cache/transcodes/e9b9435ebf143c3a6bde27a5ac326a94188.mp4' for writing
[hls @ 0xaaab18bd82d0] Opening '/config/cache/transcodes/e9b9435ebf143c3a6bde27a5ac326a94189.mp4' for writing
[hls @ 0xaaab18bd82d0] Opening '/config/cache/transcodes/e9b9435ebf143c3a6bde27a5ac326a94190.mp4' for writing
[hls @ 0xaaab18bd82d0] Opening '/config/cache/transcodes/e9b9435ebf143c3a6bde27a5ac326a94191.mp4' for writing
[hls @ 0xaaab18bd82d0] Opening '/config/cache/transcodes/e9b9435ebf143c3a6bde27a5ac326a94192.mp4' for writing
[hls @ 0xaaab18bd82d0] Opening '/config/cache/transcodes/e9b9435ebf143c3a6bde27a5ac326a94193.mp4' for writing
[hls @ 0xaaab18bd82d0] Opening '/config/cache/transcodes/e9b9435ebf143c3a6bde27a5ac326a94194.mp4' for writing
[hls @ 0xaaab18bd82d0] Opening '/config/cache/transcodes/e9b9435ebf143c3a6bde27a5ac326a94195.mp4' for writing
[hls @ 0xaaab18bd82d0] Opening '/config/cache/transcodes/e9b9435ebf143c3a6bde27a5ac326a94196.mp4' for writing
[hls @ 0xaaab18bd82d0] Opening '/config/cache/transcodes/e9b9435ebf143c3a6bde27a5ac326a94197.mp4' for writing
[hls @ 0xaaab18bd82d0] Opening '/config/cache/transcodes/e9b9435ebf143c3a6bde27a5ac326a94198.mp4' for writing
[hls @ 0xaaab18bd82d0] Opening '/config/cache/transcodes/e9b9435ebf143c3a6bde27a5ac326a94199.mp4' for writing
[hls @ 0xaaab18bd82d0] Opening '/config/cache/transcodes/e9b9435ebf143c3a6bde27a5ac326a94200.mp4' for writing
[hls @ 0xaaab18bd82d0] Opening '/config/cache/transcodes/e9b9435ebf143c3a6bde27a5ac326a94201.mp4' for writing
[hls @ 0xaaab18bd82d0] Opening '/config/cache/transcodes/e9b9435ebf143c3a6bde27a5ac326a94202.mp4' for writing
[hls @ 0xaaab18bd82d0] Opening '/config/cache/transcodes/e9b9435ebf143c3a6bde27a5ac326a94203.mp4' for writing
[hls @ 0xaaab18bd82d0] Opening '/config/cache/transcodes/e9b9435ebf143c3a6bde27a5ac326a94204.mp4' for writing
[hls @ 0xaaab18bd82d0] Opening '/config/cache/transcodes/e9b9435ebf143c3a6bde27a5ac326a94205.mp4' for writing
[hls @ 0xaaab18bd82d0] Opening '/config/cache/transcodes/e9b9435ebf143c3a6bde27a5ac326a94206.mp4' for writing
[hls @ 0xaaab18bd82d0] Opening '/config/cache/transcodes/e9b9435ebf143c3a6bde27a5ac326a94207.mp4' for writing
[hls @ 0xaaab18bd82d0] Opening '/config/cache/transcodes/e9b9435ebf143c3a6bde27a5ac326a94208.mp4' for writing
[hls @ 0xaaab18bd82d0] Opening '/config/cache/transcodes/e9b9435ebf143c3a6bde27a5ac326a94209.mp4' for writing
[hls @ 0xaaab18bd82d0] Opening '/config/cache/transcodes/e9b9435ebf143c3a6bde27a5ac326a94210.mp4' for writing
[hls @ 0xaaab18bd82d0] Opening '/config/cache/transcodes/e9b9435ebf143c3a6bde27a5ac326a94211.mp4' for writing
[hls @ 0xaaab18bd82d0] Opening '/config/cache/transcodes/e9b9435ebf143c3a6bde27a5ac326a94212.mp4' for writing
[hls @ 0xaaab18bd82d0] Opening '/config/cache/transcodes/e9b9435ebf143c3a6bde27a5ac326a94213.mp4' for writing
[hls @ 0xaaab18bd82d0] Opening '/config/cache/transcodes/e9b9435ebf143c3a6bde27a5ac326a94214.mp4' for writing
[hls @ 0xaaab18bd82d0] Opening '/config/cache/transcodes/e9b9435ebf143c3a6bde27a5ac326a94215.mp4' for writing
[hls @ 0xaaab18bd82d0] Opening '/config/cache/transcodes/e9b9435ebf143c3a6bde27a5ac326a94216.mp4' for writing
[hls @ 0xaaab18bd82d0] Opening '/config/cache/transcodes/e9b9435ebf143c3a6bde27a5ac326a94217.mp4' for writing
[hls @ 0xaaab18bd82d0] Opening '/config/cache/transcodes/e9b9435ebf143c3a6bde27a5ac326a94218.mp4' for writing
[hls @ 0xaaab18bd82d0] Opening '/config/cache/transcodes/e9b9435ebf143c3a6bde27a5ac326a94219.mp4' for writing
[hls @ 0xaaab18bd82d0] Opening '/config/cache/transcodes/e9b9435ebf143c3a6bde27a5ac326a94220.mp4' for writing
[hls @ 0xaaab18bd82d0] Opening '/config/cache/transcodes/e9b9435ebf143c3a6bde27a5ac326a94221.mp4' for writing
[hls @ 0xaaab18bd82d0] Opening '/config/cache/transcodes/e9b9435ebf143c3a6bde27a5ac326a94222.mp4' for writing
[hls @ 0xaaab18bd82d0] Opening '/config/cache/transcodes/e9b9435ebf143c3a6bde27a5ac326a94223.mp4' for writing
[hls @ 0xaaab18bd82d0] Opening '/config/cache/transcodes/e9b9435ebf143c3a6bde27a5ac326a94224.mp4' for writing
[hls @ 0xaaab18bd82d0] Opening '/config/cache/transcodes/e9b9435ebf143c3a6bde27a5ac326a94225.mp4' for writing
[hls @ 0xaaab18bd82d0] Opening '/config/cache/transcodes/e9b9435ebf143c3a6bde27a5ac326a94226.mp4' for writing
[hls @ 0xaaab18bd82d0] Opening '/config/cache/transcodes/e9b9435ebf143c3a6bde27a5ac326a94227.mp4' for writing
[hls @ 0xaaab18bd82d0] Opening '/config/cache/transcodes/e9b9435ebf143c3a6bde27a5ac326a94228.mp4' for writing
[hls @ 0xaaab18bd82d0] Opening '/config/cache/transcodes/e9b9435ebf143c3a6bde27a5ac326a94229.mp4' for writing
[hls @ 0xaaab18bd82d0] Opening '/config/cache/transcodes/e9b9435ebf143c3a6bde27a5ac326a94230.mp4' for writing
[hls @ 0xaaab18bd82d0] Opening '/config/cache/transcodes/e9b9435ebf143c3a6bde27a5ac326a94231.mp4' for writing
[hls @ 0xaaab18bd82d0] Opening '/config/cache/transcodes/e9b9435ebf143c3a6bde27a5ac326a94232.mp4' for writing
[hls @ 0xaaab18bd82d0] Opening '/config/cache/transcodes/e9b9435ebf143c3a6bde27a5ac326a94233.mp4' for writing
[hls @ 0xaaab18bd82d0] Opening '/config/cache/transcodes/e9b9435ebf143c3a6bde27a5ac326a94234.mp4' for writing
[hls @ 0xaaab18bd82d0] Opening '/config/cache/transcodes/e9b9435ebf143c3a6bde27a5ac326a94235.mp4' for writing
[hls @ 0xaaab18bd82d0] Opening '/config/cache/transcodes/e9b9435ebf143c3a6bde27a5ac326a94236.mp4' for writing
[hls @ 0xaaab18bd82d0] Opening '/config/cache/transcodes/e9b9435ebf143c3a6bde27a5ac326a94237.mp4' for writing
[hls @ 0xaaab18bd82d0] Opening '/config/cache/transcodes/e9b9435ebf143c3a6bde27a5ac326a94238.mp4' for writing
[hls @ 0xaaab18bd82d0] Opening '/config/cache/transcodes/e9b9435ebf143c3a6bde27a5ac326a94239.mp4' for writing
[hls @ 0xaaab18bd82d0] Opening '/config/cache/transcodes/e9b9435ebf143c3a6bde27a5ac326a94240.mp4' for writing
[hls @ 0xaaab18bd82d0] Opening '/config/cache/transcodes/e9b9435ebf143c3a6bde27a5ac326a94241.mp4' for writing
[hls @ 0xaaab18bd82d0] Opening '/config/cache/transcodes/e9b9435ebf143c3a6bde27a5ac326a94242.mp4' for writing
[hls @ 0xaaab18bd82d0] Opening '/config/cache/transcodes/e9b9435ebf143c3a6bde27a5ac326a94243.mp4' for writing
[hls @ 0xaaab18bd82d0] Opening '/config/cache/transcodes/e9b9435ebf143c3a6bde27a5ac326a94244.mp4' for writing
[hls @ 0xaaab18bd82d0] Opening '/config/cache/transcodes/e9b9435ebf143c3a6bde27a5ac326a94245.mp4' for writing
[hls @ 0xaaab18bd82d0] Opening '/config/cache/transcodes/e9b9435ebf143c3a6bde27a5ac326a94246.mp4' for writing
[hls @ 0xaaab18bd82d0] Opening '/config/cache/transcodes/e9b9435ebf143c3a6bde27a5ac326a94247.mp4' for writing
[hls @ 0xaaab18bd82d0] Opening '/config/cache/transcodes/e9b9435ebf143c3a6bde27a5ac326a94248.mp4' for writing
[hls @ 0xaaab18bd82d0] Opening '/config/cache/transcodes/e9b9435ebf143c3a6bde27a5ac326a94249.mp4' for writing
[hls @ 0xaaab18bd82d0] Opening '/config/cache/transcodes/e9b9435ebf143c3a6bde27a5ac326a94250.mp4' for writing
[hls @ 0xaaab18bd82d0] Opening '/config/cache/transcodes/e9b9435ebf143c3a6bde27a5ac326a94251.mp4' for writing
[hls @ 0xaaab18bd82d0] Opening '/config/cache/transcodes/e9b9435ebf143c3a6bde27a5ac326a94252.mp4' for writing
[hls @ 0xaaab18bd82d0] Opening '/config/cache/transcodes/e9b9435ebf143c3a6bde27a5ac326a94253.mp4' for writing
[hls @ 0xaaab18bd82d0] Opening '/config/cache/transcodes/e9b9435ebf143c3a6bde27a5ac326a94254.mp4' for writing
[hls @ 0xaaab18bd82d0] Opening '/config/cache/transcodes/e9b9435ebf143c3a6bde27a5ac326a94255.mp4' for writing
[hls @ 0xaaab18bd82d0] Opening '/config/cache/transcodes/e9b9435ebf143c3a6bde27a5ac326a94256.mp4' for writing
[hls @ 0xaaab18bd82d0] Opening '/config/cache/transcodes/e9b9435ebf143c3a6bde27a5ac326a94257.mp4' for writing
[hls @ 0xaaab18bd82d0] Opening '/config/cache/transcodes/e9b9435ebf143c3a6bde27a5ac326a94258.mp4' for writing
[hls @ 0xaaab18bd82d0] Opening '/config/cache/transcodes/e9b9435ebf143c3a6bde27a5ac326a94259.mp4' for writing
[hls @ 0xaaab18bd82d0] Opening '/config/cache/transcodes/e9b9435ebf143c3a6bde27a5ac326a94260.mp4' for writing
[hls @ 0xaaab18bd82d0] Opening '/config/cache/transcodes/e9b9435ebf143c3a6bde27a5ac326a94261.mp4' for writing
[hls @ 0xaaab18bd82d0] Opening '/config/cache/transcodes/e9b9435ebf143c3a6bde27a5ac326a94262.mp4' for writing
[hls @ 0xaaab18bd82d0] Opening '/config/cache/transcodes/e9b9435ebf143c3a6bde27a5ac326a94263.mp4' for writing
[hls @ 0xaaab18bd82d0] Opening '/config/cache/transcodes/e9b9435ebf143c3a6bde27a5ac326a94264.mp4' for writing
[hls @ 0xaaab18bd82d0] Opening '/config/cache/transcodes/e9b9435ebf143c3a6bde27a5ac326a94265.mp4' for writing
[hls @ 0xaaab18bd82d0] Opening '/config/cache/transcodes/e9b9435ebf143c3a6bde27a5ac326a94266.mp4' for writing
[hls @ 0xaaab18bd82d0] Opening '/config/cache/transcodes/e9b9435ebf143c3a6bde27a5ac326a94267.mp4' for writing
[hls @ 0xaaab18bd82d0] Opening '/config/cache/transcodes/e9b9435ebf143c3a6bde27a5ac326a94268.mp4' for writing
[hls @ 0xaaab18bd82d0] Opening '/config/cache/transcodes/e9b9435ebf143c3a6bde27a5ac326a94269.mp4' for writing
[hls @ 0xaaab18bd82d0] Opening '/config/cache/transcodes/e9b9435ebf143c3a6bde27a5ac326a94270.mp4' for writing
[hls @ 0xaaab18bd82d0] Opening '/config/cache/transcodes/e9b9435ebf143c3a6bde27a5ac326a94271.mp4' for writing
[hls @ 0xaaab18bd82d0] Opening '/config/cache/transcodes/e9b9435ebf143c3a6bde27a5ac326a94272.mp4' for writing
[hls @ 0xaaab18bd82d0] Opening '/config/cache/transcodes/e9b9435ebf143c3a6bde27a5ac326a94273.mp4' for writing
[hls @ 0xaaab18bd82d0] Opening '/config/cache/transcodes/e9b9435ebf143c3a6bde27a5ac326a94274.mp4' for writing
[hls @ 0xaaab18bd82d0] Opening '/config/cache/transcodes/e9b9435ebf143c3a6bde27a5ac326a94275.mp4' for writing
[hls @ 0xaaab18bd82d0] Opening '/config/cache/transcodes/e9b9435ebf143c3a6bde27a5ac326a94276.mp4' for writing
[hls @ 0xaaab18bd82d0] Opening '/config/cache/transcodes/e9b9435ebf143c3a6bde27a5ac326a94277.mp4' for writing
[hls @ 0xaaab18bd82d0] Opening '/config/cache/transcodes/e9b9435ebf143c3a6bde27a5ac326a94278.mp4' for writing
[hls @ 0xaaab18bd82d0] Opening '/config/cache/transcodes/e9b9435ebf143c3a6bde27a5ac326a94279.mp4' for writing
[hls @ 0xaaab18bd82d0] Opening '/config/cache/transcodes/e9b9435ebf143c3a6bde27a5ac326a94280.mp4' for writing
frame=40753 fps=27126 q=-1.0 size=N/A time=00:19:18.82 bitrate=N/A speed= 771x    
[hls @ 0xaaab18bd82d0] Opening '/config/cache/transcodes/e9b9435ebf143c3a6bde27a5ac326a94281.mp4' for writing
[hls @ 0xaaab18bd82d0] Opening '/config/cache/transcodes/e9b9435ebf143c3a6bde27a5ac326a94282.mp4' for writing
[hls @ 0xaaab18bd82d0] Opening '/config/cache/transcodes/e9b9435ebf143c3a6bde27a5ac326a94283.mp4' for writing
[hls @ 0xaaab18bd82d0] Opening '/config/cache/transcodes/e9b9435ebf143c3a6bde27a5ac326a94284.mp4' for writing
[hls @ 0xaaab18bd82d0] Opening '/config/cache/transcodes/e9b9435ebf143c3a6bde27a5ac326a94285.mp4' for writing
[hls @ 0xaaab18bd82d0] Opening '/config/cache/transcodes/e9b9435ebf143c3a6bde27a5ac326a94286.mp4' for writing
[hls @ 0xaaab18bd82d0] Opening '/config/cache/transcodes/e9b9435ebf143c3a6bde27a5ac326a94287.mp4' for writing
[hls @ 0xaaab18bd82d0] Opening '/config/cache/transcodes/e9b9435ebf143c3a6bde27a5ac326a94288.mp4' for writing
[hls @ 0xaaab18bd82d0] Opening '/config/cache/transcodes/e9b9435ebf143c3a6bde27a5ac326a94289.mp4' for writing
[hls @ 0xaaab18bd82d0] Opening '/config/cache/transcodes/e9b9435ebf143c3a6bde27a5ac326a94290.mp4' for writing
[hls @ 0xaaab18bd82d0] Opening '/config/cache/transcodes/e9b9435ebf143c3a6bde27a5ac326a94291.mp4' for writing
[hls @ 0xaaab18bd82d0] Opening '/config/cache/transcodes/e9b9435ebf143c3a6bde27a5ac326a94292.mp4' for writing
[hls @ 0xaaab18bd82d0] Opening '/config/cache/transcodes/e9b9435ebf143c3a6bde27a5ac326a94293.mp4' for writing
[hls @ 0xaaab18bd82d0] Opening '/config/cache/transcodes/e9b9435ebf143c3a6bde27a5ac326a94294.mp4' for writing
[hls @ 0xaaab18bd82d0] Opening '/config/cache/transcodes/e9b9435ebf143c3a6bde27a5ac326a94295.mp4' for writing
[hls @ 0xaaab18bd82d0] Opening '/config/cache/transcodes/e9b9435ebf143c3a6bde27a5ac326a94296.mp4' for writing
[hls @ 0xaaab18bd82d0] Opening '/config/cache/transcodes/e9b9435ebf143c3a6bde27a5ac326a94297.mp4' for writing
[hls @ 0xaaab18bd82d0] Opening '/config/cache/transcodes/e9b9435ebf143c3a6bde27a5ac326a94298.mp4' for writing
[hls @ 0xaaab18bd82d0] Opening '/config/cache/transcodes/e9b9435ebf143c3a6bde27a5ac326a94299.mp4' for writing
[hls @ 0xaaab18bd82d0] Opening '/config/cache/transcodes/e9b9435ebf143c3a6bde27a5ac326a94300.mp4' for writing
[hls @ 0xaaab18bd82d0] Opening '/config/cache/transcodes/e9b9435ebf143c3a6bde27a5ac326a94301.mp4' for writing
[hls @ 0xaaab18bd82d0] Opening '/config/cache/transcodes/e9b9435ebf143c3a6bde27a5ac326a94302.mp4' for writing
[hls @ 0xaaab18bd82d0] Opening '/config/cache/transcodes/e9b9435ebf143c3a6bde27a5ac326a94303.mp4' for writing
[hls @ 0xaaab18bd82d0] Opening '/config/cache/transcodes/e9b9435ebf143c3a6bde27a5ac326a94304.mp4' for writing
[hls @ 0xaaab18bd82d0] Opening '/config/cache/transcodes/e9b9435ebf143c3a6bde27a5ac326a94305.mp4' for writing
[hls @ 0xaaab18bd82d0] Opening '/config/cache/transcodes/e9b9435ebf143c3a6bde27a5ac326a94306.mp4' for writing
[hls @ 0xaaab18bd82d0] Opening '/config/cache/transcodes/e9b9435ebf143c3a6bde27a5ac326a94307.mp4' for writing
[hls @ 0xaaab18bd82d0] Opening '/config/cache/transcodes/e9b9435ebf143c3a6bde27a5ac326a94308.mp4' for writing
[hls @ 0xaaab18bd82d0] Opening '/config/cache/transcodes/e9b9435ebf143c3a6bde27a5ac326a94309.mp4' for writing
[hls @ 0xaaab18bd82d0] Opening '/config/cache/transcodes/e9b9435ebf143c3a6bde27a5ac326a94310.mp4' for writing
[hls @ 0xaaab18bd82d0] Opening '/config/cache/transcodes/e9b9435ebf143c3a6bde27a5ac326a94311.mp4' for writing
[hls @ 0xaaab18bd82d0] Opening '/config/cache/transcodes/e9b9435ebf143c3a6bde27a5ac326a94312.mp4' for writing
[hls @ 0xaaab18bd82d0] Opening '/config/cache/transcodes/e9b9435ebf143c3a6bde27a5ac326a94313.mp4' for writing
[hls @ 0xaaab18bd82d0] Opening '/config/cache/transcodes/e9b9435ebf143c3a6bde27a5ac326a94314.mp4' for writing
[hls @ 0xaaab18bd82d0] Opening '/config/cache/transcodes/e9b9435ebf143c3a6bde27a5ac326a94315.mp4' for writing
[hls @ 0xaaab18bd82d0] Opening '/config/cache/transcodes/e9b9435ebf143c3a6bde27a5ac326a94316.mp4' for writing
[hls @ 0xaaab18bd82d0] Opening '/config/cache/transcodes/e9b9435ebf143c3a6bde27a5ac326a94317.mp4' for writing
[hls @ 0xaaab18bd82d0] Opening '/config/cache/transcodes/e9b9435ebf143c3a6bde27a5ac326a94318.mp4' for writing
[hls @ 0xaaab18bd82d0] Opening '/config/cache/transcodes/e9b9435ebf143c3a6bde27a5ac326a94319.mp4' for writing
[hls @ 0xaaab18bd82d0] Opening '/config/cache/transcodes/e9b9435ebf143c3a6bde27a5ac326a94320.mp4' for writing
[hls @ 0xaaab18bd82d0] Opening '/config/cache/transcodes/e9b9435ebf143c3a6bde27a5ac326a94321.mp4' for writing
[hls @ 0xaaab18bd82d0] Opening '/config/cache/transcodes/e9b9435ebf143c3a6bde27a5ac326a94322.mp4' for writing
[hls @ 0xaaab18bd82d0] Opening '/config/cache/transcodes/e9b9435ebf143c3a6bde27a5ac326a94323.mp4' for writing
[hls @ 0xaaab18bd82d0] Opening '/config/cache/transcodes/e9b9435ebf143c3a6bde27a5ac326a94324.mp4' for writing
[hls @ 0xaaab18bd82d0] Opening '/config/cache/transcodes/e9b9435ebf143c3a6bde27a5ac326a94325.mp4' for writing
[hls @ 0xaaab18bd82d0] Opening '/config/cache/transcodes/e9b9435ebf143c3a6bde27a5ac326a94326.mp4' for writing
[hls @ 0xaaab18bd82d0] Opening '/config/cache/transcodes/e9b9435ebf143c3a6bde27a5ac326a94327.mp4' for writing
[hls @ 0xaaab18bd82d0] Opening '/config/cache/transcodes/e9b9435ebf143c3a6bde27a5ac326a94328.mp4' for writing
[hls @ 0xaaab18bd82d0] Opening '/config/cache/transcodes/e9b9435ebf143c3a6bde27a5ac326a94329.mp4' for writing
[hls @ 0xaaab18bd82d0] Opening '/config/cache/transcodes/e9b9435ebf143c3a6bde27a5ac326a94330.mp4' for writing
[hls @ 0xaaab18bd82d0] Opening '/config/cache/transcodes/e9b9435ebf143c3a6bde27a5ac326a94331.mp4' for writing
[hls @ 0xaaab18bd82d0] Opening '/config/cache/transcodes/e9b9435ebf143c3a6bde27a5ac326a94332.mp4' for writing
[hls @ 0xaaab18bd82d0] Opening '/config/cache/transcodes/e9b9435ebf143c3a6bde27a5ac326a94333.mp4' for writing
[hls @ 0xaaab18bd82d0] Opening '/config/cache/transcodes/e9b9435ebf143c3a6bde27a5ac326a94334.mp4' for writing
[hls @ 0xaaab18bd82d0] Opening '/config/cache/transcodes/e9b9435ebf143c3a6bde27a5ac326a94335.mp4' for writing
[hls @ 0xaaab18bd82d0] Opening '/config/cache/transcodes/e9b9435ebf143c3a6bde27a5ac326a94336.mp4' for writing
[hls @ 0xaaab18bd82d0] Opening '/config/cache/transcodes/e9b9435ebf143c3a6bde27a5ac326a94337.mp4' for writing
[hls @ 0xaaab18bd82d0] Opening '/config/cache/transcodes/e9b9435ebf143c3a6bde27a5ac326a94338.mp4' for writing
[hls @ 0xaaab18bd82d0] Opening '/config/cache/transcodes/e9b9435ebf143c3a6bde27a5ac326a94339.mp4' for writing
[hls @ 0xaaab18bd82d0] Opening '/config/cache/transcodes/e9b9435ebf143c3a6bde27a5ac326a94340.mp4' for writing
[hls @ 0xaaab18bd82d0] Opening '/config/cache/transcodes/e9b9435ebf143c3a6bde27a5ac326a94341.mp4' for writing
[hls @ 0xaaab18bd82d0] Opening '/config/cache/transcodes/e9b9435ebf143c3a6bde27a5ac326a94342.mp4' for writing
[hls @ 0xaaab18bd82d0] Opening '/config/cache/transcodes/e9b9435ebf143c3a6bde27a5ac326a94343.mp4' for writing
[hls @ 0xaaab18bd82d0] Opening '/config/cache/transcodes/e9b9435ebf143c3a6bde27a5ac326a94344.mp4' for writing
[hls @ 0xaaab18bd82d0] Opening '/config/cache/transcodes/e9b9435ebf143c3a6bde27a5ac326a94345.mp4' for writing
[hls @ 0xaaab18bd82d0] Opening '/config/cache/transcodes/e9b9435ebf143c3a6bde27a5ac326a94346.mp4' for writing
[hls @ 0xaaab18bd82d0] Opening '/config/cache/transcodes/e9b9435ebf143c3a6bde27a5ac326a94347.mp4' for writing
[hls @ 0xaaab18bd82d0] Opening '/config/cache/transcodes/e9b9435ebf143c3a6bde27a5ac326a94348.mp4' for writing
[hls @ 0xaaab18bd82d0] Opening '/config/cache/transcodes/e9b9435ebf143c3a6bde27a5ac326a94349.mp4' for writing
[hls @ 0xaaab18bd82d0] Opening '/config/cache/transcodes/e9b9435ebf143c3a6bde27a5ac326a94350.mp4' for writing
[hls @ 0xaaab18bd82d0] Opening '/config/cache/transcodes/e9b9435ebf143c3a6bde27a5ac326a94351.mp4' for writing
[hls @ 0xaaab18bd82d0] Opening '/config/cache/transcodes/e9b9435ebf143c3a6bde27a5ac326a94352.mp4' for writing
[hls @ 0xaaab18bd82d0] Opening '/config/cache/transcodes/e9b9435ebf143c3a6bde27a5ac326a94353.mp4' for writing
[hls @ 0xaaab18bd82d0] Opening '/config/cache/transcodes/e9b9435ebf143c3a6bde27a5ac326a94354.mp4' for writing
[hls @ 0xaaab18bd82d0] Opening '/config/cache/transcodes/e9b9435ebf143c3a6bde27a5ac326a94355.mp4' for writing
[hls @ 0xaaab18bd82d0] Opening '/config/cache/transcodes/e9b9435ebf143c3a6bde27a5ac326a94356.mp4' for writing
[hls @ 0xaaab18bd82d0] Opening '/config/cache/transcodes/e9b9435ebf143c3a6bde27a5ac326a94357.mp4' for writing
[hls @ 0xaaab18bd82d0] Opening '/config/cache/transcodes/e9b9435ebf143c3a6bde27a5ac326a94358.mp4' for writing
[hls @ 0xaaab18bd82d0] Opening '/config/cache/transcodes/e9b9435ebf143c3a6bde27a5ac326a94359.mp4' for writing
[hls @ 0xaaab18bd82d0] Opening '/config/cache/transcodes/e9b9435ebf143c3a6bde27a5ac326a94360.mp4' for writing
[hls @ 0xaaab18bd82d0] Opening '/config/cache/transcodes/e9b9435ebf143c3a6bde27a5ac326a94361.mp4' for writing
[hls @ 0xaaab18bd82d0] Opening '/config/cache/transcodes/e9b9435ebf143c3a6bde27a5ac326a94362.mp4' for writing
[hls @ 0xaaab18bd82d0] Opening '/config/cache/transcodes/e9b9435ebf143c3a6bde27a5ac326a94363.mp4' for writing
[hls @ 0xaaab18bd82d0] Opening '/config/cache/transcodes/e9b9435ebf143c3a6bde27a5ac326a94364.mp4' for writing
[hls @ 0xaaab18bd82d0] Opening '/config/cache/transcodes/e9b9435ebf143c3a6bde27a5ac326a94365.mp4' for writing
[hls @ 0xaaab18bd82d0] Opening '/config/cache/transcodes/e9b9435ebf143c3a6bde27a5ac326a94366.mp4' for writing
[hls @ 0xaaab18bd82d0] Opening '/config/cache/transcodes/e9b9435ebf143c3a6bde27a5ac326a94367.mp4' for writing
[hls @ 0xaaab18bd82d0] Opening '/config/cache/transcodes/e9b9435ebf143c3a6bde27a5ac326a94368.mp4' for writing
[hls @ 0xaaab18bd82d0] Opening '/config/cache/transcodes/e9b9435ebf143c3a6bde27a5ac326a94369.mp4' for writing
[hls @ 0xaaab18bd82d0] Opening '/config/cache/transcodes/e9b9435ebf143c3a6bde27a5ac326a94370.mp4' for writing
[hls @ 0xaaab18bd82d0] Opening '/config/cache/transcodes/e9b9435ebf143c3a6bde27a5ac326a94371.mp4' for writing
[hls @ 0xaaab18bd82d0] Opening '/config/cache/transcodes/e9b9435ebf143c3a6bde27a5ac326a94372.mp4' for writing
[hls @ 0xaaab18bd82d0] Opening '/config/cache/transcodes/e9b9435ebf143c3a6bde27a5ac326a94373.mp4' for writing
[hls @ 0xaaab18bd82d0] Opening '/config/cache/transcodes/e9b9435ebf143c3a6bde27a5ac326a94374.mp4' for writing
[hls @ 0xaaab18bd82d0] Opening '/config/cache/transcodes/e9b9435ebf143c3a6bde27a5ac326a94375.mp4' for writing
[hls @ 0xaaab18bd82d0] Opening '/config/cache/transcodes/e9b9435ebf143c3a6bde27a5ac326a94376.mp4' for writing
[hls @ 0xaaab18bd82d0] Opening '/config/cache/transcodes/e9b9435ebf143c3a6bde27a5ac326a94377.mp4' for writing
[hls @ 0xaaab18bd82d0] Opening '/config/cache/transcodes/e9b9435ebf143c3a6bde27a5ac326a94378.mp4' for writing
[hls @ 0xaaab18bd82d0] Opening '/config/cache/transcodes/e9b9435ebf143c3a6bde27a5ac326a94379.mp4' for writing
[hls @ 0xaaab18bd82d0] Opening '/config/cache/transcodes/e9b9435ebf143c3a6bde27a5ac326a94380.mp4' for writing
[hls @ 0xaaab18bd82d0] Opening '/config/cache/transcodes/e9b9435ebf143c3a6bde27a5ac326a94381.mp4' for writing
[hls @ 0xaaab18bd82d0] Opening '/config/cache/transcodes/e9b9435ebf143c3a6bde27a5ac326a94382.mp4' for writing
[hls @ 0xaaab18bd82d0] Opening '/config/cache/transcodes/e9b9435ebf143c3a6bde27a5ac326a94383.mp4' for writing
[hls @ 0xaaab18bd82d0] Opening '/config/cache/transcodes/e9b9435ebf143c3a6bde27a5ac326a94384.mp4' for writing
frame=55518 fps=27712 q=-1.0 size=N/A time=00:29:34.03 bitrate=N/A speed= 886x    
[hls @ 0xaaab18bd82d0] Opening '/config/cache/transcodes/e9b9435ebf143c3a6bde27a5ac326a94385.mp4' for writing
[hls @ 0xaaab18bd82d0] Opening '/config/cache/transcodes/e9b9435ebf143c3a6bde27a5ac326a94386.mp4' for writing
[hls @ 0xaaab18bd82d0] Opening '/config/cache/transcodes/e9b9435ebf143c3a6bde27a5ac326a94387.mp4' for writing
[hls @ 0xaaab18bd82d0] Opening '/config/cache/transcodes/e9b9435ebf143c3a6bde27a5ac326a94388.mp4' for writing
[hls @ 0xaaab18bd82d0] Opening '/config/cache/transcodes/e9b9435ebf143c3a6bde27a5ac326a94389.mp4' for writing
[hls @ 0xaaab18bd82d0] Opening '/config/cache/transcodes/e9b9435ebf143c3a6bde27a5ac326a94390.mp4' for writing
[hls @ 0xaaab18bd82d0] Opening '/config/cache/transcodes/e9b9435ebf143c3a6bde27a5ac326a94391.mp4' for writing
[hls @ 0xaaab18bd82d0] Opening '/config/cache/transcodes/e9b9435ebf143c3a6bde27a5ac326a94392.mp4' for writing
[hls @ 0xaaab18bd82d0] Opening '/config/cache/transcodes/e9b9435ebf143c3a6bde27a5ac326a94393.mp4' for writing
[hls @ 0xaaab18bd82d0] Opening '/config/cache/transcodes/e9b9435ebf143c3a6bde27a5ac326a94394.mp4' for writing
[hls @ 0xaaab18bd82d0] Opening '/config/cache/transcodes/e9b9435ebf143c3a6bde27a5ac326a94395.mp4' for writing
[hls @ 0xaaab18bd82d0] Opening '/config/cache/transcodes/e9b9435ebf143c3a6bde27a5ac326a94396.mp4' for writing
[hls @ 0xaaab18bd82d0] Opening '/config/cache/transcodes/e9b9435ebf143c3a6bde27a5ac326a94397.mp4' for writing
[hls @ 0xaaab18bd82d0] Opening '/config/cache/transcodes/e9b9435ebf143c3a6bde27a5ac326a94398.mp4' for writing
[hls @ 0xaaab18bd82d0] Opening '/config/cache/transcodes/e9b9435ebf143c3a6bde27a5ac326a94399.mp4' for writing
[hls @ 0xaaab18bd82d0] Opening '/config/cache/transcodes/e9b9435ebf143c3a6bde27a5ac326a94400.mp4' for writing
[hls @ 0xaaab18bd82d0] Opening '/config/cache/transcodes/e9b9435ebf143c3a6bde27a5ac326a94401.mp4' for writing
[hls @ 0xaaab18bd82d0] Opening '/config/cache/transcodes/e9b9435ebf143c3a6bde27a5ac326a94402.mp4' for writing
[hls @ 0xaaab18bd82d0] Opening '/config/cache/transcodes/e9b9435ebf143c3a6bde27a5ac326a94403.mp4' for writing
[hls @ 0xaaab18bd82d0] Opening '/config/cache/transcodes/e9b9435ebf143c3a6bde27a5ac326a94404.mp4' for writing
[hls @ 0xaaab18bd82d0] Opening '/config/cache/transcodes/e9b9435ebf143c3a6bde27a5ac326a94405.mp4' for writing
[hls @ 0xaaab18bd82d0] Opening '/config/cache/transcodes/e9b9435ebf143c3a6bde27a5ac326a94406.mp4' for writing
[hls @ 0xaaab18bd82d0] Opening '/config/cache/transcodes/e9b9435ebf143c3a6bde27a5ac326a94407.mp4' for writing
[hls @ 0xaaab18bd82d0] Opening '/config/cache/transcodes/e9b9435ebf143c3a6bde27a5ac326a94408.mp4' for writing
[hls @ 0xaaab18bd82d0] Opening '/config/cache/transcodes/e9b9435ebf143c3a6bde27a5ac326a94409.mp4' for writing
[hls @ 0xaaab18bd82d0] Opening '/config/cache/transcodes/e9b9435ebf143c3a6bde27a5ac326a94410.mp4' for writing
[hls @ 0xaaab18bd82d0] Opening '/config/cache/transcodes/e9b9435ebf143c3a6bde27a5ac326a94411.mp4' for writing
[hls @ 0xaaab18bd82d0] Opening '/config/cache/transcodes/e9b9435ebf143c3a6bde27a5ac326a94412.mp4' for writing
[hls @ 0xaaab18bd82d0] Opening '/config/cache/transcodes/e9b9435ebf143c3a6bde27a5ac326a94413.mp4' for writing
[hls @ 0xaaab18bd82d0] Opening '/config/cache/transcodes/e9b9435ebf143c3a6bde27a5ac326a94414.mp4' for writing
[hls @ 0xaaab18bd82d0] Opening '/config/cache/transcodes/e9b9435ebf143c3a6bde27a5ac326a94415.mp4' for writing
[hls @ 0xaaab18bd82d0] Opening '/config/cache/transcodes/e9b9435ebf143c3a6bde27a5ac326a94416.mp4' for writing
[hls @ 0xaaab18bd82d0] Opening '/config/cache/transcodes/e9b9435ebf143c3a6bde27a5ac326a94417.mp4' for writing
[hls @ 0xaaab18bd82d0] Opening '/config/cache/transcodes/e9b9435ebf143c3a6bde27a5ac326a94418.mp4' for writing
[hls @ 0xaaab18bd82d0] Opening '/config/cache/transcodes/e9b9435ebf143c3a6bde27a5ac326a94419.mp4' for writing
[hls @ 0xaaab18bd82d0] Opening '/config/cache/transcodes/e9b9435ebf143c3a6bde27a5ac326a94420.mp4' for writing
[hls @ 0xaaab18bd82d0] Opening '/config/cache/transcodes/e9b9435ebf143c3a6bde27a5ac326a94421.mp4' for writing
[hls @ 0xaaab18bd82d0] Opening '/config/cache/transcodes/e9b9435ebf143c3a6bde27a5ac326a94422.mp4' for writing
[hls @ 0xaaab18bd82d0] Opening '/config/cache/transcodes/e9b9435ebf143c3a6bde27a5ac326a94423.mp4' for writing
[hls @ 0xaaab18bd82d0] Opening '/config/cache/transcodes/e9b9435ebf143c3a6bde27a5ac326a94424.mp4' for writing
[hls @ 0xaaab18bd82d0] Opening '/config/cache/transcodes/e9b9435ebf143c3a6bde27a5ac326a94425.mp4' for writing
[hls @ 0xaaab18bd82d0] Opening '/config/cache/transcodes/e9b9435ebf143c3a6bde27a5ac326a94426.mp4' for writing
[hls @ 0xaaab18bd82d0] Opening '/config/cache/transcodes/e9b9435ebf143c3a6bde27a5ac326a94427.mp4' for writing
[hls @ 0xaaab18bd82d0] Opening '/config/cache/transcodes/e9b9435ebf143c3a6bde27a5ac326a94428.mp4' for writing
[hls @ 0xaaab18bd82d0] Opening '/config/cache/transcodes/e9b9435ebf143c3a6bde27a5ac326a94429.mp4' for writing
[hls @ 0xaaab18bd82d0] Opening '/config/cache/transcodes/e9b9435ebf143c3a6bde27a5ac326a94430.mp4' for writing
[hls @ 0xaaab18bd82d0] Opening '/config/cache/transcodes/e9b9435ebf143c3a6bde27a5ac326a94431.mp4' for writing
[hls @ 0xaaab18bd82d0] Opening '/config/cache/transcodes/e9b9435ebf143c3a6bde27a5ac326a94432.mp4' for writing
[hls @ 0xaaab18bd82d0] Opening '/config/cache/transcodes/e9b9435ebf143c3a6bde27a5ac326a94433.mp4' for writing
[hls @ 0xaaab18bd82d0] Opening '/config/cache/transcodes/e9b9435ebf143c3a6bde27a5ac326a94434.mp4' for writing
[hls @ 0xaaab18bd82d0] Opening '/config/cache/transcodes/e9b9435ebf143c3a6bde27a5ac326a94435.mp4' for writing
[hls @ 0xaaab18bd82d0] Opening '/config/cache/transcodes/e9b9435ebf143c3a6bde27a5ac326a94436.mp4' for writing
[hls @ 0xaaab18bd82d0] Opening '/config/cache/transcodes/e9b9435ebf143c3a6bde27a5ac326a94437.mp4' for writing
[hls @ 0xaaab18bd82d0] Opening '/config/cache/transcodes/e9b9435ebf143c3a6bde27a5ac326a94438.mp4' for writing
[hls @ 0xaaab18bd82d0] Opening '/config/cache/transcodes/e9b9435ebf143c3a6bde27a5ac326a94439.mp4' for writing
[hls @ 0xaaab18bd82d0] Opening '/config/cache/transcodes/e9b9435ebf143c3a6bde27a5ac326a94440.mp4' for writing
[hls @ 0xaaab18bd82d0] Opening '/config/cache/transcodes/e9b9435ebf143c3a6bde27a5ac326a94441.mp4' for writing
[hls @ 0xaaab18bd82d0] Opening '/config/cache/transcodes/e9b9435ebf143c3a6bde27a5ac326a94442.mp4' for writing
[hls @ 0xaaab18bd82d0] Opening '/config/cache/transcodes/e9b9435ebf143c3a6bde27a5ac326a94443.mp4' for writing
[hls @ 0xaaab18bd82d0] Opening '/config/cache/transcodes/e9b9435ebf143c3a6bde27a5ac326a94444.mp4' for writing
[hls @ 0xaaab18bd82d0] Opening '/config/cache/transcodes/e9b9435ebf143c3a6bde27a5ac326a94445.mp4' for writing
[hls @ 0xaaab18bd82d0] Opening '/config/cache/transcodes/e9b9435ebf143c3a6bde27a5ac326a94446.mp4' for writing
[hls @ 0xaaab18bd82d0] Opening '/config/cache/transcodes/e9b9435ebf143c3a6bde27a5ac326a94447.mp4' for writing
[hls @ 0xaaab18bd82d0] Opening '/config/cache/transcodes/e9b9435ebf143c3a6bde27a5ac326a94448.mp4' for writing
[hls @ 0xaaab18bd82d0] Opening '/config/cache/transcodes/e9b9435ebf143c3a6bde27a5ac326a94449.mp4' for writing
[hls @ 0xaaab18bd82d0] Opening '/config/cache/transcodes/e9b9435ebf143c3a6bde27a5ac326a94450.mp4' for writing
[hls @ 0xaaab18bd82d0] Opening '/config/cache/transcodes/e9b9435ebf143c3a6bde27a5ac326a94451.mp4' for writing
[hls @ 0xaaab18bd82d0] Opening '/config/cache/transcodes/e9b9435ebf143c3a6bde27a5ac326a94452.mp4' for writing
[hls @ 0xaaab18bd82d0] Opening '/config/cache/transcodes/e9b9435ebf143c3a6bde27a5ac326a94453.mp4' for writing
[hls @ 0xaaab18bd82d0] Opening '/config/cache/transcodes/e9b9435ebf143c3a6bde27a5ac326a94454.mp4' for writing
[hls @ 0xaaab18bd82d0] Opening '/config/cache/transcodes/e9b9435ebf143c3a6bde27a5ac326a94455.mp4' for writing
[hls @ 0xaaab18bd82d0] Opening '/config/cache/transcodes/e9b9435ebf143c3a6bde27a5ac326a94456.mp4' for writing
[hls @ 0xaaab18bd82d0] Opening '/config/cache/transcodes/e9b9435ebf143c3a6bde27a5ac326a94457.mp4' for writing
[hls @ 0xaaab18bd82d0] Opening '/config/cache/transcodes/e9b9435ebf143c3a6bde27a5ac326a94458.mp4' for writing
[hls @ 0xaaab18bd82d0] Opening '/config/cache/transcodes/e9b9435ebf143c3a6bde27a5ac326a94459.mp4' for writing
[hls @ 0xaaab18bd82d0] Opening '/config/cache/transcodes/e9b9435ebf143c3a6bde27a5ac326a94460.mp4' for writing
[hls @ 0xaaab18bd82d0] Opening '/config/cache/transcodes/e9b9435ebf143c3a6bde27a5ac326a94461.mp4' for writing
[hls @ 0xaaab18bd82d0] Opening '/config/cache/transcodes/e9b9435ebf143c3a6bde27a5ac326a94462.mp4' for writing
[hls @ 0xaaab18bd82d0] Opening '/config/cache/transcodes/e9b9435ebf143c3a6bde27a5ac326a94463.mp4' for writing
[hls @ 0xaaab18bd82d0] Opening '/config/cache/transcodes/e9b9435ebf143c3a6bde27a5ac326a94464.mp4' for writing
[hls @ 0xaaab18bd82d0] Opening '/config/cache/transcodes/e9b9435ebf143c3a6bde27a5ac326a94465.mp4' for writing
[hls @ 0xaaab18bd82d0] Opening '/config/cache/transcodes/e9b9435ebf143c3a6bde27a5ac326a94466.mp4' for writing
[hls @ 0xaaab18bd82d0] Opening '/config/cache/transcodes/e9b9435ebf143c3a6bde27a5ac326a94467.mp4' for writing
[hls @ 0xaaab18bd82d0] Opening '/config/cache/transcodes/e9b9435ebf143c3a6bde27a5ac326a94468.mp4' for writing
[hls @ 0xaaab18bd82d0] Opening '/config/cache/transcodes/e9b9435ebf143c3a6bde27a5ac326a94469.mp4' for writing
frame=67745 fps=27060 q=-1.0 size=N/A time=00:38:03.48 bitrate=N/A speed= 912x    
[hls @ 0xaaab18bd82d0] Opening '/config/cache/transcodes/e9b9435ebf143c3a6bde27a5ac326a94470.mp4' for writing
[hls @ 0xaaab18bd82d0] Opening '/config/cache/transcodes/e9b9435ebf143c3a6bde27a5ac326a94471.mp4' for writing
[hls @ 0xaaab18bd82d0] Opening '/config/cache/transcodes/e9b9435ebf143c3a6bde27a5ac326a94472.mp4' for writing
[hls @ 0xaaab18bd82d0] Opening '/config/cache/transcodes/e9b9435ebf143c3a6bde27a5ac326a94473.mp4' for writing
[hls @ 0xaaab18bd82d0] Opening '/config/cache/transcodes/e9b9435ebf143c3a6bde27a5ac326a94474.mp4' for writing
[hls @ 0xaaab18bd82d0] Opening '/config/cache/transcodes/e9b9435ebf143c3a6bde27a5ac326a94475.mp4' for writing
[hls @ 0xaaab18bd82d0] Opening '/config/cache/transcodes/e9b9435ebf143c3a6bde27a5ac326a94476.mp4' for writing
[hls @ 0xaaab18bd82d0] Opening '/config/cache/transcodes/e9b9435ebf143c3a6bde27a5ac326a94477.mp4' for writing
[hls @ 0xaaab18bd82d0] Opening '/config/cache/transcodes/e9b9435ebf143c3a6bde27a5ac326a94478.mp4' for writing
[hls @ 0xaaab18bd82d0] Opening '/config/cache/transcodes/e9b9435ebf143c3a6bde27a5ac326a94479.mp4' for writing
[hls @ 0xaaab18bd82d0] Opening '/config/cache/transcodes/e9b9435ebf143c3a6bde27a5ac326a94480.mp4' for writing
[hls @ 0xaaab18bd82d0] Opening '/config/cache/transcodes/e9b9435ebf143c3a6bde27a5ac326a94481.mp4' for writing
[hls @ 0xaaab18bd82d0] Opening '/config/cache/transcodes/e9b9435ebf143c3a6bde27a5ac326a94482.mp4' for writing
[hls @ 0xaaab18bd82d0] Opening '/config/cache/transcodes/e9b9435ebf143c3a6bde27a5ac326a94483.mp4' for writing
[hls @ 0xaaab18bd82d0] Opening '/config/cache/transcodes/e9b9435ebf143c3a6bde27a5ac326a94484.mp4' for writing
[hls @ 0xaaab18bd82d0] Opening '/config/cache/transcodes/e9b9435ebf143c3a6bde27a5ac326a94485.mp4' for writing
[hls @ 0xaaab18bd82d0] Opening '/config/cache/transcodes/e9b9435ebf143c3a6bde27a5ac326a94486.mp4' for writing
[hls @ 0xaaab18bd82d0] Opening '/config/cache/transcodes/e9b9435ebf143c3a6bde27a5ac326a94487.mp4' for writing
[hls @ 0xaaab18bd82d0] Opening '/config/cache/transcodes/e9b9435ebf143c3a6bde27a5ac326a94488.mp4' for writing
[hls @ 0xaaab18bd82d0] Opening '/config/cache/transcodes/e9b9435ebf143c3a6bde27a5ac326a94489.mp4' for writing
[hls @ 0xaaab18bd82d0] Opening '/config/cache/transcodes/e9b9435ebf143c3a6bde27a5ac326a94490.mp4' for writing
[hls @ 0xaaab18bd82d0] Opening '/config/cache/transcodes/e9b9435ebf143c3a6bde27a5ac326a94491.mp4' for writing
[hls @ 0xaaab18bd82d0] Opening '/config/cache/transcodes/e9b9435ebf143c3a6bde27a5ac326a94492.mp4' for writing
[hls @ 0xaaab18bd82d0] Opening '/config/cache/transcodes/e9b9435ebf143c3a6bde27a5ac326a94493.mp4' for writing
[hls @ 0xaaab18bd82d0] Opening '/config/cache/transcodes/e9b9435ebf143c3a6bde27a5ac326a94494.mp4' for writing
[hls @ 0xaaab18bd82d0] Opening '/config/cache/transcodes/e9b9435ebf143c3a6bde27a5ac326a94495.mp4' for writing
[hls @ 0xaaab18bd82d0] Opening '/config/cache/transcodes/e9b9435ebf143c3a6bde27a5ac326a94496.mp4' for writing
[hls @ 0xaaab18bd82d0] Opening '/config/cache/transcodes/e9b9435ebf143c3a6bde27a5ac326a94497.mp4' for writing
[hls @ 0xaaab18bd82d0] Opening '/config/cache/transcodes/e9b9435ebf143c3a6bde27a5ac326a94498.mp4' for writing
[hls @ 0xaaab18bd82d0] Opening '/config/cache/transcodes/e9b9435ebf143c3a6bde27a5ac326a94499.mp4' for writing
[hls @ 0xaaab18bd82d0] Opening '/config/cache/transcodes/e9b9435ebf143c3a6bde27a5ac326a94500.mp4' for writing
[hls @ 0xaaab18bd82d0] Opening '/config/cache/transcodes/e9b9435ebf143c3a6bde27a5ac326a94501.mp4' for writing
[hls @ 0xaaab18bd82d0] Opening '/config/cache/transcodes/e9b9435ebf143c3a6bde27a5ac326a94502.mp4' for writing
[hls @ 0xaaab18bd82d0] Opening '/config/cache/transcodes/e9b9435ebf143c3a6bde27a5ac326a94503.mp4' for writing
[hls @ 0xaaab18bd82d0] Opening '/config/cache/transcodes/e9b9435ebf143c3a6bde27a5ac326a94504.mp4' for writing
[hls @ 0xaaab18bd82d0] Opening '/config/cache/transcodes/e9b9435ebf143c3a6bde27a5ac326a94505.mp4' for writing
[hls @ 0xaaab18bd82d0] Opening '/config/cache/transcodes/e9b9435ebf143c3a6bde27a5ac326a94506.mp4' for writing
[hls @ 0xaaab18bd82d0] Opening '/config/cache/transcodes/e9b9435ebf143c3a6bde27a5ac326a94507.mp4' for writing
[hls @ 0xaaab18bd82d0] Opening '/config/cache/transcodes/e9b9435ebf143c3a6bde27a5ac326a94508.mp4' for writing
[hls @ 0xaaab18bd82d0] Opening '/config/cache/transcodes/e9b9435ebf143c3a6bde27a5ac326a94509.mp4' for writing
[hls @ 0xaaab18bd82d0] Opening '/config/cache/transcodes/e9b9435ebf143c3a6bde27a5ac326a94510.mp4' for writing
[hls @ 0xaaab18bd82d0] Opening '/config/cache/transcodes/e9b9435ebf143c3a6bde27a5ac326a94511.mp4' for writing
[hls @ 0xaaab18bd82d0] Opening '/config/cache/transcodes/e9b9435ebf143c3a6bde27a5ac326a94512.mp4' for writing
[hls @ 0xaaab18bd82d0] Opening '/config/cache/transcodes/e9b9435ebf143c3a6bde27a5ac326a94513.mp4' for writing
[hls @ 0xaaab18bd82d0] Opening '/config/cache/transcodes/e9b9435ebf143c3a6bde27a5ac326a94514.mp4' for writing
[hls @ 0xaaab18bd82d0] Opening '/config/cache/transcodes/e9b9435ebf143c3a6bde27a5ac326a94515.mp4' for writing
[hls @ 0xaaab18bd82d0] Opening '/config/cache/transcodes/e9b9435ebf143c3a6bde27a5ac326a94516.mp4' for writing
[hls @ 0xaaab18bd82d0] Opening '/config/cache/transcodes/e9b9435ebf143c3a6bde27a5ac326a94517.mp4' for writing
[hls @ 0xaaab18bd82d0] Opening '/config/cache/transcodes/e9b9435ebf143c3a6bde27a5ac326a94518.mp4' for writing
[hls @ 0xaaab18bd82d0] Opening '/config/cache/transcodes/e9b9435ebf143c3a6bde27a5ac326a94519.mp4' for writing
[hls @ 0xaaab18bd82d0] Opening '/config/cache/transcodes/e9b9435ebf143c3a6bde27a5ac326a94520.mp4' for writing
[hls @ 0xaaab18bd82d0] Opening '/config/cache/transcodes/e9b9435ebf143c3a6bde27a5ac326a94521.mp4' for writing
[hls @ 0xaaab18bd82d0] Opening '/config/cache/transcodes/e9b9435ebf143c3a6bde27a5ac326a94522.mp4' for writing
[hls @ 0xaaab18bd82d0] Opening '/config/cache/transcodes/e9b9435ebf143c3a6bde27a5ac326a94523.mp4' for writing
[hls @ 0xaaab18bd82d0] Opening '/config/cache/transcodes/e9b9435ebf143c3a6bde27a5ac326a94524.mp4' for writing
[hls @ 0xaaab18bd82d0] Opening '/config/cache/transcodes/e9b9435ebf143c3a6bde27a5ac326a94525.mp4' for writing
[hls @ 0xaaab18bd82d0] Opening '/config/cache/transcodes/e9b9435ebf143c3a6bde27a5ac326a94526.mp4' for writing
[hls @ 0xaaab18bd82d0] Opening '/config/cache/transcodes/e9b9435ebf143c3a6bde27a5ac326a94527.mp4' for writing
[hls @ 0xaaab18bd82d0] Opening '/config/cache/transcodes/e9b9435ebf143c3a6bde27a5ac326a94528.mp4' for writing
[hls @ 0xaaab18bd82d0] Opening '/config/cache/transcodes/e9b9435ebf143c3a6bde27a5ac326a94529.mp4' for writing
[hls @ 0xaaab18bd82d0] Opening '/config/cache/transcodes/e9b9435ebf143c3a6bde27a5ac326a94530.mp4' for writing
[hls @ 0xaaab18bd82d0] Opening '/config/cache/transcodes/e9b9435ebf143c3a6bde27a5ac326a94531.mp4' for writing
[hls @ 0xaaab18bd82d0] Opening '/config/cache/transcodes/e9b9435ebf143c3a6bde27a5ac326a94532.mp4' for writing
[hls @ 0xaaab18bd82d0] Opening '/config/cache/transcodes/e9b9435ebf143c3a6bde27a5ac326a94533.mp4' for writing
[hls @ 0xaaab18bd82d0] Opening '/config/cache/transcodes/e9b9435ebf143c3a6bde27a5ac326a94534.mp4' for writing
[hls @ 0xaaab18bd82d0] Opening '/config/cache/transcodes/e9b9435ebf143c3a6bde27a5ac326a94535.mp4' for writing
[hls @ 0xaaab18bd82d0] Opening '/config/cache/transcodes/e9b9435ebf143c3a6bde27a5ac326a94536.mp4' for writing
[hls @ 0xaaab18bd82d0] Opening '/config/cache/transcodes/e9b9435ebf143c3a6bde27a5ac326a94537.mp4' for writing
[hls @ 0xaaab18bd82d0] Opening '/config/cache/transcodes/e9b9435ebf143c3a6bde27a5ac326a94538.mp4' for writing
[hls @ 0xaaab18bd82d0] Opening '/config/cache/transcodes/e9b9435ebf143c3a6bde27a5ac326a94539.mp4' for writing
[hls @ 0xaaab18bd82d0] Opening '/config/cache/transcodes/e9b9435ebf143c3a6bde27a5ac326a94540.mp4' for writing
[hls @ 0xaaab18bd82d0] Opening '/config/cache/transcodes/e9b9435ebf143c3a6bde27a5ac326a94541.mp4' for writing
[hls @ 0xaaab18bd82d0] Opening '/config/cache/transcodes/e9b9435ebf143c3a6bde27a5ac326a94542.mp4' for writing
[hls @ 0xaaab18bd82d0] Opening '/config/cache/transcodes/e9b9435ebf143c3a6bde27a5ac326a94543.mp4' for writing
[hls @ 0xaaab18bd82d0] Opening '/config/cache/transcodes/e9b9435ebf143c3a6bde27a5ac326a94544.mp4' for writing
[hls @ 0xaaab18bd82d0] Opening '/config/cache/transcodes/e9b9435ebf143c3a6bde27a5ac326a94545.mp4' for writing
[hls @ 0xaaab18bd82d0] Opening '/config/cache/transcodes/e9b9435ebf143c3a6bde27a5ac326a94546.mp4' for writing
[hls @ 0xaaab18bd82d0] Opening '/config/cache/transcodes/e9b9435ebf143c3a6bde27a5ac326a94547.mp4' for writing
[hls @ 0xaaab18bd82d0] Opening '/config/cache/transcodes/e9b9435ebf143c3a6bde27a5ac326a94548.mp4' for writing
[hls @ 0xaaab18bd82d0] Opening '/config/cache/transcodes/e9b9435ebf143c3a6bde27a5ac326a94549.mp4' for writing
[hls @ 0xaaab18bd82d0] Opening '/config/cache/transcodes/e9b9435ebf143c3a6bde27a5ac326a94550.mp4' for writing
[hls @ 0xaaab18bd82d0] Opening '/config/cache/transcodes/e9b9435ebf143c3a6bde27a5ac326a94551.mp4' for writing
[hls @ 0xaaab18bd82d0] Opening '/config/cache/transcodes/e9b9435ebf143c3a6bde27a5ac326a94552.mp4' for writing
[hls @ 0xaaab18bd82d0] Opening '/config/cache/transcodes/e9b9435ebf143c3a6bde27a5ac326a94553.mp4' for writing
[hls @ 0xaaab18bd82d0] Opening '/config/cache/transcodes/e9b9435ebf143c3a6bde27a5ac326a94554.mp4' for writing
[hls @ 0xaaab18bd82d0] Opening '/config/cache/transcodes/e9b9435ebf143c3a6bde27a5ac326a94555.mp4' for writing
[hls @ 0xaaab18bd82d0] Opening '/config/cache/transcodes/e9b9435ebf143c3a6bde27a5ac326a94556.mp4' for writing
[hls @ 0xaaab18bd82d0] Opening '/config/cache/transcodes/e9b9435ebf143c3a6bde27a5ac326a94557.mp4' for writing
[hls @ 0xaaab18bd82d0] Opening '/config/cache/transcodes/e9b9435ebf143c3a6bde27a5ac326a94558.mp4' for writing
[hls @ 0xaaab18bd82d0] Opening '/config/cache/transcodes/e9b9435ebf143c3a6bde27a5ac326a94559.mp4' for writing
[hls @ 0xaaab18bd82d0] Opening '/config/cache/transcodes/e9b9435ebf143c3a6bde27a5ac326a94560.mp4' for writing
[hls @ 0xaaab18bd82d0] Opening '/config/cache/transcodes/e9b9435ebf143c3a6bde27a5ac326a94561.mp4' for writing
[hls @ 0xaaab18bd82d0] Opening '/config/cache/transcodes/e9b9435ebf143c3a6bde27a5ac326a94562.mp4' for writing
[hls @ 0xaaab18bd82d0] Opening '/config/cache/transcodes/e9b9435ebf143c3a6bde27a5ac326a94563.mp4' for writing
[hls @ 0xaaab18bd82d0] Opening '/config/cache/transcodes/e9b9435ebf143c3a6bde27a5ac326a94564.mp4' for writing
[hls @ 0xaaab18bd82d0] Opening '/config/cache/transcodes/e9b9435ebf143c3a6bde27a5ac326a94565.mp4' for writing
[hls @ 0xaaab18bd82d0] Opening '/config/cache/transcodes/e9b9435ebf143c3a6bde27a5ac326a94566.mp4' for writing
[hls @ 0xaaab18bd82d0] Opening '/config/cache/transcodes/e9b9435ebf143c3a6bde27a5ac326a94567.mp4' for writing
[hls @ 0xaaab18bd82d0] Opening '/config/cache/transcodes/e9b9435ebf143c3a6bde27a5ac326a94568.mp4' for writing
[hls @ 0xaaab18bd82d0] Opening '/config/cache/transcodes/e9b9435ebf143c3a6bde27a5ac326a94569.mp4' for writing
[hls @ 0xaaab18bd82d0] Opening '/config/cache/transcodes/e9b9435ebf143c3a6bde27a5ac326a94570.mp4' for writing
[hls @ 0xaaab18bd82d0] Opening '/config/cache/transcodes/e9b9435ebf143c3a6bde27a5ac326a94571.mp4' for writing
[hls @ 0xaaab18bd82d0] Opening '/config/cache/transcodes/e9b9435ebf143c3a6bde27a5ac326a94572.mp4' for writing
[hls @ 0xaaab18bd82d0] Opening '/config/cache/transcodes/e9b9435ebf143c3a6bde27a5ac326a94573.mp4' for writing
[hls @ 0xaaab18bd82d0] Opening '/config/cache/transcodes/e9b9435ebf143c3a6bde27a5ac326a94574.mp4' for writing
[hls @ 0xaaab18bd82d0] Opening '/config/cache/transcodes/e9b9435ebf143c3a6bde27a5ac326a94575.mp4' for writing
[hls @ 0xaaab18bd82d0] Opening '/config/cache/transcodes/e9b9435ebf143c3a6bde27a5ac326a94576.mp4' for writing
[hls @ 0xaaab18bd82d0] Opening '/config/cache/transcodes/e9b9435ebf143c3a6bde27a5ac326a94577.mp4' for writing
[hls @ 0xaaab18bd82d0] Opening '/config/cache/transcodes/e9b9435ebf143c3a6bde27a5ac326a94578.mp4' for writing
[hls @ 0xaaab18bd82d0] Opening '/config/cache/transcodes/e9b9435ebf143c3a6bde27a5ac326a94579.mp4' for writing
[hls @ 0xaaab18bd82d0] Opening '/config/cache/transcodes/e9b9435ebf143c3a6bde27a5ac326a94580.mp4' for writing
[hls @ 0xaaab18bd82d0] Opening '/config/cache/transcodes/e9b9435ebf143c3a6bde27a5ac326a94581.mp4' for writing
[hls @ 0xaaab18bd82d0] Opening '/config/cache/transcodes/e9b9435ebf143c3a6bde27a5ac326a94582.mp4' for writing
[hls @ 0xaaab18bd82d0] Opening '/config/cache/transcodes/e9b9435ebf143c3a6bde27a5ac326a94583.mp4' for writing
[hls @ 0xaaab18bd82d0] Opening '/config/cache/transcodes/e9b9435ebf143c3a6bde27a5ac326a94584.mp4' for writing
[hls @ 0xaaab18bd82d0] Opening '/config/cache/transcodes/e9b9435ebf143c3a6bde27a5ac326a94585.mp4' for writing
[hls @ 0xaaab18bd82d0] Opening '/config/cache/transcodes/e9b9435ebf143c3a6bde27a5ac326a94586.mp4' for writing
[hls @ 0xaaab18bd82d0] Opening '/config/cache/transcodes/e9b9435ebf143c3a6bde27a5ac326a94587.mp4' for writing
[hls @ 0xaaab18bd82d0] Opening '/config/cache/transcodes/e9b9435ebf143c3a6bde27a5ac326a94588.mp4' for writing
[hls @ 0xaaab18bd82d0] Opening '/config/cache/transcodes/e9b9435ebf143c3a6bde27a5ac326a94589.mp4' for writing
frame=85181 fps=28351 q=-1.0 size=N/A time=00:50:10.00 bitrate=N/A speed=1e+03x    
[hls @ 0xaaab18bd82d0] Opening '/config/cache/transcodes/e9b9435ebf143c3a6bde27a5ac326a94590.mp4' for writing
[hls @ 0xaaab18bd82d0] Opening '/config/cache/transcodes/e9b9435ebf143c3a6bde27a5ac326a94591.mp4' for writing
[hls @ 0xaaab18bd82d0] Opening '/config/cache/transcodes/e9b9435ebf143c3a6bde27a5ac326a94592.mp4' for writing
[hls @ 0xaaab18bd82d0] Opening '/config/cache/transcodes/e9b9435ebf143c3a6bde27a5ac326a94593.mp4' for writing
[hls @ 0xaaab18bd82d0] Opening '/config/cache/transcodes/e9b9435ebf143c3a6bde27a5ac326a94594.mp4' for writing
[hls @ 0xaaab18bd82d0] Opening '/config/cache/transcodes/e9b9435ebf143c3a6bde27a5ac326a94595.mp4' for writing
[hls @ 0xaaab18bd82d0] Opening '/config/cache/transcodes/e9b9435ebf143c3a6bde27a5ac326a94596.mp4' for writing
[hls @ 0xaaab18bd82d0] Opening '/config/cache/transcodes/e9b9435ebf143c3a6bde27a5ac326a94597.mp4' for writing
[hls @ 0xaaab18bd82d0] Opening '/config/cache/transcodes/e9b9435ebf143c3a6bde27a5ac326a94598.mp4' for writing
[hls @ 0xaaab18bd82d0] Opening '/config/cache/transcodes/e9b9435ebf143c3a6bde27a5ac326a94599.mp4' for writing
[hls @ 0xaaab18bd82d0] Opening '/config/cache/transcodes/e9b9435ebf143c3a6bde27a5ac326a94600.mp4' for writing
[hls @ 0xaaab18bd82d0] Opening '/config/cache/transcodes/e9b9435ebf143c3a6bde27a5ac326a94601.mp4' for writing
[hls @ 0xaaab18bd82d0] Opening '/config/cache/transcodes/e9b9435ebf143c3a6bde27a5ac326a94602.mp4' for writing
[hls @ 0xaaab18bd82d0] Opening '/config/cache/transcodes/e9b9435ebf143c3a6bde27a5ac326a94603.mp4' for writing
[hls @ 0xaaab18bd82d0] Opening '/config/cache/transcodes/e9b9435ebf143c3a6bde27a5ac326a94604.mp4' for writing
[hls @ 0xaaab18bd82d0] Opening '/config/cache/transcodes/e9b9435ebf143c3a6bde27a5ac326a94605.mp4' for writing
[hls @ 0xaaab18bd82d0] Opening '/config/cache/transcodes/e9b9435ebf143c3a6bde27a5ac326a94606.mp4' for writing
[hls @ 0xaaab18bd82d0] Opening '/config/cache/transcodes/e9b9435ebf143c3a6bde27a5ac326a94607.mp4' for writing
[hls @ 0xaaab18bd82d0] Opening '/config/cache/transcodes/e9b9435ebf143c3a6bde27a5ac326a94608.mp4' for writing
[hls @ 0xaaab18bd82d0] Opening '/config/cache/transcodes/e9b9435ebf143c3a6bde27a5ac326a94609.mp4' for writing
[hls @ 0xaaab18bd82d0] Opening '/config/cache/transcodes/e9b9435ebf143c3a6bde27a5ac326a94610.mp4' for writing
[hls @ 0xaaab18bd82d0] Opening '/config/cache/transcodes/e9b9435ebf143c3a6bde27a5ac326a94611.mp4' for writing
[hls @ 0xaaab18bd82d0] Opening '/config/cache/transcodes/e9b9435ebf143c3a6bde27a5ac326a94612.mp4' for writing
[hls @ 0xaaab18bd82d0] Opening '/config/cache/transcodes/e9b9435ebf143c3a6bde27a5ac326a94613.mp4' for writing
[hls @ 0xaaab18bd82d0] Opening '/config/cache/transcodes/e9b9435ebf143c3a6bde27a5ac326a94614.mp4' for writing
[hls @ 0xaaab18bd82d0] Opening '/config/cache/transcodes/e9b9435ebf143c3a6bde27a5ac326a94615.mp4' for writing
[hls @ 0xaaab18bd82d0] Opening '/config/cache/transcodes/e9b9435ebf143c3a6bde27a5ac326a94616.mp4' for writing
[hls @ 0xaaab18bd82d0] Opening '/config/cache/transcodes/e9b9435ebf143c3a6bde27a5ac326a94617.mp4' for writing
[hls @ 0xaaab18bd82d0] Opening '/config/cache/transcodes/e9b9435ebf143c3a6bde27a5ac326a94618.mp4' for writing
[hls @ 0xaaab18bd82d0] Opening '/config/cache/transcodes/e9b9435ebf143c3a6bde27a5ac326a94619.mp4' for writing
[hls @ 0xaaab18bd82d0] Opening '/config/cache/transcodes/e9b9435ebf143c3a6bde27a5ac326a94620.mp4' for writing
[hls @ 0xaaab18bd82d0] Opening '/config/cache/transcodes/e9b9435ebf143c3a6bde27a5ac326a94621.mp4' for writing
[hls @ 0xaaab18bd82d0] Opening '/config/cache/transcodes/e9b9435ebf143c3a6bde27a5ac326a94622.mp4' for writing
[hls @ 0xaaab18bd82d0] Opening '/config/cache/transcodes/e9b9435ebf143c3a6bde27a5ac326a94623.mp4' for writing
[hls @ 0xaaab18bd82d0] Opening '/config/cache/transcodes/e9b9435ebf143c3a6bde27a5ac326a94624.mp4' for writing
[hls @ 0xaaab18bd82d0] Opening '/config/cache/transcodes/e9b9435ebf143c3a6bde27a5ac326a94625.mp4' for writing
[hls @ 0xaaab18bd82d0] Opening '/config/cache/transcodes/e9b9435ebf143c3a6bde27a5ac326a94626.mp4' for writing
[hls @ 0xaaab18bd82d0] Opening '/config/cache/transcodes/e9b9435ebf143c3a6bde27a5ac326a94627.mp4' for writing
[hls @ 0xaaab18bd82d0] Opening '/config/cache/transcodes/e9b9435ebf143c3a6bde27a5ac326a94628.mp4' for writing
[hls @ 0xaaab18bd82d0] Opening '/config/cache/transcodes/e9b9435ebf143c3a6bde27a5ac326a94629.mp4' for writing
[hls @ 0xaaab18bd82d0] Opening '/config/cache/transcodes/e9b9435ebf143c3a6bde27a5ac326a94630.mp4' for writing
[hls @ 0xaaab18bd82d0] Opening '/config/cache/transcodes/e9b9435ebf143c3a6bde27a5ac326a94631.mp4' for writing
[hls @ 0xaaab18bd82d0] Opening '/config/cache/transcodes/e9b9435ebf143c3a6bde27a5ac326a94632.mp4' for writing
[hls @ 0xaaab18bd82d0] Opening '/config/cache/transcodes/e9b9435ebf143c3a6bde27a5ac326a94633.mp4' for writing
[hls @ 0xaaab18bd82d0] Opening '/config/cache/transcodes/e9b9435ebf143c3a6bde27a5ac326a94634.mp4' for writing
[hls @ 0xaaab18bd82d0] Opening '/config/cache/transcodes/e9b9435ebf143c3a6bde27a5ac326a94635.mp4' for writing
[hls @ 0xaaab18bd82d0] Opening '/config/cache/transcodes/e9b9435ebf143c3a6bde27a5ac326a94636.mp4' for writing
[hls @ 0xaaab18bd82d0] Opening '/config/cache/transcodes/e9b9435ebf143c3a6bde27a5ac326a94637.mp4' for writing
[hls @ 0xaaab18bd82d0] Opening '/config/cache/transcodes/e9b9435ebf143c3a6bde27a5ac326a94638.mp4' for writing
[hls @ 0xaaab18bd82d0] Opening '/config/cache/transcodes/e9b9435ebf143c3a6bde27a5ac326a94639.mp4' for writing
[hls @ 0xaaab18bd82d0] Opening '/config/cache/transcodes/e9b9435ebf143c3a6bde27a5ac326a94640.mp4' for writing
[hls @ 0xaaab18bd82d0] Opening '/config/cache/transcodes/e9b9435ebf143c3a6bde27a5ac326a94641.mp4' for writing
[hls @ 0xaaab18bd82d0] Opening '/config/cache/transcodes/e9b9435ebf143c3a6bde27a5ac326a94642.mp4' for writing
[hls @ 0xaaab18bd82d0] Opening '/config/cache/transcodes/e9b9435ebf143c3a6bde27a5ac326a94643.mp4' for writing
[hls @ 0xaaab18bd82d0] Opening '/config/cache/transcodes/e9b9435ebf143c3a6bde27a5ac326a94644.mp4' for writing
[hls @ 0xaaab18bd82d0] Opening '/config/cache/transcodes/e9b9435ebf143c3a6bde27a5ac326a94645.mp4' for writing
[hls @ 0xaaab18bd82d0] Opening '/config/cache/transcodes/e9b9435ebf143c3a6bde27a5ac326a94646.mp4' for writing
[hls @ 0xaaab18bd82d0] Opening '/config/cache/transcodes/e9b9435ebf143c3a6bde27a5ac326a94647.mp4' for writing
[hls @ 0xaaab18bd82d0] Opening '/config/cache/transcodes/e9b9435ebf143c3a6bde27a5ac326a94648.mp4' for writing
[hls @ 0xaaab18bd82d0] Opening '/config/cache/transcodes/e9b9435ebf143c3a6bde27a5ac326a94649.mp4' for writing
[hls @ 0xaaab18bd82d0] Opening '/config/cache/transcodes/e9b9435ebf143c3a6bde27a5ac326a94650.mp4' for writing
[hls @ 0xaaab18bd82d0] Opening '/config/cache/transcodes/e9b9435ebf143c3a6bde27a5ac326a94651.mp4' for writing
[hls @ 0xaaab18bd82d0] Opening '/config/cache/transcodes/e9b9435ebf143c3a6bde27a5ac326a94652.mp4' for writing
[hls @ 0xaaab18bd82d0] Opening '/config/cache/transcodes/e9b9435ebf143c3a6bde27a5ac326a94653.mp4' for writing
[hls @ 0xaaab18bd82d0] Opening '/config/cache/transcodes/e9b9435ebf143c3a6bde27a5ac326a94654.mp4' for writing
[hls @ 0xaaab18bd82d0] Opening '/config/cache/transcodes/e9b9435ebf143c3a6bde27a5ac326a94655.mp4' for writing
[hls @ 0xaaab18bd82d0] Opening '/config/cache/transcodes/e9b9435ebf143c3a6bde27a5ac326a94656.mp4' for writing
[hls @ 0xaaab18bd82d0] Opening '/config/cache/transcodes/e9b9435ebf143c3a6bde27a5ac326a94657.mp4' for writing
[hls @ 0xaaab18bd82d0] Opening '/config/cache/transcodes/e9b9435ebf143c3a6bde27a5ac326a94658.mp4' for writing
[hls @ 0xaaab18bd82d0] Opening '/config/cache/transcodes/e9b9435ebf143c3a6bde27a5ac326a94659.mp4' for writing
[hls @ 0xaaab18bd82d0] Opening '/config/cache/transcodes/e9b9435ebf143c3a6bde27a5ac326a94660.mp4' for writing
[hls @ 0xaaab18bd82d0] Opening '/config/cache/transcodes/e9b9435ebf143c3a6bde27a5ac326a94661.mp4' for writing
[hls @ 0xaaab18bd82d0] Opening '/config/cache/transcodes/e9b9435ebf143c3a6bde27a5ac326a94662.mp4' for writing
[hls @ 0xaaab18bd82d0] Opening '/config/cache/transcodes/e9b9435ebf143c3a6bde27a5ac326a94663.mp4' for writing
[hls @ 0xaaab18bd82d0] Opening '/config/cache/transcodes/e9b9435ebf143c3a6bde27a5ac326a94664.mp4' for writing
[hls @ 0xaaab18bd82d0] Opening '/config/cache/transcodes/e9b9435ebf143c3a6bde27a5ac326a94665.mp4' for writing
[hls @ 0xaaab18bd82d0] Opening '/config/cache/transcodes/e9b9435ebf143c3a6bde27a5ac326a94666.mp4' for writing
[hls @ 0xaaab18bd82d0] Opening '/config/cache/transcodes/e9b9435ebf143c3a6bde27a5ac326a94667.mp4' for writing
[hls @ 0xaaab18bd82d0] Opening '/config/cache/transcodes/e9b9435ebf143c3a6bde27a5ac326a94668.mp4' for writing
[hls @ 0xaaab18bd82d0] Opening '/config/cache/transcodes/e9b9435ebf143c3a6bde27a5ac326a94669.mp4' for writing
[hls @ 0xaaab18bd82d0] Opening '/config/cache/transcodes/e9b9435ebf143c3a6bde27a5ac326a94670.mp4' for writing
[hls @ 0xaaab18bd82d0] Opening '/config/cache/transcodes/e9b9435ebf143c3a6bde27a5ac326a94671.mp4' for writing
[hls @ 0xaaab18bd82d0] Opening '/config/cache/transcodes/e9b9435ebf143c3a6bde27a5ac326a94672.mp4' for writing
[hls @ 0xaaab18bd82d0] Opening '/config/cache/transcodes/e9b9435ebf143c3a6bde27a5ac326a94673.mp4' for writing
[hls @ 0xaaab18bd82d0] Opening '/config/cache/transcodes/e9b9435ebf143c3a6bde27a5ac326a94674.mp4' for writing
[hls @ 0xaaab18bd82d0] Opening '/config/cache/transcodes/e9b9435ebf143c3a6bde27a5ac326a94675.mp4' for writing
[hls @ 0xaaab18bd82d0] Opening '/config/cache/transcodes/e9b9435ebf143c3a6bde27a5ac326a94676.mp4' for writing
[hls @ 0xaaab18bd82d0] Opening '/config/cache/transcodes/e9b9435ebf143c3a6bde27a5ac326a94677.mp4' for writing
[hls @ 0xaaab18bd82d0] Opening '/config/cache/transcodes/e9b9435ebf143c3a6bde27a5ac326a94678.mp4' for writing
[hls @ 0xaaab18bd82d0] Opening '/config/cache/transcodes/e9b9435ebf143c3a6bde27a5ac326a94679.mp4' for writing
[hls @ 0xaaab18bd82d0] Opening '/config/cache/transcodes/e9b9435ebf143c3a6bde27a5ac326a94680.mp4' for writing
[hls @ 0xaaab18bd82d0] Opening '/config/cache/transcodes/e9b9435ebf143c3a6bde27a5ac326a94681.mp4' for writing
[hls @ 0xaaab18bd82d0] Opening '/config/cache/transcodes/e9b9435ebf143c3a6bde27a5ac326a94682.mp4' for writing
[hls @ 0xaaab18bd82d0] Opening '/config/cache/transcodes/e9b9435ebf143c3a6bde27a5ac326a94683.mp4' for writing
[hls @ 0xaaab18bd82d0] Opening '/config/cache/transcodes/e9b9435ebf143c3a6bde27a5ac326a94684.mp4' for writing
[hls @ 0xaaab18bd82d0] Opening '/config/cache/transcodes/e9b9435ebf143c3a6bde27a5ac326a94685.mp4' for writing
[hls @ 0xaaab18bd82d0] Opening '/config/cache/transcodes/e9b9435ebf143c3a6bde27a5ac326a94686.mp4' for writing
[hls @ 0xaaab18bd82d0] Opening '/config/cache/transcodes/e9b9435ebf143c3a6bde27a5ac326a94687.mp4' for writing
[hls @ 0xaaab18bd82d0] Opening '/config/cache/transcodes/e9b9435ebf143c3a6bde27a5ac326a94688.mp4' for writing
[hls @ 0xaaab18bd82d0] Opening '/config/cache/transcodes/e9b9435ebf143c3a6bde27a5ac326a94689.mp4' for writing
[hls @ 0xaaab18bd82d0] Opening '/config/cache/transcodes/e9b9435ebf143c3a6bde27a5ac326a94690.mp4' for writing
[hls @ 0xaaab18bd82d0] Opening '/config/cache/transcodes/e9b9435ebf143c3a6bde27a5ac326a94691.mp4' for writing
[hls @ 0xaaab18bd82d0] Opening '/config/cache/transcodes/e9b9435ebf143c3a6bde27a5ac326a94692.mp4' for writing
[hls @ 0xaaab18bd82d0] Opening '/config/cache/transcodes/e9b9435ebf143c3a6bde27a5ac326a94693.mp4' for writing
[hls @ 0xaaab18bd82d0] Opening '/config/cache/transcodes/e9b9435ebf143c3a6bde27a5ac326a94694.mp4' for writing
[hls @ 0xaaab18bd82d0] Opening '/config/cache/transcodes/e9b9435ebf143c3a6bde27a5ac326a94695.mp4' for writing
[hls @ 0xaaab18bd82d0] Opening '/config/cache/transcodes/e9b9435ebf143c3a6bde27a5ac326a94696.mp4' for writing
[hls @ 0xaaab18bd82d0] Opening '/config/cache/transcodes/e9b9435ebf143c3a6bde27a5ac326a94697.mp4' for writing
[hls @ 0xaaab18bd82d0] Opening '/config/cache/transcodes/e9b9435ebf143c3a6bde27a5ac326a94698.mp4' for writing
[hls @ 0xaaab18bd82d0] Opening '/config/cache/transcodes/e9b9435ebf143c3a6bde27a5ac326a94699.mp4' for writing
[hls @ 0xaaab18bd82d0] Opening '/config/cache/transcodes/e9b9435ebf143c3a6bde27a5ac326a94700.mp4' for writing
[hls @ 0xaaab18bd82d0] Opening '/config/cache/transcodes/e9b9435ebf143c3a6bde27a5ac326a94701.mp4' for writing
[hls @ 0xaaab18bd82d0] Opening '/config/cache/transcodes/e9b9435ebf143c3a6bde27a5ac326a94702.mp4' for writing
[hls @ 0xaaab18bd82d0] Opening '/config/cache/transcodes/e9b9435ebf143c3a6bde27a5ac326a94703.mp4' for writing
[hls @ 0xaaab18bd82d0] Opening '/config/cache/transcodes/e9b9435ebf143c3a6bde27a5ac326a94704.mp4' for writing
[hls @ 0xaaab18bd82d0] Opening '/config/cache/transcodes/e9b9435ebf143c3a6bde27a5ac326a94705.mp4' for writing
[hls @ 0xaaab18bd82d0] Opening '/config/cache/transcodes/e9b9435ebf143c3a6bde27a5ac326a94706.mp4' for writing
[hls @ 0xaaab18bd82d0] Opening '/config/cache/transcodes/e9b9435ebf143c3a6bde27a5ac326a94707.mp4' for writing
[hls @ 0xaaab18bd82d0] Opening '/config/cache/transcodes/e9b9435ebf143c3a6bde27a5ac326a94708.mp4' for writing
[hls @ 0xaaab18bd82d0] Opening '/config/cache/transcodes/e9b9435ebf143c3a6bde27a5ac326a94709.mp4' for writing
[hls @ 0xaaab18bd82d0] Opening '/config/cache/transcodes/e9b9435ebf143c3a6bde27a5ac326a94710.mp4' for writing
[hls @ 0xaaab18bd82d0] Opening '/config/cache/transcodes/e9b9435ebf143c3a6bde27a5ac326a94711.mp4' for writing
frame=102529 fps=29249 q=-1.0 size=N/A time=01:02:12.84 bitrate=N/A speed=1.06e+03x    
[hls @ 0xaaab18bd82d0] Opening '/config/cache/transcodes/e9b9435ebf143c3a6bde27a5ac326a94712.mp4' for writing
[hls @ 0xaaab18bd82d0] Opening '/config/cache/transcodes/e9b9435ebf143c3a6bde27a5ac326a94713.mp4' for writing
[hls @ 0xaaab18bd82d0] Opening '/config/cache/transcodes/e9b9435ebf143c3a6bde27a5ac326a94714.mp4' for writing
[hls @ 0xaaab18bd82d0] Opening '/config/cache/transcodes/e9b9435ebf143c3a6bde27a5ac326a94715.mp4' for writing
[hls @ 0xaaab18bd82d0] Opening '/config/cache/transcodes/e9b9435ebf143c3a6bde27a5ac326a94716.mp4' for writing
[hls @ 0xaaab18bd82d0] Opening '/config/cache/transcodes/e9b9435ebf143c3a6bde27a5ac326a94717.mp4' for writing
[hls @ 0xaaab18bd82d0] Opening '/config/cache/transcodes/e9b9435ebf143c3a6bde27a5ac326a94718.mp4' for writing
[hls @ 0xaaab18bd82d0] Opening '/config/cache/transcodes/e9b9435ebf143c3a6bde27a5ac326a94719.mp4' for writing
[hls @ 0xaaab18bd82d0] Opening '/config/cache/transcodes/e9b9435ebf143c3a6bde27a5ac326a94720.mp4' for writing
[hls @ 0xaaab18bd82d0] Opening '/config/cache/transcodes/e9b9435ebf143c3a6bde27a5ac326a94721.mp4' for writing
[hls @ 0xaaab18bd82d0] Opening '/config/cache/transcodes/e9b9435ebf143c3a6bde27a5ac326a94722.mp4' for writing
[hls @ 0xaaab18bd82d0] Opening '/config/cache/transcodes/e9b9435ebf143c3a6bde27a5ac326a94723.mp4' for writing
[hls @ 0xaaab18bd82d0] Opening '/config/cache/transcodes/e9b9435ebf143c3a6bde27a5ac326a94724.mp4' for writing
[hls @ 0xaaab18bd82d0] Opening '/config/cache/transcodes/e9b9435ebf143c3a6bde27a5ac326a94725.mp4' for writing
[hls @ 0xaaab18bd82d0] Opening '/config/cache/transcodes/e9b9435ebf143c3a6bde27a5ac326a94726.mp4' for writing
[hls @ 0xaaab18bd82d0] Opening '/config/cache/transcodes/e9b9435ebf143c3a6bde27a5ac326a94727.mp4' for writing
[hls @ 0xaaab18bd82d0] Opening '/config/cache/transcodes/e9b9435ebf143c3a6bde27a5ac326a94728.mp4' for writing
[hls @ 0xaaab18bd82d0] Opening '/config/cache/transcodes/e9b9435ebf143c3a6bde27a5ac326a94729.mp4' for writing
[hls @ 0xaaab18bd82d0] Opening '/config/cache/transcodes/e9b9435ebf143c3a6bde27a5ac326a94730.mp4' for writing
[hls @ 0xaaab18bd82d0] Opening '/config/cache/transcodes/e9b9435ebf143c3a6bde27a5ac326a94731.mp4' for writing
[hls @ 0xaaab18bd82d0] Opening '/config/cache/transcodes/e9b9435ebf143c3a6bde27a5ac326a94732.mp4' for writing
[hls @ 0xaaab18bd82d0] Opening '/config/cache/transcodes/e9b9435ebf143c3a6bde27a5ac326a94733.mp4' for writing
[hls @ 0xaaab18bd82d0] Opening '/config/cache/transcodes/e9b9435ebf143c3a6bde27a5ac326a94734.mp4' for writing
[hls @ 0xaaab18bd82d0] Opening '/config/cache/transcodes/e9b9435ebf143c3a6bde27a5ac326a94735.mp4' for writing
[hls @ 0xaaab18bd82d0] Opening '/config/cache/transcodes/e9b9435ebf143c3a6bde27a5ac326a94736.mp4' for writing
[hls @ 0xaaab18bd82d0] Opening '/config/cache/transcodes/e9b9435ebf143c3a6bde27a5ac326a94737.mp4' for writing
[hls @ 0xaaab18bd82d0] Opening '/config/cache/transcodes/e9b9435ebf143c3a6bde27a5ac326a94738.mp4' for writing
[hls @ 0xaaab18bd82d0] Opening '/config/cache/transcodes/e9b9435ebf143c3a6bde27a5ac326a94739.mp4' for writing
[hls @ 0xaaab18bd82d0] Opening '/config/cache/transcodes/e9b9435ebf143c3a6bde27a5ac326a94740.mp4' for writing
[hls @ 0xaaab18bd82d0] Opening '/config/cache/transcodes/e9b9435ebf143c3a6bde27a5ac326a94741.mp4' for writing
[hls @ 0xaaab18bd82d0] Opening '/config/cache/transcodes/e9b9435ebf143c3a6bde27a5ac326a94742.mp4' for writing
[hls @ 0xaaab18bd82d0] Opening '/config/cache/transcodes/e9b9435ebf143c3a6bde27a5ac326a94743.mp4' for writing
[hls @ 0xaaab18bd82d0] Opening '/config/cache/transcodes/e9b9435ebf143c3a6bde27a5ac326a94744.mp4' for writing
[hls @ 0xaaab18bd82d0] Opening '/config/cache/transcodes/e9b9435ebf143c3a6bde27a5ac326a94745.mp4' for writing
[hls @ 0xaaab18bd82d0] Opening '/config/cache/transcodes/e9b9435ebf143c3a6bde27a5ac326a94746.mp4' for writing
[hls @ 0xaaab18bd82d0] Opening '/config/cache/transcodes/e9b9435ebf143c3a6bde27a5ac326a94747.mp4' for writing
[hls @ 0xaaab18bd82d0] Opening '/config/cache/transcodes/e9b9435ebf143c3a6bde27a5ac326a94748.mp4' for writing
[hls @ 0xaaab18bd82d0] Opening '/config/cache/transcodes/e9b9435ebf143c3a6bde27a5ac326a94749.mp4' for writing
[hls @ 0xaaab18bd82d0] Opening '/config/cache/transcodes/e9b9435ebf143c3a6bde27a5ac326a94750.mp4' for writing
[hls @ 0xaaab18bd82d0] Opening '/config/cache/transcodes/e9b9435ebf143c3a6bde27a5ac326a94751.mp4' for writing
[hls @ 0xaaab18bd82d0] Opening '/config/cache/transcodes/e9b9435ebf143c3a6bde27a5ac326a94752.mp4' for writing
[hls @ 0xaaab18bd82d0] Opening '/config/cache/transcodes/e9b9435ebf143c3a6bde27a5ac326a94753.mp4' for writing
[hls @ 0xaaab18bd82d0] Opening '/config/cache/transcodes/e9b9435ebf143c3a6bde27a5ac326a94754.mp4' for writing
[hls @ 0xaaab18bd82d0] Opening '/config/cache/transcodes/e9b9435ebf143c3a6bde27a5ac326a94755.mp4' for writing
[hls @ 0xaaab18bd82d0] Opening '/config/cache/transcodes/e9b9435ebf143c3a6bde27a5ac326a94756.mp4' for writing
[hls @ 0xaaab18bd82d0] Opening '/config/cache/transcodes/e9b9435ebf143c3a6bde27a5ac326a94757.mp4' for writing
[hls @ 0xaaab18bd82d0] Opening '/config/cache/transcodes/e9b9435ebf143c3a6bde27a5ac326a94758.mp4' for writing
[hls @ 0xaaab18bd82d0] Opening '/config/cache/transcodes/e9b9435ebf143c3a6bde27a5ac326a94759.mp4' for writing
[hls @ 0xaaab18bd82d0] Opening '/config/cache/transcodes/e9b9435ebf143c3a6bde27a5ac326a94760.mp4' for writing
[hls @ 0xaaab18bd82d0] Opening '/config/cache/transcodes/e9b9435ebf143c3a6bde27a5ac326a94761.mp4' for writing
[hls @ 0xaaab18bd82d0] Opening '/config/cache/transcodes/e9b9435ebf143c3a6bde27a5ac326a94762.mp4' for writing
[hls @ 0xaaab18bd82d0] Opening '/config/cache/transcodes/e9b9435ebf143c3a6bde27a5ac326a94763.mp4' for writing
[hls @ 0xaaab18bd82d0] Opening '/config/cache/transcodes/e9b9435ebf143c3a6bde27a5ac326a94764.mp4' for writing
[hls @ 0xaaab18bd82d0] Opening '/config/cache/transcodes/e9b9435ebf143c3a6bde27a5ac326a94765.mp4' for writing
[hls @ 0xaaab18bd82d0] Opening '/config/cache/transcodes/e9b9435ebf143c3a6bde27a5ac326a94766.mp4' for writing
[hls @ 0xaaab18bd82d0] Opening '/config/cache/transcodes/e9b9435ebf143c3a6bde27a5ac326a94767.mp4' for writing
[hls @ 0xaaab18bd82d0] Opening '/config/cache/transcodes/e9b9435ebf143c3a6bde27a5ac326a94768.mp4' for writing
[hls @ 0xaaab18bd82d0] Opening '/config/cache/transcodes/e9b9435ebf143c3a6bde27a5ac326a94769.mp4' for writing
[hls @ 0xaaab18bd82d0] Opening '/config/cache/transcodes/e9b9435ebf143c3a6bde27a5ac326a94770.mp4' for writing
[hls @ 0xaaab18bd82d0] Opening '/config/cache/transcodes/e9b9435ebf143c3a6bde27a5ac326a94771.mp4' for writing
[hls @ 0xaaab18bd82d0] Opening '/config/cache/transcodes/e9b9435ebf143c3a6bde27a5ac326a94772.mp4' for writing
[hls @ 0xaaab18bd82d0] Opening '/config/cache/transcodes/e9b9435ebf143c3a6bde27a5ac326a94773.mp4' for writing
[hls @ 0xaaab18bd82d0] Opening '/config/cache/transcodes/e9b9435ebf143c3a6bde27a5ac326a94774.mp4' for writing
[hls @ 0xaaab18bd82d0] Opening '/config/cache/transcodes/e9b9435ebf143c3a6bde27a5ac326a94775.mp4' for writing
[hls @ 0xaaab18bd82d0] Opening '/config/cache/transcodes/e9b9435ebf143c3a6bde27a5ac326a94776.mp4' for writing
[hls @ 0xaaab18bd82d0] Opening '/config/cache/transcodes/e9b9435ebf143c3a6bde27a5ac326a94777.mp4' for writing
[hls @ 0xaaab18bd82d0] Opening '/config/cache/transcodes/e9b9435ebf143c3a6bde27a5ac326a94778.mp4' for writing
[hls @ 0xaaab18bd82d0] Opening '/config/cache/transcodes/e9b9435ebf143c3a6bde27a5ac326a94779.mp4' for writing
[hls @ 0xaaab18bd82d0] Opening '/config/cache/transcodes/e9b9435ebf143c3a6bde27a5ac326a94780.mp4' for writing
[hls @ 0xaaab18bd82d0] Opening '/config/cache/transcodes/e9b9435ebf143c3a6bde27a5ac326a94781.mp4' for writing
[hls @ 0xaaab18bd82d0] Opening '/config/cache/transcodes/e9b9435ebf143c3a6bde27a5ac326a94782.mp4' for writing
[hls @ 0xaaab18bd82d0] Opening '/config/cache/transcodes/e9b9435ebf143c3a6bde27a5ac326a94783.mp4' for writing
[hls @ 0xaaab18bd82d0] Opening '/config/cache/transcodes/e9b9435ebf143c3a6bde27a5ac326a94784.mp4' for writing
[hls @ 0xaaab18bd82d0] Opening '/config/cache/transcodes/e9b9435ebf143c3a6bde27a5ac326a94785.mp4' for writing
[hls @ 0xaaab18bd82d0] Opening '/config/cache/transcodes/e9b9435ebf143c3a6bde27a5ac326a94786.mp4' for writing
[hls @ 0xaaab18bd82d0] Opening '/config/cache/transcodes/e9b9435ebf143c3a6bde27a5ac326a94787.mp4' for writing
[hls @ 0xaaab18bd82d0] Opening '/config/cache/transcodes/e9b9435ebf143c3a6bde27a5ac326a94788.mp4' for writing
[hls @ 0xaaab18bd82d0] Opening '/config/cache/transcodes/e9b9435ebf143c3a6bde27a5ac326a94789.mp4' for writing
[hls @ 0xaaab18bd82d0] Opening '/config/cache/transcodes/e9b9435ebf143c3a6bde27a5ac326a94790.mp4' for writing
[hls @ 0xaaab18bd82d0] Opening '/config/cache/transcodes/e9b9435ebf143c3a6bde27a5ac326a94791.mp4' for writing
[hls @ 0xaaab18bd82d0] Opening '/config/cache/transcodes/e9b9435ebf143c3a6bde27a5ac326a94792.mp4' for writing
[hls @ 0xaaab18bd82d0] Opening '/config/cache/transcodes/e9b9435ebf143c3a6bde27a5ac326a94793.mp4' for writing
[hls @ 0xaaab18bd82d0] Opening '/config/cache/transcodes/e9b9435ebf143c3a6bde27a5ac326a94794.mp4' for writing
[hls @ 0xaaab18bd82d0] Opening '/config/cache/transcodes/e9b9435ebf143c3a6bde27a5ac326a94795.mp4' for writing
[hls @ 0xaaab18bd82d0] Opening '/config/cache/transcodes/e9b9435ebf143c3a6bde27a5ac326a94796.mp4' for writing
[hls @ 0xaaab18bd82d0] Opening '/config/cache/transcodes/e9b9435ebf143c3a6bde27a5ac326a94797.mp4' for writing
[hls @ 0xaaab18bd82d0] Opening '/config/cache/transcodes/e9b9435ebf143c3a6bde27a5ac326a94798.mp4' for writing
[hls @ 0xaaab18bd82d0] Opening '/config/cache/transcodes/e9b9435ebf143c3a6bde27a5ac326a94799.mp4' for writing
[hls @ 0xaaab18bd82d0] Opening '/config/cache/transcodes/e9b9435ebf143c3a6bde27a5ac326a94800.mp4' for writing
[hls @ 0xaaab18bd82d0] Opening '/config/cache/transcodes/e9b9435ebf143c3a6bde27a5ac326a94801.mp4' for writing
[hls @ 0xaaab18bd82d0] Opening '/config/cache/transcodes/e9b9435ebf143c3a6bde27a5ac326a94802.mp4' for writing
[hls @ 0xaaab18bd82d0] Opening '/config/cache/transcodes/e9b9435ebf143c3a6bde27a5ac326a94803.mp4' for writing
[hls @ 0xaaab18bd82d0] Opening '/config/cache/transcodes/e9b9435ebf143c3a6bde27a5ac326a94804.mp4' for writing
[hls @ 0xaaab18bd82d0] Opening '/config/cache/transcodes/e9b9435ebf143c3a6bde27a5ac326a94805.mp4' for writing
[hls @ 0xaaab18bd82d0] Opening '/config/cache/transcodes/e9b9435ebf143c3a6bde27a5ac326a94806.mp4' for writing
[hls @ 0xaaab18bd82d0] Opening '/config/cache/transcodes/e9b9435ebf143c3a6bde27a5ac326a94807.mp4' for writing
[hls @ 0xaaab18bd82d0] Opening '/config/cache/transcodes/e9b9435ebf143c3a6bde27a5ac326a94808.mp4' for writing
[hls @ 0xaaab18bd82d0] Opening '/config/cache/transcodes/e9b9435ebf143c3a6bde27a5ac326a94809.mp4' for writing
[hls @ 0xaaab18bd82d0] Opening '/config/cache/transcodes/e9b9435ebf143c3a6bde27a5ac326a94810.mp4' for writing
[hls @ 0xaaab18bd82d0] Opening '/config/cache/transcodes/e9b9435ebf143c3a6bde27a5ac326a94811.mp4' for writing
[hls @ 0xaaab18bd82d0] Opening '/config/cache/transcodes/e9b9435ebf143c3a6bde27a5ac326a94812.mp4' for writing
[hls @ 0xaaab18bd82d0] Opening '/config/cache/transcodes/e9b9435ebf143c3a6bde27a5ac326a94813.mp4' for writing
[hls @ 0xaaab18bd82d0] Opening '/config/cache/transcodes/e9b9435ebf143c3a6bde27a5ac326a94814.mp4' for writing
[hls @ 0xaaab18bd82d0] Opening '/config/cache/transcodes/e9b9435ebf143c3a6bde27a5ac326a94815.mp4' for writing
[hls @ 0xaaab18bd82d0] Opening '/config/cache/transcodes/e9b9435ebf143c3a6bde27a5ac326a94816.mp4' for writing
[hls @ 0xaaab18bd82d0] Opening '/config/cache/transcodes/e9b9435ebf143c3a6bde27a5ac326a94817.mp4' for writing
[hls @ 0xaaab18bd82d0] Opening '/config/cache/transcodes/e9b9435ebf143c3a6bde27a5ac326a94818.mp4' for writing
[hls @ 0xaaab18bd82d0] Opening '/config/cache/transcodes/e9b9435ebf143c3a6bde27a5ac326a94819.mp4' for writing
[hls @ 0xaaab18bd82d0] Opening '/config/cache/transcodes/e9b9435ebf143c3a6bde27a5ac326a94820.mp4' for writing
[hls @ 0xaaab18bd82d0] Opening '/config/cache/transcodes/e9b9435ebf143c3a6bde27a5ac326a94821.mp4' for writing
[hls @ 0xaaab18bd82d0] Opening '/config/cache/transcodes/e9b9435ebf143c3a6bde27a5ac326a94822.mp4' for writing
[hls @ 0xaaab18bd82d0] Opening '/config/cache/transcodes/e9b9435ebf143c3a6bde27a5ac326a94823.mp4' for writing
[hls @ 0xaaab18bd82d0] Opening '/config/cache/transcodes/e9b9435ebf143c3a6bde27a5ac326a94824.mp4' for writing
[hls @ 0xaaab18bd82d0] Opening '/config/cache/transcodes/e9b9435ebf143c3a6bde27a5ac326a94825.mp4' for writing
[hls @ 0xaaab18bd82d0] Opening '/config/cache/transcodes/e9b9435ebf143c3a6bde27a5ac326a94826.mp4' for writing
frame=119225 fps=29759 q=-1.0 size=N/A time=01:13:48.52 bitrate=N/A speed=1.11e+03x    
[hls @ 0xaaab18bd82d0] Opening '/config/cache/transcodes/e9b9435ebf143c3a6bde27a5ac326a94827.mp4' for writing
[hls @ 0xaaab18bd82d0] Opening '/config/cache/transcodes/e9b9435ebf143c3a6bde27a5ac326a94828.mp4' for writing
[hls @ 0xaaab18bd82d0] Opening '/config/cache/transcodes/e9b9435ebf143c3a6bde27a5ac326a94829.mp4' for writing
[hls @ 0xaaab18bd82d0] Opening '/config/cache/transcodes/e9b9435ebf143c3a6bde27a5ac326a94830.mp4' for writing
[hls @ 0xaaab18bd82d0] Opening '/config/cache/transcodes/e9b9435ebf143c3a6bde27a5ac326a94831.mp4' for writing
[hls @ 0xaaab18bd82d0] Opening '/config/cache/transcodes/e9b9435ebf143c3a6bde27a5ac326a94832.mp4' for writing
[hls @ 0xaaab18bd82d0] Opening '/config/cache/transcodes/e9b9435ebf143c3a6bde27a5ac326a94833.mp4' for writing
[hls @ 0xaaab18bd82d0] Opening '/config/cache/transcodes/e9b9435ebf143c3a6bde27a5ac326a94834.mp4' for writing
[hls @ 0xaaab18bd82d0] Opening '/config/cache/transcodes/e9b9435ebf143c3a6bde27a5ac326a94835.mp4' for writing
[hls @ 0xaaab18bd82d0] Opening '/config/cache/transcodes/e9b9435ebf143c3a6bde27a5ac326a94836.mp4' for writing
[hls @ 0xaaab18bd82d0] Opening '/config/cache/transcodes/e9b9435ebf143c3a6bde27a5ac326a94837.mp4' for writing
[hls @ 0xaaab18bd82d0] Opening '/config/cache/transcodes/e9b9435ebf143c3a6bde27a5ac326a94838.mp4' for writing
[hls @ 0xaaab18bd82d0] Opening '/config/cache/transcodes/e9b9435ebf143c3a6bde27a5ac326a94839.mp4' for writing
[hls @ 0xaaab18bd82d0] Opening '/config/cache/transcodes/e9b9435ebf143c3a6bde27a5ac326a94840.mp4' for writing
[hls @ 0xaaab18bd82d0] Opening '/config/cache/transcodes/e9b9435ebf143c3a6bde27a5ac326a94841.mp4' for writing
[hls @ 0xaaab18bd82d0] Opening '/config/cache/transcodes/e9b9435ebf143c3a6bde27a5ac326a94842.mp4' for writing
[hls @ 0xaaab18bd82d0] Opening '/config/cache/transcodes/e9b9435ebf143c3a6bde27a5ac326a94843.mp4' for writing
[hls @ 0xaaab18bd82d0] Opening '/config/cache/transcodes/e9b9435ebf143c3a6bde27a5ac326a94844.mp4' for writing
[hls @ 0xaaab18bd82d0] Opening '/config/cache/transcodes/e9b9435ebf143c3a6bde27a5ac326a94845.mp4' for writing
[hls @ 0xaaab18bd82d0] Opening '/config/cache/transcodes/e9b9435ebf143c3a6bde27a5ac326a94846.mp4' for writing
[hls @ 0xaaab18bd82d0] Opening '/config/cache/transcodes/e9b9435ebf143c3a6bde27a5ac326a94847.mp4' for writing
[hls @ 0xaaab18bd82d0] Opening '/config/cache/transcodes/e9b9435ebf143c3a6bde27a5ac326a94848.mp4' for writing
[hls @ 0xaaab18bd82d0] Opening '/config/cache/transcodes/e9b9435ebf143c3a6bde27a5ac326a94849.mp4' for writing
[hls @ 0xaaab18bd82d0] Opening '/config/cache/transcodes/e9b9435ebf143c3a6bde27a5ac326a94850.mp4' for writing
[hls @ 0xaaab18bd82d0] Opening '/config/cache/transcodes/e9b9435ebf143c3a6bde27a5ac326a94851.mp4' for writing
[hls @ 0xaaab18bd82d0] Opening '/config/cache/transcodes/e9b9435ebf143c3a6bde27a5ac326a94852.mp4' for writing
[hls @ 0xaaab18bd82d0] Opening '/config/cache/transcodes/e9b9435ebf143c3a6bde27a5ac326a94853.mp4' for writing
[hls @ 0xaaab18bd82d0] Opening '/config/cache/transcodes/e9b9435ebf143c3a6bde27a5ac326a94854.mp4' for writing
[hls @ 0xaaab18bd82d0] Opening '/config/cache/transcodes/e9b9435ebf143c3a6bde27a5ac326a94855.mp4' for writing
[hls @ 0xaaab18bd82d0] Opening '/config/cache/transcodes/e9b9435ebf143c3a6bde27a5ac326a94856.mp4' for writing
[hls @ 0xaaab18bd82d0] Opening '/config/cache/transcodes/e9b9435ebf143c3a6bde27a5ac326a94857.mp4' for writing
[hls @ 0xaaab18bd82d0] Opening '/config/cache/transcodes/e9b9435ebf143c3a6bde27a5ac326a94858.mp4' for writing
[hls @ 0xaaab18bd82d0] Opening '/config/cache/transcodes/e9b9435ebf143c3a6bde27a5ac326a94859.mp4' for writing
[hls @ 0xaaab18bd82d0] Opening '/config/cache/transcodes/e9b9435ebf143c3a6bde27a5ac326a94860.mp4' for writing
[hls @ 0xaaab18bd82d0] Opening '/config/cache/transcodes/e9b9435ebf143c3a6bde27a5ac326a94861.mp4' for writing
[hls @ 0xaaab18bd82d0] Opening '/config/cache/transcodes/e9b9435ebf143c3a6bde27a5ac326a94862.mp4' for writing
[hls @ 0xaaab18bd82d0] Opening '/config/cache/transcodes/e9b9435ebf143c3a6bde27a5ac326a94863.mp4' for writing
[hls @ 0xaaab18bd82d0] Opening '/config/cache/transcodes/e9b9435ebf143c3a6bde27a5ac326a94864.mp4' for writing
[hls @ 0xaaab18bd82d0] Opening '/config/cache/transcodes/e9b9435ebf143c3a6bde27a5ac326a94865.mp4' for writing
[hls @ 0xaaab18bd82d0] Opening '/config/cache/transcodes/e9b9435ebf143c3a6bde27a5ac326a94866.mp4' for writing
[hls @ 0xaaab18bd82d0] Opening '/config/cache/transcodes/e9b9435ebf143c3a6bde27a5ac326a94867.mp4' for writing
[hls @ 0xaaab18bd82d0] Opening '/config/cache/transcodes/e9b9435ebf143c3a6bde27a5ac326a94868.mp4' for writing
[hls @ 0xaaab18bd82d0] Opening '/config/cache/transcodes/e9b9435ebf143c3a6bde27a5ac326a94869.mp4' for writing
[hls @ 0xaaab18bd82d0] Opening '/config/cache/transcodes/e9b9435ebf143c3a6bde27a5ac326a94870.mp4' for writing
[hls @ 0xaaab18bd82d0] Opening '/config/cache/transcodes/e9b9435ebf143c3a6bde27a5ac326a94871.mp4' for writing
[hls @ 0xaaab18bd82d0] Opening '/config/cache/transcodes/e9b9435ebf143c3a6bde27a5ac326a94872.mp4' for writing
[hls @ 0xaaab18bd82d0] Opening '/config/cache/transcodes/e9b9435ebf143c3a6bde27a5ac326a94873.mp4' for writing
[hls @ 0xaaab18bd82d0] Opening '/config/cache/transcodes/e9b9435ebf143c3a6bde27a5ac326a94874.mp4' for writing
[hls @ 0xaaab18bd82d0] Opening '/config/cache/transcodes/e9b9435ebf143c3a6bde27a5ac326a94875.mp4' for writing
[hls @ 0xaaab18bd82d0] Opening '/config/cache/transcodes/e9b9435ebf143c3a6bde27a5ac326a94876.mp4' for writing
[hls @ 0xaaab18bd82d0] Opening '/config/cache/transcodes/e9b9435ebf143c3a6bde27a5ac326a94877.mp4' for writing
[hls @ 0xaaab18bd82d0] Opening '/config/cache/transcodes/e9b9435ebf143c3a6bde27a5ac326a94878.mp4' for writing
[hls @ 0xaaab18bd82d0] Opening '/config/cache/transcodes/e9b9435ebf143c3a6bde27a5ac326a94879.mp4' for writing
[hls @ 0xaaab18bd82d0] Opening '/config/cache/transcodes/e9b9435ebf143c3a6bde27a5ac326a94880.mp4' for writing
[hls @ 0xaaab18bd82d0] Opening '/config/cache/transcodes/e9b9435ebf143c3a6bde27a5ac326a94881.mp4' for writing
[hls @ 0xaaab18bd82d0] Opening '/config/cache/transcodes/e9b9435ebf143c3a6bde27a5ac326a94882.mp4' for writing
[hls @ 0xaaab18bd82d0] Opening '/config/cache/transcodes/e9b9435ebf143c3a6bde27a5ac326a94883.mp4' for writing
[hls @ 0xaaab18bd82d0] Opening '/config/cache/transcodes/e9b9435ebf143c3a6bde27a5ac326a94884.mp4' for writing
[hls @ 0xaaab18bd82d0] Opening '/config/cache/transcodes/e9b9435ebf143c3a6bde27a5ac326a94885.mp4' for writing
[hls @ 0xaaab18bd82d0] Opening '/config/cache/transcodes/e9b9435ebf143c3a6bde27a5ac326a94886.mp4' for writing
[hls @ 0xaaab18bd82d0] Opening '/config/cache/transcodes/e9b9435ebf143c3a6bde27a5ac326a94887.mp4' for writing
[hls @ 0xaaab18bd82d0] Opening '/config/cache/transcodes/e9b9435ebf143c3a6bde27a5ac326a94888.mp4' for writing
[hls @ 0xaaab18bd82d0] Opening '/config/cache/transcodes/e9b9435ebf143c3a6bde27a5ac326a94889.mp4' for writing
[hls @ 0xaaab18bd82d0] Opening '/config/cache/transcodes/e9b9435ebf143c3a6bde27a5ac326a94890.mp4' for writing
[hls @ 0xaaab18bd82d0] Opening '/config/cache/transcodes/e9b9435ebf143c3a6bde27a5ac326a94891.mp4' for writing
[hls @ 0xaaab18bd82d0] Opening '/config/cache/transcodes/e9b9435ebf143c3a6bde27a5ac326a94892.mp4' for writing
[hls @ 0xaaab18bd82d0] Opening '/config/cache/transcodes/e9b9435ebf143c3a6bde27a5ac326a94893.mp4' for writing
[hls @ 0xaaab18bd82d0] Opening '/config/cache/transcodes/e9b9435ebf143c3a6bde27a5ac326a94894.mp4' for writing
[hls @ 0xaaab18bd82d0] Opening '/config/cache/transcodes/e9b9435ebf143c3a6bde27a5ac326a94895.mp4' for writing
[hls @ 0xaaab18bd82d0] Opening '/config/cache/transcodes/e9b9435ebf143c3a6bde27a5ac326a94896.mp4' for writing
[hls @ 0xaaab18bd82d0] Opening '/config/cache/transcodes/e9b9435ebf143c3a6bde27a5ac326a94897.mp4' for writing
[hls @ 0xaaab18bd82d0] Opening '/config/cache/transcodes/e9b9435ebf143c3a6bde27a5ac326a94898.mp4' for writing
[hls @ 0xaaab18bd82d0] Opening '/config/cache/transcodes/e9b9435ebf143c3a6bde27a5ac326a94899.mp4' for writing
[hls @ 0xaaab18bd82d0] Opening '/config/cache/transcodes/e9b9435ebf143c3a6bde27a5ac326a94900.mp4' for writing
[hls @ 0xaaab18bd82d0] Opening '/config/cache/transcodes/e9b9435ebf143c3a6bde27a5ac326a94901.mp4' for writing
[hls @ 0xaaab18bd82d0] Opening '/config/cache/transcodes/e9b9435ebf143c3a6bde27a5ac326a94902.mp4' for writing
[hls @ 0xaaab18bd82d0] Opening '/config/cache/transcodes/e9b9435ebf143c3a6bde27a5ac326a94903.mp4' for writing
[hls @ 0xaaab18bd82d0] Opening '/config/cache/transcodes/e9b9435ebf143c3a6bde27a5ac326a94904.mp4' for writing
[hls @ 0xaaab18bd82d0] Opening '/config/cache/transcodes/e9b9435ebf143c3a6bde27a5ac326a94905.mp4' for writing
[hls @ 0xaaab18bd82d0] Opening '/config/cache/transcodes/e9b9435ebf143c3a6bde27a5ac326a94906.mp4' for writing
[hls @ 0xaaab18bd82d0] Opening '/config/cache/transcodes/e9b9435ebf143c3a6bde27a5ac326a94907.mp4' for writing
[hls @ 0xaaab18bd82d0] Opening '/config/cache/transcodes/e9b9435ebf143c3a6bde27a5ac326a94908.mp4' for writing
[hls @ 0xaaab18bd82d0] Opening '/config/cache/transcodes/e9b9435ebf143c3a6bde27a5ac326a94909.mp4' for writing
[hls @ 0xaaab18bd82d0] Opening '/config/cache/transcodes/e9b9435ebf143c3a6bde27a5ac326a94910.mp4' for writing
[hls @ 0xaaab18bd82d0] Opening '/config/cache/transcodes/e9b9435ebf143c3a6bde27a5ac326a94911.mp4' for writing
[hls @ 0xaaab18bd82d0] Opening '/config/cache/transcodes/e9b9435ebf143c3a6bde27a5ac326a94912.mp4' for writing
[hls @ 0xaaab18bd82d0] Opening '/config/cache/transcodes/e9b9435ebf143c3a6bde27a5ac326a94913.mp4' for writing
[hls @ 0xaaab18bd82d0] Opening '/config/cache/transcodes/e9b9435ebf143c3a6bde27a5ac326a94914.mp4' for writing
[hls @ 0xaaab18bd82d0] Opening '/config/cache/transcodes/e9b9435ebf143c3a6bde27a5ac326a94915.mp4' for writing
[hls @ 0xaaab18bd82d0] Opening '/config/cache/transcodes/e9b9435ebf143c3a6bde27a5ac326a94916.mp4' for writing
[hls @ 0xaaab18bd82d0] Opening '/config/cache/transcodes/e9b9435ebf143c3a6bde27a5ac326a94917.mp4' for writing
[hls @ 0xaaab18bd82d0] Opening '/config/cache/transcodes/e9b9435ebf143c3a6bde27a5ac326a94918.mp4' for writing
[hls @ 0xaaab18bd82d0] Opening '/config/cache/transcodes/e9b9435ebf143c3a6bde27a5ac326a94919.mp4' for writing
[hls @ 0xaaab18bd82d0] Opening '/config/cache/transcodes/e9b9435ebf143c3a6bde27a5ac326a94920.mp4' for writing
[hls @ 0xaaab18bd82d0] Opening '/config/cache/transcodes/e9b9435ebf143c3a6bde27a5ac326a94921.mp4' for writing
[hls @ 0xaaab18bd82d0] Opening '/config/cache/transcodes/e9b9435ebf143c3a6bde27a5ac326a94922.mp4' for writing
[hls @ 0xaaab18bd82d0] Opening '/config/cache/transcodes/e9b9435ebf143c3a6bde27a5ac326a94923.mp4' for writing
[hls @ 0xaaab18bd82d0] Opening '/config/cache/transcodes/e9b9435ebf143c3a6bde27a5ac326a94924.mp4' for writing
[hls @ 0xaaab18bd82d0] Opening '/config/cache/transcodes/e9b9435ebf143c3a6bde27a5ac326a94925.mp4' for writing
[hls @ 0xaaab18bd82d0] Opening '/config/cache/transcodes/e9b9435ebf143c3a6bde27a5ac326a94926.mp4' for writing
[hls @ 0xaaab18bd82d0] Opening '/config/cache/transcodes/e9b9435ebf143c3a6bde27a5ac326a94927.mp4' for writing
[hls @ 0xaaab18bd82d0] Opening '/config/cache/transcodes/e9b9435ebf143c3a6bde27a5ac326a94928.mp4' for writing
[hls @ 0xaaab18bd82d0] Opening '/config/cache/transcodes/e9b9435ebf143c3a6bde27a5ac326a94929.mp4' for writing
[hls @ 0xaaab18bd82d0] Opening '/config/cache/transcodes/e9b9435ebf143c3a6bde27a5ac326a94930.mp4' for writing
[hls @ 0xaaab18bd82d0] Opening '/config/cache/transcodes/e9b9435ebf143c3a6bde27a5ac326a94931.mp4' for writing
frame=134299 fps=29801 q=-1.0 size=N/A time=01:24:16.57 bitrate=N/A speed=1.12e+03x    
[hls @ 0xaaab18bd82d0] Opening '/config/cache/transcodes/e9b9435ebf143c3a6bde27a5ac326a94932.mp4' for writing
[hls @ 0xaaab18bd82d0] Opening '/config/cache/transcodes/e9b9435ebf143c3a6bde27a5ac326a94933.mp4' for writing
[hls @ 0xaaab18bd82d0] Opening '/config/cache/transcodes/e9b9435ebf143c3a6bde27a5ac326a94934.mp4' for writing
[hls @ 0xaaab18bd82d0] Opening '/config/cache/transcodes/e9b9435ebf143c3a6bde27a5ac326a94935.mp4' for writing
[hls @ 0xaaab18bd82d0] Opening '/config/cache/transcodes/e9b9435ebf143c3a6bde27a5ac326a94936.mp4' for writing
[hls @ 0xaaab18bd82d0] Opening '/config/cache/transcodes/e9b9435ebf143c3a6bde27a5ac326a94937.mp4' for writing
[hls @ 0xaaab18bd82d0] Opening '/config/cache/transcodes/e9b9435ebf143c3a6bde27a5ac326a94938.mp4' for writing
[hls @ 0xaaab18bd82d0] Opening '/config/cache/transcodes/e9b9435ebf143c3a6bde27a5ac326a94939.mp4' for writing
[hls @ 0xaaab18bd82d0] Opening '/config/cache/transcodes/e9b9435ebf143c3a6bde27a5ac326a94940.mp4' for writing
[hls @ 0xaaab18bd82d0] Opening '/config/cache/transcodes/e9b9435ebf143c3a6bde27a5ac326a94941.mp4' for writing
[hls @ 0xaaab18bd82d0] Opening '/config/cache/transcodes/e9b9435ebf143c3a6bde27a5ac326a94942.mp4' for writing
[hls @ 0xaaab18bd82d0] Opening '/config/cache/transcodes/e9b9435ebf143c3a6bde27a5ac326a94943.mp4' for writing
[hls @ 0xaaab18bd82d0] Opening '/config/cache/transcodes/e9b9435ebf143c3a6bde27a5ac326a94944.mp4' for writing
[hls @ 0xaaab18bd82d0] Opening '/config/cache/transcodes/e9b9435ebf143c3a6bde27a5ac326a94945.mp4' for writing
[hls @ 0xaaab18bd82d0] Opening '/config/cache/transcodes/e9b9435ebf143c3a6bde27a5ac326a94946.mp4' for writing
[hls @ 0xaaab18bd82d0] Opening '/config/cache/transcodes/e9b9435ebf143c3a6bde27a5ac326a94947.mp4' for writing
[hls @ 0xaaab18bd82d0] Opening '/config/cache/transcodes/e9b9435ebf143c3a6bde27a5ac326a94948.mp4' for writing
[hls @ 0xaaab18bd82d0] Opening '/config/cache/transcodes/e9b9435ebf143c3a6bde27a5ac326a94949.mp4' for writing
[hls @ 0xaaab18bd82d0] Opening '/config/cache/transcodes/e9b9435ebf143c3a6bde27a5ac326a94950.mp4' for writing
[hls @ 0xaaab18bd82d0] Opening '/config/cache/transcodes/e9b9435ebf143c3a6bde27a5ac326a94951.mp4' for writing
[hls @ 0xaaab18bd82d0] Opening '/config/cache/transcodes/e9b9435ebf143c3a6bde27a5ac326a94952.mp4' for writing
[hls @ 0xaaab18bd82d0] Opening '/config/cache/transcodes/e9b9435ebf143c3a6bde27a5ac326a94953.mp4' for writing
[hls @ 0xaaab18bd82d0] Opening '/config/cache/transcodes/e9b9435ebf143c3a6bde27a5ac326a94954.mp4' for writing
[hls @ 0xaaab18bd82d0] Opening '/config/cache/transcodes/e9b9435ebf143c3a6bde27a5ac326a94955.mp4' for writing
[hls @ 0xaaab18bd82d0] Opening '/config/cache/transcodes/e9b9435ebf143c3a6bde27a5ac326a94956.mp4' for writing
[hls @ 0xaaab18bd82d0] Opening '/config/cache/transcodes/e9b9435ebf143c3a6bde27a5ac326a94957.mp4' for writing
[hls @ 0xaaab18bd82d0] Opening '/config/cache/transcodes/e9b9435ebf143c3a6bde27a5ac326a94958.mp4' for writing
[hls @ 0xaaab18bd82d0] Opening '/config/cache/transcodes/e9b9435ebf143c3a6bde27a5ac326a94959.mp4' for writing
[hls @ 0xaaab18bd82d0] Opening '/config/cache/transcodes/e9b9435ebf143c3a6bde27a5ac326a94960.mp4' for writing
[hls @ 0xaaab18bd82d0] Opening '/config/cache/transcodes/e9b9435ebf143c3a6bde27a5ac326a94961.mp4' for writing
[hls @ 0xaaab18bd82d0] Opening '/config/cache/transcodes/e9b9435ebf143c3a6bde27a5ac326a94962.mp4' for writing
[hls @ 0xaaab18bd82d0] Opening '/config/cache/transcodes/e9b9435ebf143c3a6bde27a5ac326a94963.mp4' for writing
[hls @ 0xaaab18bd82d0] Opening '/config/cache/transcodes/e9b9435ebf143c3a6bde27a5ac326a94964.mp4' for writing
[hls @ 0xaaab18bd82d0] Opening '/config/cache/transcodes/e9b9435ebf143c3a6bde27a5ac326a94965.mp4' for writing
[hls @ 0xaaab18bd82d0] Opening '/config/cache/transcodes/e9b9435ebf143c3a6bde27a5ac326a94966.mp4' for writing
[hls @ 0xaaab18bd82d0] Opening '/config/cache/transcodes/e9b9435ebf143c3a6bde27a5ac326a94967.mp4' for writing
[hls @ 0xaaab18bd82d0] Opening '/config/cache/transcodes/e9b9435ebf143c3a6bde27a5ac326a94968.mp4' for writing
[hls @ 0xaaab18bd82d0] Opening '/config/cache/transcodes/e9b9435ebf143c3a6bde27a5ac326a94969.mp4' for writing
[hls @ 0xaaab18bd82d0] Opening '/config/cache/transcodes/e9b9435ebf143c3a6bde27a5ac326a94970.mp4' for writing
[hls @ 0xaaab18bd82d0] Opening '/config/cache/transcodes/e9b9435ebf143c3a6bde27a5ac326a94971.mp4' for writing
[hls @ 0xaaab18bd82d0] Opening '/config/cache/transcodes/e9b9435ebf143c3a6bde27a5ac326a94972.mp4' for writing
[hls @ 0xaaab18bd82d0] Opening '/config/cache/transcodes/e9b9435ebf143c3a6bde27a5ac326a94973.mp4' for writing
[hls @ 0xaaab18bd82d0] Opening '/config/cache/transcodes/e9b9435ebf143c3a6bde27a5ac326a94974.mp4' for writing
[hls @ 0xaaab18bd82d0] Opening '/config/cache/transcodes/e9b9435ebf143c3a6bde27a5ac326a94975.mp4' for writing
[hls @ 0xaaab18bd82d0] Opening '/config/cache/transcodes/e9b9435ebf143c3a6bde27a5ac326a94976.mp4' for writing
[hls @ 0xaaab18bd82d0] Opening '/config/cache/transcodes/e9b9435ebf143c3a6bde27a5ac326a94977.mp4' for writing
[hls @ 0xaaab18bd82d0] Opening '/config/cache/transcodes/e9b9435ebf143c3a6bde27a5ac326a94978.mp4' for writing
[hls @ 0xaaab18bd82d0] Opening '/config/cache/transcodes/e9b9435ebf143c3a6bde27a5ac326a94979.mp4' for writing
[hls @ 0xaaab18bd82d0] Opening '/config/cache/transcodes/e9b9435ebf143c3a6bde27a5ac326a94980.mp4' for writing
[hls @ 0xaaab18bd82d0] Opening '/config/cache/transcodes/e9b9435ebf143c3a6bde27a5ac326a94981.mp4' for writing
[hls @ 0xaaab18bd82d0] Opening '/config/cache/transcodes/e9b9435ebf143c3a6bde27a5ac326a94982.mp4' for writing
[hls @ 0xaaab18bd82d0] Opening '/config/cache/transcodes/e9b9435ebf143c3a6bde27a5ac326a94983.mp4' for writing
[hls @ 0xaaab18bd82d0] Opening '/config/cache/transcodes/e9b9435ebf143c3a6bde27a5ac326a94984.mp4' for writing
[hls @ 0xaaab18bd82d0] Opening '/config/cache/transcodes/e9b9435ebf143c3a6bde27a5ac326a94985.mp4' for writing
[hls @ 0xaaab18bd82d0] Opening '/config/cache/transcodes/e9b9435ebf143c3a6bde27a5ac326a94986.mp4' for writing
[hls @ 0xaaab18bd82d0] Opening '/config/cache/transcodes/e9b9435ebf143c3a6bde27a5ac326a94987.mp4' for writing
[hls @ 0xaaab18bd82d0] Opening '/config/cache/transcodes/e9b9435ebf143c3a6bde27a5ac326a94988.mp4' for writing
[hls @ 0xaaab18bd82d0] Opening '/config/cache/transcodes/e9b9435ebf143c3a6bde27a5ac326a94989.mp4' for writing
[hls @ 0xaaab18bd82d0] Opening '/config/cache/transcodes/e9b9435ebf143c3a6bde27a5ac326a94990.mp4' for writing
[hls @ 0xaaab18bd82d0] Opening '/config/cache/transcodes/e9b9435ebf143c3a6bde27a5ac326a94991.mp4' for writing
[hls @ 0xaaab18bd82d0] Opening '/config/cache/transcodes/e9b9435ebf143c3a6bde27a5ac326a94992.mp4' for writing
[hls @ 0xaaab18bd82d0] Opening '/config/cache/transcodes/e9b9435ebf143c3a6bde27a5ac326a94993.mp4' for writing
[hls @ 0xaaab18bd82d0] Opening '/config/cache/transcodes/e9b9435ebf143c3a6bde27a5ac326a94994.mp4' for writing
[hls @ 0xaaab18bd82d0] Opening '/config/cache/transcodes/e9b9435ebf143c3a6bde27a5ac326a94995.mp4' for writing
[hls @ 0xaaab18bd82d0] Opening '/config/cache/transcodes/e9b9435ebf143c3a6bde27a5ac326a94996.mp4' for writing
[hls @ 0xaaab18bd82d0] Opening '/config/cache/transcodes/e9b9435ebf143c3a6bde27a5ac326a94997.mp4' for writing
[hls @ 0xaaab18bd82d0] Opening '/config/cache/transcodes/e9b9435ebf143c3a6bde27a5ac326a94998.mp4' for writing
[hls @ 0xaaab18bd82d0] Opening '/config/cache/transcodes/e9b9435ebf143c3a6bde27a5ac326a94999.mp4' for writing
[hls @ 0xaaab18bd82d0] Opening '/config/cache/transcodes/e9b9435ebf143c3a6bde27a5ac326a941000.mp4' for writing
[hls @ 0xaaab18bd82d0] Opening '/config/cache/transcodes/e9b9435ebf143c3a6bde27a5ac326a941001.mp4' for writing
[hls @ 0xaaab18bd82d0] Opening '/config/cache/transcodes/e9b9435ebf143c3a6bde27a5ac326a941002.mp4' for writing
[hls @ 0xaaab18bd82d0] Opening '/config/cache/transcodes/e9b9435ebf143c3a6bde27a5ac326a941003.mp4' for writing
[hls @ 0xaaab18bd82d0] Opening '/config/cache/transcodes/e9b9435ebf143c3a6bde27a5ac326a941004.mp4' for writing
[hls @ 0xaaab18bd82d0] Opening '/config/cache/transcodes/e9b9435ebf143c3a6bde27a5ac326a941005.mp4' for writing
[hls @ 0xaaab18bd82d0] Opening '/config/cache/transcodes/e9b9435ebf143c3a6bde27a5ac326a941006.mp4' for writing
[hls @ 0xaaab18bd82d0] Opening '/config/cache/transcodes/e9b9435ebf143c3a6bde27a5ac326a941007.mp4' for writing
[hls @ 0xaaab18bd82d0] Opening '/config/cache/transcodes/e9b9435ebf143c3a6bde27a5ac326a941008.mp4' for writing
[hls @ 0xaaab18bd82d0] Opening '/config/cache/transcodes/e9b9435ebf143c3a6bde27a5ac326a941009.mp4' for writing
[hls @ 0xaaab18bd82d0] Opening '/config/cache/transcodes/e9b9435ebf143c3a6bde27a5ac326a941010.mp4' for writing
[hls @ 0xaaab18bd82d0] Opening '/config/cache/transcodes/e9b9435ebf143c3a6bde27a5ac326a941011.mp4' for writing
[hls @ 0xaaab18bd82d0] Opening '/config/cache/transcodes/e9b9435ebf143c3a6bde27a5ac326a941012.mp4' for writing
[hls @ 0xaaab18bd82d0] Opening '/config/cache/transcodes/e9b9435ebf143c3a6bde27a5ac326a941013.mp4' for writing
[hls @ 0xaaab18bd82d0] Opening '/config/cache/transcodes/e9b9435ebf143c3a6bde27a5ac326a941014.mp4' for writing
[hls @ 0xaaab18bd82d0] Opening '/config/cache/transcodes/e9b9435ebf143c3a6bde27a5ac326a941015.mp4' for writing
[hls @ 0xaaab18bd82d0] Opening '/config/cache/transcodes/e9b9435ebf143c3a6bde27a5ac326a941016.mp4' for writing
[hls @ 0xaaab18bd82d0] Opening '/config/cache/transcodes/e9b9435ebf143c3a6bde27a5ac326a941017.mp4' for writing
[hls @ 0xaaab18bd82d0] Opening '/config/cache/transcodes/e9b9435ebf143c3a6bde27a5ac326a941018.mp4' for writing
[hls @ 0xaaab18bd82d0] Opening '/config/cache/transcodes/e9b9435ebf143c3a6bde27a5ac326a941019.mp4' for writing
[hls @ 0xaaab18bd82d0] Opening '/config/cache/transcodes/e9b9435ebf143c3a6bde27a5ac326a941020.mp4' for writing
[hls @ 0xaaab18bd82d0] Opening '/config/cache/transcodes/e9b9435ebf143c3a6bde27a5ac326a941021.mp4' for writing
[hls @ 0xaaab18bd82d0] Opening '/config/cache/transcodes/e9b9435ebf143c3a6bde27a5ac326a941022.mp4' for writing
[hls @ 0xaaab18bd82d0] Opening '/config/cache/transcodes/e9b9435ebf143c3a6bde27a5ac326a941023.mp4' for writing
[hls @ 0xaaab18bd82d0] Opening '/config/cache/transcodes/e9b9435ebf143c3a6bde27a5ac326a941024.mp4' for writing
[hls @ 0xaaab18bd82d0] Opening '/config/cache/transcodes/e9b9435ebf143c3a6bde27a5ac326a941025.mp4' for writing
[hls @ 0xaaab18bd82d0] Opening '/config/cache/transcodes/e9b9435ebf143c3a6bde27a5ac326a941026.mp4' for writing
[hls @ 0xaaab18bd82d0] Opening '/config/cache/transcodes/e9b9435ebf143c3a6bde27a5ac326a941027.mp4' for writing
[hls @ 0xaaab18bd82d0] Opening '/config/cache/transcodes/e9b9435ebf143c3a6bde27a5ac326a941028.mp4' for writing
[hls @ 0xaaab18bd82d0] Opening '/config/cache/transcodes/e9b9435ebf143c3a6bde27a5ac326a941029.mp4' for writing
[hls @ 0xaaab18bd82d0] Opening '/config/cache/transcodes/e9b9435ebf143c3a6bde27a5ac326a941030.mp4' for writing
[hls @ 0xaaab18bd82d0] Opening '/config/cache/transcodes/e9b9435ebf143c3a6bde27a5ac326a941031.mp4' for writing
[hls @ 0xaaab18bd82d0] Opening '/config/cache/transcodes/e9b9435ebf143c3a6bde27a5ac326a941032.mp4' for writing
[hls @ 0xaaab18bd82d0] Opening '/config/cache/transcodes/e9b9435ebf143c3a6bde27a5ac326a941033.mp4' for writing
[hls @ 0xaaab18bd82d0] Opening '/config/cache/transcodes/e9b9435ebf143c3a6bde27a5ac326a941034.mp4' for writing
[hls @ 0xaaab18bd82d0] Opening '/config/cache/transcodes/e9b9435ebf143c3a6bde27a5ac326a941035.mp4' for writing
[hls @ 0xaaab18bd82d0] Opening '/config/cache/transcodes/e9b9435ebf143c3a6bde27a5ac326a941036.mp4' for writing
[hls @ 0xaaab18bd82d0] Opening '/config/cache/transcodes/e9b9435ebf143c3a6bde27a5ac326a941037.mp4' for writing
[hls @ 0xaaab18bd82d0] Opening '/config/cache/transcodes/e9b9435ebf143c3a6bde27a5ac326a941038.mp4' for writing
[hls @ 0xaaab18bd82d0] Opening '/config/cache/transcodes/e9b9435ebf143c3a6bde27a5ac326a941039.mp4' for writing
[hls @ 0xaaab18bd82d0] Opening '/config/cache/transcodes/e9b9435ebf143c3a6bde27a5ac326a941040.mp4' for writing
[hls @ 0xaaab18bd82d0] Opening '/config/cache/transcodes/e9b9435ebf143c3a6bde27a5ac326a941041.mp4' for writing
[hls @ 0xaaab18bd82d0] Opening '/config/cache/transcodes/e9b9435ebf143c3a6bde27a5ac326a941042.mp4' for writing
[hls @ 0xaaab18bd82d0] Opening '/config/cache/transcodes/e9b9435ebf143c3a6bde27a5ac326a941043.mp4' for writing
[hls @ 0xaaab18bd82d0] Opening '/config/cache/transcodes/e9b9435ebf143c3a6bde27a5ac326a941044.mp4' for writing
[hls @ 0xaaab18bd82d0] Opening '/config/cache/transcodes/e9b9435ebf143c3a6bde27a5ac326a941045.mp4' for writing
frame=150691 fps=30094 q=-1.0 size=N/A time=01:35:39.47 bitrate=N/A speed=1.15e+03x    
[hls @ 0xaaab18bd82d0] Opening '/config/cache/transcodes/e9b9435ebf143c3a6bde27a5ac326a941046.mp4' for writing
[hls @ 0xaaab18bd82d0] Opening '/config/cache/transcodes/e9b9435ebf143c3a6bde27a5ac326a941047.mp4' for writing
[hls @ 0xaaab18bd82d0] Opening '/config/cache/transcodes/e9b9435ebf143c3a6bde27a5ac326a941048.mp4' for writing
[hls @ 0xaaab18bd82d0] Opening '/config/cache/transcodes/e9b9435ebf143c3a6bde27a5ac326a941049.mp4' for writing
[hls @ 0xaaab18bd82d0] Opening '/config/cache/transcodes/e9b9435ebf143c3a6bde27a5ac326a941050.mp4' for writing
[hls @ 0xaaab18bd82d0] Opening '/config/cache/transcodes/e9b9435ebf143c3a6bde27a5ac326a941051.mp4' for writing
[hls @ 0xaaab18bd82d0] Opening '/config/cache/transcodes/e9b9435ebf143c3a6bde27a5ac326a941052.mp4' for writing
[hls @ 0xaaab18bd82d0] Opening '/config/cache/transcodes/e9b9435ebf143c3a6bde27a5ac326a941053.mp4' for writing
[hls @ 0xaaab18bd82d0] Opening '/config/cache/transcodes/e9b9435ebf143c3a6bde27a5ac326a941054.mp4' for writing
[hls @ 0xaaab18bd82d0] Opening '/config/cache/transcodes/e9b9435ebf143c3a6bde27a5ac326a941055.mp4' for writing
[hls @ 0xaaab18bd82d0] Opening '/config/cache/transcodes/e9b9435ebf143c3a6bde27a5ac326a941056.mp4' for writing
[hls @ 0xaaab18bd82d0] Opening '/config/cache/transcodes/e9b9435ebf143c3a6bde27a5ac326a941057.mp4' for writing
[hls @ 0xaaab18bd82d0] Opening '/config/cache/transcodes/e9b9435ebf143c3a6bde27a5ac326a941058.mp4' for writing
[hls @ 0xaaab18bd82d0] Opening '/config/cache/transcodes/e9b9435ebf143c3a6bde27a5ac326a941059.mp4' for writing
[hls @ 0xaaab18bd82d0] Opening '/config/cache/transcodes/e9b9435ebf143c3a6bde27a5ac326a941060.mp4' for writing
[hls @ 0xaaab18bd82d0] Opening '/config/cache/transcodes/e9b9435ebf143c3a6bde27a5ac326a941061.mp4' for writing
[hls @ 0xaaab18bd82d0] Opening '/config/cache/transcodes/e9b9435ebf143c3a6bde27a5ac326a941062.mp4' for writing
[hls @ 0xaaab18bd82d0] Opening '/config/cache/transcodes/e9b9435ebf143c3a6bde27a5ac326a941063.mp4' for writing
[hls @ 0xaaab18bd82d0] Opening '/config/cache/transcodes/e9b9435ebf143c3a6bde27a5ac326a941064.mp4' for writing
[hls @ 0xaaab18bd82d0] Opening '/config/cache/transcodes/e9b9435ebf143c3a6bde27a5ac326a941065.mp4' for writing
[hls @ 0xaaab18bd82d0] Opening '/config/cache/transcodes/e9b9435ebf143c3a6bde27a5ac326a941066.mp4' for writing
[hls @ 0xaaab18bd82d0] Opening '/config/cache/transcodes/e9b9435ebf143c3a6bde27a5ac326a941067.mp4' for writing
[hls @ 0xaaab18bd82d0] Opening '/config/cache/transcodes/e9b9435ebf143c3a6bde27a5ac326a941068.mp4' for writing
[hls @ 0xaaab18bd82d0] Opening '/config/cache/transcodes/e9b9435ebf143c3a6bde27a5ac326a941069.mp4' for writing
[hls @ 0xaaab18bd82d0] Opening '/config/cache/transcodes/e9b9435ebf143c3a6bde27a5ac326a941070.mp4' for writing
[hls @ 0xaaab18bd82d0] Opening '/config/cache/transcodes/e9b9435ebf143c3a6bde27a5ac326a941071.mp4' for writing
[hls @ 0xaaab18bd82d0] Opening '/config/cache/transcodes/e9b9435ebf143c3a6bde27a5ac326a941072.mp4' for writing
[hls @ 0xaaab18bd82d0] Opening '/config/cache/transcodes/e9b9435ebf143c3a6bde27a5ac326a941073.mp4' for writing
[hls @ 0xaaab18bd82d0] Opening '/config/cache/transcodes/e9b9435ebf143c3a6bde27a5ac326a941074.mp4' for writing
[hls @ 0xaaab18bd82d0] Opening '/config/cache/transcodes/e9b9435ebf143c3a6bde27a5ac326a941075.mp4' for writing
[hls @ 0xaaab18bd82d0] Opening '/config/cache/transcodes/e9b9435ebf143c3a6bde27a5ac326a941076.mp4' for writing
[hls @ 0xaaab18bd82d0] Opening '/config/cache/transcodes/e9b9435ebf143c3a6bde27a5ac326a941077.mp4' for writing
[hls @ 0xaaab18bd82d0] Opening '/config/cache/transcodes/e9b9435ebf143c3a6bde27a5ac326a941078.mp4' for writing
[hls @ 0xaaab18bd82d0] Opening '/config/cache/transcodes/e9b9435ebf143c3a6bde27a5ac326a941079.mp4' for writing
[hls @ 0xaaab18bd82d0] Opening '/config/cache/transcodes/e9b9435ebf143c3a6bde27a5ac326a941080.mp4' for writing
[hls @ 0xaaab18bd82d0] Opening '/config/cache/transcodes/e9b9435ebf143c3a6bde27a5ac326a941081.mp4' for writing
[hls @ 0xaaab18bd82d0] Opening '/config/cache/transcodes/e9b9435ebf143c3a6bde27a5ac326a941082.mp4' for writing
[hls @ 0xaaab18bd82d0] Opening '/config/cache/transcodes/e9b9435ebf143c3a6bde27a5ac326a941083.mp4' for writing
[hls @ 0xaaab18bd82d0] Opening '/config/cache/transcodes/e9b9435ebf143c3a6bde27a5ac326a941084.mp4' for writing
[hls @ 0xaaab18bd82d0] Opening '/config/cache/transcodes/e9b9435ebf143c3a6bde27a5ac326a941085.mp4' for writing
[hls @ 0xaaab18bd82d0] Opening '/config/cache/transcodes/e9b9435ebf143c3a6bde27a5ac326a941086.mp4' for writing
[hls @ 0xaaab18bd82d0] Opening '/config/cache/transcodes/e9b9435ebf143c3a6bde27a5ac326a941087.mp4' for writing
[hls @ 0xaaab18bd82d0] Opening '/config/cache/transcodes/e9b9435ebf143c3a6bde27a5ac326a941088.mp4' for writing
[hls @ 0xaaab18bd82d0] Opening '/config/cache/transcodes/e9b9435ebf143c3a6bde27a5ac326a941089.mp4' for writing
[hls @ 0xaaab18bd82d0] Opening '/config/cache/transcodes/e9b9435ebf143c3a6bde27a5ac326a941090.mp4' for writing
[hls @ 0xaaab18bd82d0] Opening '/config/cache/transcodes/e9b9435ebf143c3a6bde27a5ac326a941091.mp4' for writing
[hls @ 0xaaab18bd82d0] Opening '/config/cache/transcodes/e9b9435ebf143c3a6bde27a5ac326a941092.mp4' for writing
[hls @ 0xaaab18bd82d0] Opening '/config/cache/transcodes/e9b9435ebf143c3a6bde27a5ac326a941093.mp4' for writing
[hls @ 0xaaab18bd82d0] Opening '/config/cache/transcodes/e9b9435ebf143c3a6bde27a5ac326a941094.mp4' for writing
[hls @ 0xaaab18bd82d0] Opening '/config/cache/transcodes/e9b9435ebf143c3a6bde27a5ac326a941095.mp4' for writing
[hls @ 0xaaab18bd82d0] Opening '/config/cache/transcodes/e9b9435ebf143c3a6bde27a5ac326a941096.mp4' for writing
[hls @ 0xaaab18bd82d0] Opening '/config/cache/transcodes/e9b9435ebf143c3a6bde27a5ac326a941097.mp4' for writing
[hls @ 0xaaab18bd82d0] Opening '/config/cache/transcodes/e9b9435ebf143c3a6bde27a5ac326a941098.mp4' for writing
[hls @ 0xaaab18bd82d0] Opening '/config/cache/transcodes/e9b9435ebf143c3a6bde27a5ac326a941099.mp4' for writing
[hls @ 0xaaab18bd82d0] Opening '/config/cache/transcodes/e9b9435ebf143c3a6bde27a5ac326a941100.mp4' for writing
[hls @ 0xaaab18bd82d0] Opening '/config/cache/transcodes/e9b9435ebf143c3a6bde27a5ac326a941101.mp4' for writing
[hls @ 0xaaab18bd82d0] Opening '/config/cache/transcodes/e9b9435ebf143c3a6bde27a5ac326a941102.mp4' for writing
[hls @ 0xaaab18bd82d0] Opening '/config/cache/transcodes/e9b9435ebf143c3a6bde27a5ac326a941103.mp4' for writing
[hls @ 0xaaab18bd82d0] Opening '/config/cache/transcodes/e9b9435ebf143c3a6bde27a5ac326a941104.mp4' for writing
[hls @ 0xaaab18bd82d0] Opening '/config/cache/transcodes/e9b9435ebf143c3a6bde27a5ac326a941105.mp4' for writing
[hls @ 0xaaab18bd82d0] Opening '/config/cache/transcodes/e9b9435ebf143c3a6bde27a5ac326a941106.mp4' for writing
[hls @ 0xaaab18bd82d0] Opening '/config/cache/transcodes/e9b9435ebf143c3a6bde27a5ac326a941107.mp4' for writing
[hls @ 0xaaab18bd82d0] Opening '/config/cache/transcodes/e9b9435ebf143c3a6bde27a5ac326a941108.mp4' for writing
[hls @ 0xaaab18bd82d0] Opening '/config/cache/transcodes/e9b9435ebf143c3a6bde27a5ac326a941109.mp4' for writing
[hls @ 0xaaab18bd82d0] Opening '/config/cache/transcodes/e9b9435ebf143c3a6bde27a5ac326a941110.mp4' for writing
[hls @ 0xaaab18bd82d0] Opening '/config/cache/transcodes/e9b9435ebf143c3a6bde27a5ac326a941111.mp4' for writing
[hls @ 0xaaab18bd82d0] Opening '/config/cache/transcodes/e9b9435ebf143c3a6bde27a5ac326a941112.mp4' for writing
[hls @ 0xaaab18bd82d0] Opening '/config/cache/transcodes/e9b9435ebf143c3a6bde27a5ac326a941113.mp4' for writing
[hls @ 0xaaab18bd82d0] Opening '/config/cache/transcodes/e9b9435ebf143c3a6bde27a5ac326a941114.mp4' for writing
[hls @ 0xaaab18bd82d0] Opening '/config/cache/transcodes/e9b9435ebf143c3a6bde27a5ac326a941115.mp4' for writing
[hls @ 0xaaab18bd82d0] Opening '/config/cache/transcodes/e9b9435ebf143c3a6bde27a5ac326a941116.mp4' for writing
[hls @ 0xaaab18bd82d0] Opening '/config/cache/transcodes/e9b9435ebf143c3a6bde27a5ac326a941117.mp4' for writing
[hls @ 0xaaab18bd82d0] Opening '/config/cache/transcodes/e9b9435ebf143c3a6bde27a5ac326a941118.mp4' for writing
[hls @ 0xaaab18bd82d0] Opening '/config/cache/transcodes/e9b9435ebf143c3a6bde27a5ac326a941119.mp4' for writing
[hls @ 0xaaab18bd82d0] Opening '/config/cache/transcodes/e9b9435ebf143c3a6bde27a5ac326a941120.mp4' for writing
[hls @ 0xaaab18bd82d0] Opening '/config/cache/transcodes/e9b9435ebf143c3a6bde27a5ac326a941121.mp4' for writing
[hls @ 0xaaab18bd82d0] Opening '/config/cache/transcodes/e9b9435ebf143c3a6bde27a5ac326a941122.mp4' for writing
[hls @ 0xaaab18bd82d0] Opening '/config/cache/transcodes/e9b9435ebf143c3a6bde27a5ac326a941123.mp4' for writing
[hls @ 0xaaab18bd82d0] Opening '/config/cache/transcodes/e9b9435ebf143c3a6bde27a5ac326a941124.mp4' for writing
[hls @ 0xaaab18bd82d0] Opening '/config/cache/transcodes/e9b9435ebf143c3a6bde27a5ac326a941125.mp4' for writing
[hls @ 0xaaab18bd82d0] Opening '/config/cache/transcodes/e9b9435ebf143c3a6bde27a5ac326a941126.mp4' for writing
[hls @ 0xaaab18bd82d0] Opening '/config/cache/transcodes/e9b9435ebf143c3a6bde27a5ac326a941127.mp4' for writing
[hls @ 0xaaab18bd82d0] Opening '/config/cache/transcodes/e9b9435ebf143c3a6bde27a5ac326a941128.mp4' for writing
[hls @ 0xaaab18bd82d0] Opening '/config/cache/transcodes/e9b9435ebf143c3a6bde27a5ac326a941129.mp4' for writing
[hls @ 0xaaab18bd82d0] Opening '/config/cache/transcodes/e9b9435ebf143c3a6bde27a5ac326a941130.mp4' for writing
[hls @ 0xaaab18bd82d0] Opening '/config/cache/transcodes/e9b9435ebf143c3a6bde27a5ac326a941131.mp4' for writing
[hls @ 0xaaab18bd82d0] Opening '/config/cache/transcodes/e9b9435ebf143c3a6bde27a5ac326a941132.mp4' for writing
[hls @ 0xaaab18bd82d0] Opening '/config/cache/transcodes/e9b9435ebf143c3a6bde27a5ac326a941133.mp4' for writing
[hls @ 0xaaab18bd82d0] Opening '/config/cache/transcodes/e9b9435ebf143c3a6bde27a5ac326a941134.mp4' for writing
[hls @ 0xaaab18bd82d0] Opening '/config/cache/transcodes/e9b9435ebf143c3a6bde27a5ac326a941135.mp4' for writing
[hls @ 0xaaab18bd82d0] Opening '/config/cache/transcodes/e9b9435ebf143c3a6bde27a5ac326a941136.mp4' for writing
[hls @ 0xaaab18bd82d0] Opening '/config/cache/transcodes/e9b9435ebf143c3a6bde27a5ac326a941137.mp4' for writing
[hls @ 0xaaab18bd82d0] Opening '/config/cache/transcodes/e9b9435ebf143c3a6bde27a5ac326a941138.mp4' for writing
[hls @ 0xaaab18bd82d0] Opening '/config/cache/transcodes/e9b9435ebf143c3a6bde27a5ac326a941139.mp4' for writing
[hls @ 0xaaab18bd82d0] Opening '/config/cache/transcodes/e9b9435ebf143c3a6bde27a5ac326a941140.mp4' for writing
[hls @ 0xaaab18bd82d0] Opening '/config/cache/transcodes/e9b9435ebf143c3a6bde27a5ac326a941141.mp4' for writing
[hls @ 0xaaab18bd82d0] Opening '/config/cache/transcodes/e9b9435ebf143c3a6bde27a5ac326a941142.mp4' for writing
[hls @ 0xaaab18bd82d0] Opening '/config/cache/transcodes/e9b9435ebf143c3a6bde27a5ac326a941143.mp4' for writing
[hls @ 0xaaab18bd82d0] Opening '/config/cache/transcodes/e9b9435ebf143c3a6bde27a5ac326a941144.mp4' for writing
[hls @ 0xaaab18bd82d0] Opening '/config/cache/transcodes/e9b9435ebf143c3a6bde27a5ac326a941145.mp4' for writing
[hls @ 0xaaab18bd82d0] Opening '/config/cache/transcodes/e9b9435ebf143c3a6bde27a5ac326a941146.mp4' for writing
[hls @ 0xaaab18bd82d0] Opening '/config/cache/transcodes/e9b9435ebf143c3a6bde27a5ac326a941147.mp4' for writing
[hls @ 0xaaab18bd82d0] Opening '/config/cache/transcodes/e9b9435ebf143c3a6bde27a5ac326a941148.mp4' for writing
frame=165494 fps=30044 q=-1.0 size=N/A time=01:45:56.37 bitrate=N/A speed=1.15e+03x    
[hls @ 0xaaab18bd82d0] Opening '/config/cache/transcodes/e9b9435ebf143c3a6bde27a5ac326a941149.mp4' for writing
[hls @ 0xaaab18bd82d0] Opening '/config/cache/transcodes/e9b9435ebf143c3a6bde27a5ac326a941150.mp4' for writing
[hls @ 0xaaab18bd82d0] Opening '/config/cache/transcodes/e9b9435ebf143c3a6bde27a5ac326a941151.mp4' for writing
[hls @ 0xaaab18bd82d0] Opening '/config/cache/transcodes/e9b9435ebf143c3a6bde27a5ac326a941152.mp4' for writing
[hls @ 0xaaab18bd82d0] Opening '/config/cache/transcodes/e9b9435ebf143c3a6bde27a5ac326a941153.mp4' for writing
[hls @ 0xaaab18bd82d0] Opening '/config/cache/transcodes/e9b9435ebf143c3a6bde27a5ac326a941154.mp4' for writing
[hls @ 0xaaab18bd82d0] Opening '/config/cache/transcodes/e9b9435ebf143c3a6bde27a5ac326a941155.mp4' for writing
[hls @ 0xaaab18bd82d0] Opening '/config/cache/transcodes/e9b9435ebf143c3a6bde27a5ac326a941156.mp4' for writing
[hls @ 0xaaab18bd82d0] Opening '/config/cache/transcodes/e9b9435ebf143c3a6bde27a5ac326a941157.mp4' for writing
[hls @ 0xaaab18bd82d0] Opening '/config/cache/transcodes/e9b9435ebf143c3a6bde27a5ac326a941158.mp4' for writing
[hls @ 0xaaab18bd82d0] Opening '/config/cache/transcodes/e9b9435ebf143c3a6bde27a5ac326a941159.mp4' for writing
[hls @ 0xaaab18bd82d0] Opening '/config/cache/transcodes/e9b9435ebf143c3a6bde27a5ac326a941160.mp4' for writing
[hls @ 0xaaab18bd82d0] Opening '/config/cache/transcodes/e9b9435ebf143c3a6bde27a5ac326a941161.mp4' for writing
[hls @ 0xaaab18bd82d0] Opening '/config/cache/transcodes/e9b9435ebf143c3a6bde27a5ac326a941162.mp4' for writing
[hls @ 0xaaab18bd82d0] Opening '/config/cache/transcodes/e9b9435ebf143c3a6bde27a5ac326a941163.mp4' for writing
[hls @ 0xaaab18bd82d0] Opening '/config/cache/transcodes/e9b9435ebf143c3a6bde27a5ac326a941164.mp4' for writing
[hls @ 0xaaab18bd82d0] Opening '/config/cache/transcodes/e9b9435ebf143c3a6bde27a5ac326a941165.mp4' for writing
[hls @ 0xaaab18bd82d0] Opening '/config/cache/transcodes/e9b9435ebf143c3a6bde27a5ac326a941166.mp4' for writing
[hls @ 0xaaab18bd82d0] Opening '/config/cache/transcodes/e9b9435ebf143c3a6bde27a5ac326a941167.mp4' for writing
[hls @ 0xaaab18bd82d0] Opening '/config/cache/transcodes/e9b9435ebf143c3a6bde27a5ac326a941168.mp4' for writing
[hls @ 0xaaab18bd82d0] Opening '/config/cache/transcodes/e9b9435ebf143c3a6bde27a5ac326a941169.mp4' for writing
[hls @ 0xaaab18bd82d0] Opening '/config/cache/transcodes/e9b9435ebf143c3a6bde27a5ac326a941170.mp4' for writing
[hls @ 0xaaab18bd82d0] Opening '/config/cache/transcodes/e9b9435ebf143c3a6bde27a5ac326a941171.mp4' for writing
[hls @ 0xaaab18bd82d0] Opening '/config/cache/transcodes/e9b9435ebf143c3a6bde27a5ac326a941172.mp4' for writing
[hls @ 0xaaab18bd82d0] Opening '/config/cache/transcodes/e9b9435ebf143c3a6bde27a5ac326a941173.mp4' for writing
[hls @ 0xaaab18bd82d0] Opening '/config/cache/transcodes/e9b9435ebf143c3a6bde27a5ac326a941174.mp4' for writing
[hls @ 0xaaab18bd82d0] Opening '/config/cache/transcodes/e9b9435ebf143c3a6bde27a5ac326a941175.mp4' for writing
[hls @ 0xaaab18bd82d0] Opening '/config/cache/transcodes/e9b9435ebf143c3a6bde27a5ac326a941176.mp4' for writing
[hls @ 0xaaab18bd82d0] Opening '/config/cache/transcodes/e9b9435ebf143c3a6bde27a5ac326a941177.mp4' for writing
[hls @ 0xaaab18bd82d0] Opening '/config/cache/transcodes/e9b9435ebf143c3a6bde27a5ac326a941178.mp4' for writing
[hls @ 0xaaab18bd82d0] Opening '/config/cache/transcodes/e9b9435ebf143c3a6bde27a5ac326a941179.mp4' for writing
[hls @ 0xaaab18bd82d0] Opening '/config/cache/transcodes/e9b9435ebf143c3a6bde27a5ac326a941180.mp4' for writing
[hls @ 0xaaab18bd82d0] Opening '/config/cache/transcodes/e9b9435ebf143c3a6bde27a5ac326a941181.mp4' for writing
[hls @ 0xaaab18bd82d0] Opening '/config/cache/transcodes/e9b9435ebf143c3a6bde27a5ac326a941182.mp4' for writing
[hls @ 0xaaab18bd82d0] Opening '/config/cache/transcodes/e9b9435ebf143c3a6bde27a5ac326a941183.mp4' for writing
[hls @ 0xaaab18bd82d0] Opening '/config/cache/transcodes/e9b9435ebf143c3a6bde27a5ac326a941184.mp4' for writing
[hls @ 0xaaab18bd82d0] Opening '/config/cache/transcodes/e9b9435ebf143c3a6bde27a5ac326a941185.mp4' for writing
[hls @ 0xaaab18bd82d0] Opening '/config/cache/transcodes/e9b9435ebf143c3a6bde27a5ac326a941186.mp4' for writing
[hls @ 0xaaab18bd82d0] Opening '/config/cache/transcodes/e9b9435ebf143c3a6bde27a5ac326a941187.mp4' for writing
[hls @ 0xaaab18bd82d0] Opening '/config/cache/transcodes/e9b9435ebf143c3a6bde27a5ac326a941188.mp4' for writing
[hls @ 0xaaab18bd82d0] Opening '/config/cache/transcodes/e9b9435ebf143c3a6bde27a5ac326a941189.mp4' for writing
[hls @ 0xaaab18bd82d0] Opening '/config/cache/transcodes/e9b9435ebf143c3a6bde27a5ac326a941190.mp4' for writing
[hls @ 0xaaab18bd82d0] Opening '/config/cache/transcodes/e9b9435ebf143c3a6bde27a5ac326a941191.mp4' for writing
[hls @ 0xaaab18bd82d0] Opening '/config/cache/transcodes/e9b9435ebf143c3a6bde27a5ac326a941192.mp4' for writing
[hls @ 0xaaab18bd82d0] Opening '/config/cache/transcodes/e9b9435ebf143c3a6bde27a5ac326a941193.mp4' for writing
[hls @ 0xaaab18bd82d0] Opening '/config/cache/transcodes/e9b9435ebf143c3a6bde27a5ac326a941194.mp4' for writing
[hls @ 0xaaab18bd82d0] Opening '/config/cache/transcodes/e9b9435ebf143c3a6bde27a5ac326a941195.mp4' for writing
[hls @ 0xaaab18bd82d0] Opening '/config/cache/transcodes/e9b9435ebf143c3a6bde27a5ac326a941196.mp4' for writing
[hls @ 0xaaab18bd82d0] Opening '/config/cache/transcodes/e9b9435ebf143c3a6bde27a5ac326a941197.mp4' for writing
[hls @ 0xaaab18bd82d0] Opening '/config/cache/transcodes/e9b9435ebf143c3a6bde27a5ac326a941198.mp4' for writing
[hls @ 0xaaab18bd82d0] Opening '/config/cache/transcodes/e9b9435ebf143c3a6bde27a5ac326a941199.mp4' for writing
[hls @ 0xaaab18bd82d0] Opening '/config/cache/transcodes/e9b9435ebf143c3a6bde27a5ac326a941200.mp4' for writing
[hls @ 0xaaab18bd82d0] Opening '/config/cache/transcodes/e9b9435ebf143c3a6bde27a5ac326a941201.mp4' for writing
[hls @ 0xaaab18bd82d0] Opening '/config/cache/transcodes/e9b9435ebf143c3a6bde27a5ac326a941202.mp4' for writing
[hls @ 0xaaab18bd82d0] Opening '/config/cache/transcodes/e9b9435ebf143c3a6bde27a5ac326a941203.mp4' for writing
[hls @ 0xaaab18bd82d0] Opening '/config/cache/transcodes/e9b9435ebf143c3a6bde27a5ac326a941204.mp4' for writing
[hls @ 0xaaab18bd82d0] Opening '/config/cache/transcodes/e9b9435ebf143c3a6bde27a5ac326a941205.mp4' for writing
[hls @ 0xaaab18bd82d0] Opening '/config/cache/transcodes/e9b9435ebf143c3a6bde27a5ac326a941206.mp4' for writing
[hls @ 0xaaab18bd82d0] Opening '/config/cache/transcodes/e9b9435ebf143c3a6bde27a5ac326a941207.mp4' for writing
[hls @ 0xaaab18bd82d0] Opening '/config/cache/transcodes/e9b9435ebf143c3a6bde27a5ac326a941208.mp4' for writing
[hls @ 0xaaab18bd82d0] Opening '/config/cache/transcodes/e9b9435ebf143c3a6bde27a5ac326a941209.mp4' for writing
[hls @ 0xaaab18bd82d0] Opening '/config/cache/transcodes/e9b9435ebf143c3a6bde27a5ac326a941210.mp4' for writing
[hls @ 0xaaab18bd82d0] Opening '/config/cache/transcodes/e9b9435ebf143c3a6bde27a5ac326a941211.mp4' for writing
[hls @ 0xaaab18bd82d0] Opening '/config/cache/transcodes/e9b9435ebf143c3a6bde27a5ac326a941212.mp4' for writing
[hls @ 0xaaab18bd82d0] Opening '/config/cache/transcodes/e9b9435ebf143c3a6bde27a5ac326a941213.mp4' for writing
[hls @ 0xaaab18bd82d0] Opening '/config/cache/transcodes/e9b9435ebf143c3a6bde27a5ac326a941214.mp4' for writing
[hls @ 0xaaab18bd82d0] Opening '/config/cache/transcodes/e9b9435ebf143c3a6bde27a5ac326a941215.mp4' for writing
[hls @ 0xaaab18bd82d0] Opening '/config/cache/transcodes/e9b9435ebf143c3a6bde27a5ac326a941216.mp4' for writing
[hls @ 0xaaab18bd82d0] Opening '/config/cache/transcodes/e9b9435ebf143c3a6bde27a5ac326a941217.mp4' for writing
[hls @ 0xaaab18bd82d0] Opening '/config/cache/transcodes/e9b9435ebf143c3a6bde27a5ac326a941218.mp4' for writing
[hls @ 0xaaab18bd82d0] Opening '/config/cache/transcodes/e9b9435ebf143c3a6bde27a5ac326a941219.mp4' for writing
[hls @ 0xaaab18bd82d0] Opening '/config/cache/transcodes/e9b9435ebf143c3a6bde27a5ac326a941220.mp4' for writing
[hls @ 0xaaab18bd82d0] Opening '/config/cache/transcodes/e9b9435ebf143c3a6bde27a5ac326a941221.mp4' for writing
[hls @ 0xaaab18bd82d0] Opening '/config/cache/transcodes/e9b9435ebf143c3a6bde27a5ac326a941222.mp4' for writing
[hls @ 0xaaab18bd82d0] Opening '/config/cache/transcodes/e9b9435ebf143c3a6bde27a5ac326a941223.mp4' for writing
[hls @ 0xaaab18bd82d0] Opening '/config/cache/transcodes/e9b9435ebf143c3a6bde27a5ac326a941224.mp4' for writing
[hls @ 0xaaab18bd82d0] Opening '/config/cache/transcodes/e9b9435ebf143c3a6bde27a5ac326a941225.mp4' for writing
[hls @ 0xaaab18bd82d0] Opening '/config/cache/transcodes/e9b9435ebf143c3a6bde27a5ac326a941226.mp4' for writing
[hls @ 0xaaab18bd82d0] Opening '/config/cache/transcodes/e9b9435ebf143c3a6bde27a5ac326a941227.mp4' for writing
[hls @ 0xaaab18bd82d0] Opening '/config/cache/transcodes/e9b9435ebf143c3a6bde27a5ac326a941228.mp4' for writing
[hls @ 0xaaab18bd82d0] Opening '/config/cache/transcodes/e9b9435ebf143c3a6bde27a5ac326a941229.mp4' for writing
[hls @ 0xaaab18bd82d0] Opening '/config/cache/transcodes/e9b9435ebf143c3a6bde27a5ac326a941230.mp4' for writing
[hls @ 0xaaab18bd82d0] Opening '/config/cache/transcodes/e9b9435ebf143c3a6bde27a5ac326a941231.mp4' for writing
[hls @ 0xaaab18bd82d0] Opening '/config/cache/transcodes/e9b9435ebf143c3a6bde27a5ac326a941232.mp4' for writing
[hls @ 0xaaab18bd82d0] Opening '/config/cache/transcodes/e9b9435ebf143c3a6bde27a5ac326a941233.mp4' for writing
[hls @ 0xaaab18bd82d0] Opening '/config/cache/transcodes/e9b9435ebf143c3a6bde27a5ac326a941234.mp4' for writing
[hls @ 0xaaab18bd82d0] Opening '/config/cache/transcodes/e9b9435ebf143c3a6bde27a5ac326a941235.mp4' for writing
[hls @ 0xaaab18bd82d0] Opening '/config/cache/transcodes/e9b9435ebf143c3a6bde27a5ac326a941236.mp4' for writing
[hls @ 0xaaab18bd82d0] Opening '/config/cache/transcodes/e9b9435ebf143c3a6bde27a5ac326a941237.mp4' for writing
frame=178420 fps=29689 q=-1.0 size=N/A time=01:54:54.86 bitrate=N/A speed=1.15e+03x    
[hls @ 0xaaab18bd82d0] Opening '/config/cache/transcodes/e9b9435ebf143c3a6bde27a5ac326a941238.mp4' for writing
[hls @ 0xaaab18bd82d0] Opening '/config/cache/transcodes/e9b9435ebf143c3a6bde27a5ac326a941239.mp4' for writing
[hls @ 0xaaab18bd82d0] Opening '/config/cache/transcodes/e9b9435ebf143c3a6bde27a5ac326a941240.mp4' for writing
[hls @ 0xaaab18bd82d0] Opening '/config/cache/transcodes/e9b9435ebf143c3a6bde27a5ac326a941241.mp4' for writing
[hls @ 0xaaab18bd82d0] Opening '/config/cache/transcodes/e9b9435ebf143c3a6bde27a5ac326a941242.mp4' for writing
[hls @ 0xaaab18bd82d0] Opening '/config/cache/transcodes/e9b9435ebf143c3a6bde27a5ac326a941243.mp4' for writing
[hls @ 0xaaab18bd82d0] Opening '/config/cache/transcodes/e9b9435ebf143c3a6bde27a5ac326a941244.mp4' for writing
[hls @ 0xaaab18bd82d0] Opening '/config/cache/transcodes/e9b9435ebf143c3a6bde27a5ac326a941245.mp4' for writing
[hls @ 0xaaab18bd82d0] Opening '/config/cache/transcodes/e9b9435ebf143c3a6bde27a5ac326a941246.mp4' for writing
[hls @ 0xaaab18bd82d0] Opening '/config/cache/transcodes/e9b9435ebf143c3a6bde27a5ac326a941247.mp4' for writing
[hls @ 0xaaab18bd82d0] Opening '/config/cache/transcodes/e9b9435ebf143c3a6bde27a5ac326a941248.mp4' for writing
[hls @ 0xaaab18bd82d0] Opening '/config/cache/transcodes/e9b9435ebf143c3a6bde27a5ac326a941249.mp4' for writing
[hls @ 0xaaab18bd82d0] Opening '/config/cache/transcodes/e9b9435ebf143c3a6bde27a5ac326a941250.mp4' for writing
[hls @ 0xaaab18bd82d0] Opening '/config/cache/transcodes/e9b9435ebf143c3a6bde27a5ac326a941251.mp4' for writing
[hls @ 0xaaab18bd82d0] Opening '/config/cache/transcodes/e9b9435ebf143c3a6bde27a5ac326a941252.mp4' for writing
[hls @ 0xaaab18bd82d0] Opening '/config/cache/transcodes/e9b9435ebf143c3a6bde27a5ac326a941253.mp4' for writing
[hls @ 0xaaab18bd82d0] Opening '/config/cache/transcodes/e9b9435ebf143c3a6bde27a5ac326a941254.mp4' for writing
[hls @ 0xaaab18bd82d0] Opening '/config/cache/transcodes/e9b9435ebf143c3a6bde27a5ac326a941255.mp4' for writing
[hls @ 0xaaab18bd82d0] Opening '/config/cache/transcodes/e9b9435ebf143c3a6bde27a5ac326a941256.mp4' for writing
[hls @ 0xaaab18bd82d0] Opening '/config/cache/transcodes/e9b9435ebf143c3a6bde27a5ac326a941257.mp4' for writing
[hls @ 0xaaab18bd82d0] Opening '/config/cache/transcodes/e9b9435ebf143c3a6bde27a5ac326a941258.mp4' for writing
[hls @ 0xaaab18bd82d0] Opening '/config/cache/transcodes/e9b9435ebf143c3a6bde27a5ac326a941259.mp4' for writing
[hls @ 0xaaab18bd82d0] Opening '/config/cache/transcodes/e9b9435ebf143c3a6bde27a5ac326a941260.mp4' for writing
[hls @ 0xaaab18bd82d0] Opening '/config/cache/transcodes/e9b9435ebf143c3a6bde27a5ac326a941261.mp4' for writing
[hls @ 0xaaab18bd82d0] Opening '/config/cache/transcodes/e9b9435ebf143c3a6bde27a5ac326a941262.mp4' for writing
[hls @ 0xaaab18bd82d0] Opening '/config/cache/transcodes/e9b9435ebf143c3a6bde27a5ac326a941263.mp4' for writing
[hls @ 0xaaab18bd82d0] Opening '/config/cache/transcodes/e9b9435ebf143c3a6bde27a5ac326a941264.mp4' for writing
[hls @ 0xaaab18bd82d0] Opening '/config/cache/transcodes/e9b9435ebf143c3a6bde27a5ac326a941265.mp4' for writing
[hls @ 0xaaab18bd82d0] Opening '/config/cache/transcodes/e9b9435ebf143c3a6bde27a5ac326a941266.mp4' for writing
[hls @ 0xaaab18bd82d0] Opening '/config/cache/transcodes/e9b9435ebf143c3a6bde27a5ac326a941267.mp4' for writing
[hls @ 0xaaab18bd82d0] Opening '/config/cache/transcodes/e9b9435ebf143c3a6bde27a5ac326a941268.mp4' for writing
[hls @ 0xaaab18bd82d0] Opening '/config/cache/transcodes/e9b9435ebf143c3a6bde27a5ac326a941269.mp4' for writing
[hls @ 0xaaab18bd82d0] Opening '/config/cache/transcodes/e9b9435ebf143c3a6bde27a5ac326a941270.mp4' for writing
[hls @ 0xaaab18bd82d0] Opening '/config/cache/transcodes/e9b9435ebf143c3a6bde27a5ac326a941271.mp4' for writing
[hls @ 0xaaab18bd82d0] Opening '/config/cache/transcodes/e9b9435ebf143c3a6bde27a5ac326a941272.mp4' for writing
[hls @ 0xaaab18bd82d0] Opening '/config/cache/transcodes/e9b9435ebf143c3a6bde27a5ac326a941273.mp4' for writing
[hls @ 0xaaab18bd82d0] Opening '/config/cache/transcodes/e9b9435ebf143c3a6bde27a5ac326a941274.mp4' for writing
[hls @ 0xaaab18bd82d0] Opening '/config/cache/transcodes/e9b9435ebf143c3a6bde27a5ac326a941275.mp4' for writing
[hls @ 0xaaab18bd82d0] Opening '/config/cache/transcodes/e9b9435ebf143c3a6bde27a5ac326a941276.mp4' for writing
[hls @ 0xaaab18bd82d0] Opening '/config/cache/transcodes/e9b9435ebf143c3a6bde27a5ac326a941277.mp4' for writing
[hls @ 0xaaab18bd82d0] Opening '/config/cache/transcodes/e9b9435ebf143c3a6bde27a5ac326a941278.mp4' for writing
[hls @ 0xaaab18bd82d0] Opening '/config/cache/transcodes/e9b9435ebf143c3a6bde27a5ac326a941279.mp4' for writing
[hls @ 0xaaab18bd82d0] Opening '/config/cache/transcodes/e9b9435ebf143c3a6bde27a5ac326a941280.mp4' for writing
[hls @ 0xaaab18bd82d0] Opening '/config/cache/transcodes/e9b9435ebf143c3a6bde27a5ac326a941281.mp4' for writing
[hls @ 0xaaab18bd82d0] Opening '/config/cache/transcodes/e9b9435ebf143c3a6bde27a5ac326a941282.mp4' for writing
[hls @ 0xaaab18bd82d0] Opening '/config/cache/transcodes/e9b9435ebf143c3a6bde27a5ac326a941283.mp4' for writing
[hls @ 0xaaab18bd82d0] Opening '/config/cache/transcodes/e9b9435ebf143c3a6bde27a5ac326a941284.mp4' for writing
[hls @ 0xaaab18bd82d0] Opening '/config/cache/transcodes/e9b9435ebf143c3a6bde27a5ac326a941285.mp4' for writing
[hls @ 0xaaab18bd82d0] Opening '/config/cache/transcodes/e9b9435ebf143c3a6bde27a5ac326a941286.mp4' for writing
[hls @ 0xaaab18bd82d0] Opening '/config/cache/transcodes/e9b9435ebf143c3a6bde27a5ac326a941287.mp4' for writing
[hls @ 0xaaab18bd82d0] Opening '/config/cache/transcodes/e9b9435ebf143c3a6bde27a5ac326a941288.mp4' for writing
[hls @ 0xaaab18bd82d0] Opening '/config/cache/transcodes/e9b9435ebf143c3a6bde27a5ac326a941289.mp4' for writing
[hls @ 0xaaab18bd82d0] Opening '/config/cache/transcodes/e9b9435ebf143c3a6bde27a5ac326a941290.mp4' for writing
[hls @ 0xaaab18bd82d0] Opening '/config/cache/transcodes/e9b9435ebf143c3a6bde27a5ac326a941291.mp4' for writing
[hls @ 0xaaab18bd82d0] Opening '/config/cache/transcodes/e9b9435ebf143c3a6bde27a5ac326a941292.mp4' for writing
[hls @ 0xaaab18bd82d0] Opening '/config/cache/transcodes/e9b9435ebf143c3a6bde27a5ac326a941293.mp4' for writing
[hls @ 0xaaab18bd82d0] Opening '/config/cache/transcodes/e9b9435ebf143c3a6bde27a5ac326a941294.mp4' for writing
[hls @ 0xaaab18bd82d0] Opening '/config/cache/transcodes/e9b9435ebf143c3a6bde27a5ac326a941295.mp4' for writing
[hls @ 0xaaab18bd82d0] Opening '/config/cache/transcodes/e9b9435ebf143c3a6bde27a5ac326a941296.mp4' for writing
[hls @ 0xaaab18bd82d0] Opening '/config/cache/transcodes/e9b9435ebf143c3a6bde27a5ac326a941297.mp4' for writing
[hls @ 0xaaab18bd82d0] Opening '/config/cache/transcodes/e9b9435ebf143c3a6bde27a5ac326a941298.mp4' for writing
[hls @ 0xaaab18bd82d0] Opening '/config/cache/transcodes/e9b9435ebf143c3a6bde27a5ac326a941299.mp4' for writing
[hls @ 0xaaab18bd82d0] Opening '/config/cache/transcodes/e9b9435ebf143c3a6bde27a5ac326a941300.mp4' for writing
[hls @ 0xaaab18bd82d0] Opening '/config/cache/transcodes/e9b9435ebf143c3a6bde27a5ac326a941301.mp4' for writing
[hls @ 0xaaab18bd82d0] Opening '/config/cache/transcodes/e9b9435ebf143c3a6bde27a5ac326a941302.mp4' for writing
[hls @ 0xaaab18bd82d0] Opening '/config/cache/transcodes/e9b9435ebf143c3a6bde27a5ac326a941303.mp4' for writing
[hls @ 0xaaab18bd82d0] Opening '/config/cache/transcodes/e9b9435ebf143c3a6bde27a5ac326a941304.mp4' for writing
[hls @ 0xaaab18bd82d0] Opening '/config/cache/transcodes/e9b9435ebf143c3a6bde27a5ac326a941305.mp4' for writing
[hls @ 0xaaab18bd82d0] Opening '/config/cache/transcodes/e9b9435ebf143c3a6bde27a5ac326a941306.mp4' for writing
[hls @ 0xaaab18bd82d0] Opening '/config/cache/transcodes/e9b9435ebf143c3a6bde27a5ac326a941307.mp4' for writing
[hls @ 0xaaab18bd82d0] Opening '/config/cache/transcodes/e9b9435ebf143c3a6bde27a5ac326a941308.mp4' for writing
[hls @ 0xaaab18bd82d0] Opening '/config/cache/transcodes/e9b9435ebf143c3a6bde27a5ac326a941309.mp4' for writing
[hls @ 0xaaab18bd82d0] Opening '/config/cache/transcodes/e9b9435ebf143c3a6bde27a5ac326a941310.mp4' for writing
[hls @ 0xaaab18bd82d0] Opening '/config/cache/transcodes/e9b9435ebf143c3a6bde27a5ac326a941311.mp4' for writing
[hls @ 0xaaab18bd82d0] Opening '/config/cache/transcodes/e9b9435ebf143c3a6bde27a5ac326a941312.mp4' for writing
[hls @ 0xaaab18bd82d0] Opening '/config/cache/transcodes/e9b9435ebf143c3a6bde27a5ac326a941313.mp4' for writing
[hls @ 0xaaab18bd82d0] Opening '/config/cache/transcodes/e9b9435ebf143c3a6bde27a5ac326a941314.mp4' for writing
[hls @ 0xaaab18bd82d0] Opening '/config/cache/transcodes/e9b9435ebf143c3a6bde27a5ac326a941315.mp4' for writing
[hls @ 0xaaab18bd82d0] Opening '/config/cache/transcodes/e9b9435ebf143c3a6bde27a5ac326a941316.mp4' for writing
[hls @ 0xaaab18bd82d0] Opening '/config/cache/transcodes/e9b9435ebf143c3a6bde27a5ac326a941317.mp4' for writing
[hls @ 0xaaab18bd82d0] Opening '/config/cache/transcodes/e9b9435ebf143c3a6bde27a5ac326a941318.mp4' for writing
[hls @ 0xaaab18bd82d0] Opening '/config/cache/transcodes/e9b9435ebf143c3a6bde27a5ac326a941319.mp4' for writing
[hls @ 0xaaab18bd82d0] Opening '/config/cache/transcodes/e9b9435ebf143c3a6bde27a5ac326a941320.mp4' for writing
frame=190239 fps=29220 q=-1.0 size=N/A time=02:03:07.41 bitrate=N/A speed=1.13e+03x    
[hls @ 0xaaab18bd82d0] Opening '/config/cache/transcodes/e9b9435ebf143c3a6bde27a5ac326a941321.mp4' for writing
[hls @ 0xaaab18bd82d0] Opening '/config/cache/transcodes/e9b9435ebf143c3a6bde27a5ac326a941322.mp4' for writing
[hls @ 0xaaab18bd82d0] Opening '/config/cache/transcodes/e9b9435ebf143c3a6bde27a5ac326a941323.mp4' for writing
[hls @ 0xaaab18bd82d0] Opening '/config/cache/transcodes/e9b9435ebf143c3a6bde27a5ac326a941324.mp4' for writing
[hls @ 0xaaab18bd82d0] Opening '/config/cache/transcodes/e9b9435ebf143c3a6bde27a5ac326a941325.mp4' for writing
[hls @ 0xaaab18bd82d0] Opening '/config/cache/transcodes/e9b9435ebf143c3a6bde27a5ac326a941326.mp4' for writing
[hls @ 0xaaab18bd82d0] Opening '/config/cache/transcodes/e9b9435ebf143c3a6bde27a5ac326a941327.mp4' for writing
[hls @ 0xaaab18bd82d0] Opening '/config/cache/transcodes/e9b9435ebf143c3a6bde27a5ac326a941328.mp4' for writing
[hls @ 0xaaab18bd82d0] Opening '/config/cache/transcodes/e9b9435ebf143c3a6bde27a5ac326a941329.mp4' for writing
[hls @ 0xaaab18bd82d0] Opening '/config/cache/transcodes/e9b9435ebf143c3a6bde27a5ac326a941330.mp4' for writing
[hls @ 0xaaab18bd82d0] Opening '/config/cache/transcodes/e9b9435ebf143c3a6bde27a5ac326a941331.mp4' for writing
[hls @ 0xaaab18bd82d0] Opening '/config/cache/transcodes/e9b9435ebf143c3a6bde27a5ac326a941332.mp4' for writing
[hls @ 0xaaab18bd82d0] Opening '/config/cache/transcodes/e9b9435ebf143c3a6bde27a5ac326a941333.mp4' for writing
[hls @ 0xaaab18bd82d0] Opening '/config/cache/transcodes/e9b9435ebf143c3a6bde27a5ac326a941334.mp4' for writing
[hls @ 0xaaab18bd82d0] Opening '/config/cache/transcodes/e9b9435ebf143c3a6bde27a5ac326a941335.mp4' for writing
[hls @ 0xaaab18bd82d0] Opening '/config/cache/transcodes/e9b9435ebf143c3a6bde27a5ac326a941336.mp4' for writing
[hls @ 0xaaab18bd82d0] Opening '/config/cache/transcodes/e9b9435ebf143c3a6bde27a5ac326a941337.mp4' for writing
[hls @ 0xaaab18bd82d0] Opening '/config/cache/transcodes/e9b9435ebf143c3a6bde27a5ac326a941338.mp4' for writing
[hls @ 0xaaab18bd82d0] Opening '/config/cache/transcodes/e9b9435ebf143c3a6bde27a5ac326a941339.mp4' for writing
[hls @ 0xaaab18bd82d0] Opening '/config/cache/transcodes/e9b9435ebf143c3a6bde27a5ac326a941340.mp4' for writing
[hls @ 0xaaab18bd82d0] Opening '/config/cache/transcodes/e9b9435ebf143c3a6bde27a5ac326a941341.mp4' for writing
[hls @ 0xaaab18bd82d0] Opening '/config/cache/transcodes/e9b9435ebf143c3a6bde27a5ac326a941342.mp4' for writing
[hls @ 0xaaab18bd82d0] Opening '/config/cache/transcodes/e9b9435ebf143c3a6bde27a5ac326a941343.mp4' for writing
[hls @ 0xaaab18bd82d0] Opening '/config/cache/transcodes/e9b9435ebf143c3a6bde27a5ac326a941344.mp4' for writing
[hls @ 0xaaab18bd82d0] Opening '/config/cache/transcodes/e9b9435ebf143c3a6bde27a5ac326a941345.mp4' for writing
[hls @ 0xaaab18bd82d0] Opening '/config/cache/transcodes/e9b9435ebf143c3a6bde27a5ac326a941346.mp4' for writing
[hls @ 0xaaab18bd82d0] Opening '/config/cache/transcodes/e9b9435ebf143c3a6bde27a5ac326a941347.mp4' for writing
[hls @ 0xaaab18bd82d0] Opening '/config/cache/transcodes/e9b9435ebf143c3a6bde27a5ac326a941348.mp4' for writing
[hls @ 0xaaab18bd82d0] Opening '/config/cache/transcodes/e9b9435ebf143c3a6bde27a5ac326a941349.mp4' for writing
[hls @ 0xaaab18bd82d0] Opening '/config/cache/transcodes/e9b9435ebf143c3a6bde27a5ac326a941350.mp4' for writing
[hls @ 0xaaab18bd82d0] Opening '/config/cache/transcodes/e9b9435ebf143c3a6bde27a5ac326a941351.mp4' for writing
[hls @ 0xaaab18bd82d0] Opening '/config/cache/transcodes/e9b9435ebf143c3a6bde27a5ac326a941352.mp4' for writing
[hls @ 0xaaab18bd82d0] Opening '/config/cache/transcodes/e9b9435ebf143c3a6bde27a5ac326a941353.mp4' for writing
[hls @ 0xaaab18bd82d0] Opening '/config/cache/transcodes/e9b9435ebf143c3a6bde27a5ac326a941354.mp4' for writing
[hls @ 0xaaab18bd82d0] Opening '/config/cache/transcodes/e9b9435ebf143c3a6bde27a5ac326a941355.mp4' for writing
[hls @ 0xaaab18bd82d0] Opening '/config/cache/transcodes/e9b9435ebf143c3a6bde27a5ac326a941356.mp4' for writing
[hls @ 0xaaab18bd82d0] Opening '/config/cache/transcodes/e9b9435ebf143c3a6bde27a5ac326a941357.mp4' for writing
[hls @ 0xaaab18bd82d0] Opening '/config/cache/transcodes/e9b9435ebf143c3a6bde27a5ac326a941358.mp4' for writing
[hls @ 0xaaab18bd82d0] Opening '/config/cache/transcodes/e9b9435ebf143c3a6bde27a5ac326a941359.mp4' for writing
[hls @ 0xaaab18bd82d0] Opening '/config/cache/transcodes/e9b9435ebf143c3a6bde27a5ac326a941360.mp4' for writing
[hls @ 0xaaab18bd82d0] Opening '/config/cache/transcodes/e9b9435ebf143c3a6bde27a5ac326a941361.mp4' for writing
[hls @ 0xaaab18bd82d0] Opening '/config/cache/transcodes/e9b9435ebf143c3a6bde27a5ac326a941362.mp4' for writing
[hls @ 0xaaab18bd82d0] Opening '/config/cache/transcodes/e9b9435ebf143c3a6bde27a5ac326a941363.mp4' for writing
[hls @ 0xaaab18bd82d0] Opening '/config/cache/transcodes/e9b9435ebf143c3a6bde27a5ac326a941364.mp4' for writing
[hls @ 0xaaab18bd82d0] Opening '/config/cache/transcodes/e9b9435ebf143c3a6bde27a5ac326a941365.mp4' for writing
[hls @ 0xaaab18bd82d0] Opening '/config/cache/transcodes/e9b9435ebf143c3a6bde27a5ac326a941366.mp4' for writing
[hls @ 0xaaab18bd82d0] Opening '/config/cache/transcodes/e9b9435ebf143c3a6bde27a5ac326a941367.mp4' for writing
[hls @ 0xaaab18bd82d0] Opening '/config/cache/transcodes/e9b9435ebf143c3a6bde27a5ac326a941368.mp4' for writing
[hls @ 0xaaab18bd82d0] Opening '/config/cache/transcodes/e9b9435ebf143c3a6bde27a5ac326a941369.mp4' for writing
[hls @ 0xaaab18bd82d0] Opening '/config/cache/transcodes/e9b9435ebf143c3a6bde27a5ac326a941370.mp4' for writing
[hls @ 0xaaab18bd82d0] Opening '/config/cache/transcodes/e9b9435ebf143c3a6bde27a5ac326a941371.mp4' for writing
[hls @ 0xaaab18bd82d0] Opening '/config/cache/transcodes/e9b9435ebf143c3a6bde27a5ac326a941372.mp4' for writing
[hls @ 0xaaab18bd82d0] Opening '/config/cache/transcodes/e9b9435ebf143c3a6bde27a5ac326a941373.mp4' for writing
[hls @ 0xaaab18bd82d0] Opening '/config/cache/transcodes/e9b9435ebf143c3a6bde27a5ac326a941374.mp4' for writing
[hls @ 0xaaab18bd82d0] Opening '/config/cache/transcodes/e9b9435ebf143c3a6bde27a5ac326a941375.mp4' for writing
[hls @ 0xaaab18bd82d0] Opening '/config/cache/transcodes/e9b9435ebf143c3a6bde27a5ac326a941376.mp4' for writing
[hls @ 0xaaab18bd82d0] Opening '/config/cache/transcodes/e9b9435ebf143c3a6bde27a5ac326a941377.mp4' for writing
[hls @ 0xaaab18bd82d0] Opening '/config/cache/transcodes/e9b9435ebf143c3a6bde27a5ac326a941378.mp4' for writing
[hls @ 0xaaab18bd82d0] Opening '/config/cache/transcodes/e9b9435ebf143c3a6bde27a5ac326a941379.mp4' for writing
[hls @ 0xaaab18bd82d0] Opening '/config/cache/transcodes/e9b9435ebf143c3a6bde27a5ac326a941380.mp4' for writing
[hls @ 0xaaab18bd82d0] Opening '/config/cache/transcodes/e9b9435ebf143c3a6bde27a5ac326a941381.mp4' for writing
[hls @ 0xaaab18bd82d0] Opening '/config/cache/transcodes/e9b9435ebf143c3a6bde27a5ac326a941382.mp4' for writing
[hls @ 0xaaab18bd82d0] Opening '/config/cache/transcodes/e9b9435ebf143c3a6bde27a5ac326a941383.mp4' for writing
[hls @ 0xaaab18bd82d0] Opening '/config/cache/transcodes/e9b9435ebf143c3a6bde27a5ac326a941384.mp4' for writing
[hls @ 0xaaab18bd82d0] Opening '/config/cache/transcodes/e9b9435ebf143c3a6bde27a5ac326a941385.mp4' for writing
[hls @ 0xaaab18bd82d0] Opening '/config/cache/transcodes/e9b9435ebf143c3a6bde27a5ac326a941386.mp4' for writing
[hls @ 0xaaab18bd82d0] Opening '/config/cache/transcodes/e9b9435ebf143c3a6bde27a5ac326a941387.mp4' for writing
[hls @ 0xaaab18bd82d0] Opening '/config/cache/transcodes/e9b9435ebf143c3a6bde27a5ac326a941388.mp4' for writing
[hls @ 0xaaab18bd82d0] Opening '/config/cache/transcodes/e9b9435ebf143c3a6bde27a5ac326a941389.mp4' for writing
[hls @ 0xaaab18bd82d0] Opening '/config/cache/transcodes/e9b9435ebf143c3a6bde27a5ac326a941390.mp4' for writing
[hls @ 0xaaab18bd82d0] Opening '/config/cache/transcodes/e9b9435ebf143c3a6bde27a5ac326a941391.mp4' for writing
[hls @ 0xaaab18bd82d0] Opening '/config/cache/transcodes/e9b9435ebf143c3a6bde27a5ac326a941392.mp4' for writing
[hls @ 0xaaab18bd82d0] Opening '/config/cache/transcodes/e9b9435ebf143c3a6bde27a5ac326a941393.mp4' for writing
[hls @ 0xaaab18bd82d0] Opening '/config/cache/transcodes/e9b9435ebf143c3a6bde27a5ac326a941394.mp4' for writing
[hls @ 0xaaab18bd82d0] Opening '/config/cache/transcodes/e9b9435ebf143c3a6bde27a5ac326a941395.mp4' for writing
[hls @ 0xaaab18bd82d0] Opening '/config/cache/transcodes/e9b9435ebf143c3a6bde27a5ac326a941396.mp4' for writing
[hls @ 0xaaab18bd82d0] Opening '/config/cache/transcodes/e9b9435ebf143c3a6bde27a5ac326a941397.mp4' for writing
[hls @ 0xaaab18bd82d0] Opening '/config/cache/transcodes/e9b9435ebf143c3a6bde27a5ac326a941398.mp4' for writing
[hls @ 0xaaab18bd82d0] Opening '/config/cache/transcodes/e9b9435ebf143c3a6bde27a5ac326a941399.mp4' for writing
[hls @ 0xaaab18bd82d0] Opening '/config/cache/transcodes/e9b9435ebf143c3a6bde27a5ac326a941400.mp4' for writing
[hls @ 0xaaab18bd82d0] Opening '/config/cache/transcodes/e9b9435ebf143c3a6bde27a5ac326a941401.mp4' for writing
[hls @ 0xaaab18bd82d0] Opening '/config/cache/transcodes/e9b9435ebf143c3a6bde27a5ac326a941402.mp4' for writing
[hls @ 0xaaab18bd82d0] Opening '/config/cache/transcodes/e9b9435ebf143c3a6bde27a5ac326a941403.mp4' for writing
[hls @ 0xaaab18bd82d0] Opening '/config/cache/transcodes/e9b9435ebf143c3a6bde27a5ac326a941404.mp4' for writing
[hls @ 0xaaab18bd82d0] Opening '/config/cache/transcodes/e9b9435ebf143c3a6bde27a5ac326a941405.mp4' for writing
[hls @ 0xaaab18bd82d0] Opening '/config/cache/transcodes/e9b9435ebf143c3a6bde27a5ac326a941406.mp4' for writing
[hls @ 0xaaab18bd82d0] Opening '/config/cache/transcodes/e9b9435ebf143c3a6bde27a5ac326a941407.mp4' for writing
[hls @ 0xaaab18bd82d0] Opening '/config/cache/transcodes/e9b9435ebf143c3a6bde27a5ac326a941408.mp4' for writing
[hls @ 0xaaab18bd82d0] Opening '/config/cache/transcodes/e9b9435ebf143c3a6bde27a5ac326a941409.mp4' for writing
[hls @ 0xaaab18bd82d0] Opening '/config/cache/transcodes/e9b9435ebf143c3a6bde27a5ac326a941410.mp4' for writing
[hls @ 0xaaab18bd82d0] Opening '/config/cache/transcodes/e9b9435ebf143c3a6bde27a5ac326a941411.mp4' for writing
[hls @ 0xaaab18bd82d0] Opening '/config/cache/transcodes/e9b9435ebf143c3a6bde27a5ac326a941412.mp4' for writing
[hls @ 0xaaab18bd82d0] Opening '/config/cache/transcodes/e9b9435ebf143c3a6bde27a5ac326a941413.mp4' for writing
[hls @ 0xaaab18bd82d0] Opening '/config/cache/transcodes/e9b9435ebf143c3a6bde27a5ac326a941414.mp4' for writing
[hls @ 0xaaab18bd82d0] Opening '/config/cache/transcodes/e9b9435ebf143c3a6bde27a5ac326a941415.mp4' for writing
[hls @ 0xaaab18bd82d0] Opening '/config/cache/transcodes/e9b9435ebf143c3a6bde27a5ac326a941416.mp4' for writing
[hls @ 0xaaab18bd82d0] Opening '/config/cache/transcodes/e9b9435ebf143c3a6bde27a5ac326a941417.mp4' for writing
[hls @ 0xaaab18bd82d0] Opening '/config/cache/transcodes/e9b9435ebf143c3a6bde27a5ac326a941418.mp4' for writing
[hls @ 0xaaab18bd82d0] Opening '/config/cache/transcodes/e9b9435ebf143c3a6bde27a5ac326a941419.mp4' for writing
[hls @ 0xaaab18bd82d0] Opening '/config/cache/transcodes/e9b9435ebf143c3a6bde27a5ac326a941420.mp4' for writing
[hls @ 0xaaab18bd82d0] Opening '/config/cache/transcodes/e9b9435ebf143c3a6bde27a5ac326a941421.mp4' for writing
[hls @ 0xaaab18bd82d0] Opening '/config/cache/transcodes/e9b9435ebf143c3a6bde27a5ac326a941422.mp4' for writing
[hls @ 0xaaab18bd82d0] Opening '/config/cache/transcodes/e9b9435ebf143c3a6bde27a5ac326a941423.mp4' for writing
[hls @ 0xaaab18bd82d0] Opening '/config/cache/transcodes/e9b9435ebf143c3a6bde27a5ac326a941424.mp4' for writing
[hls @ 0xaaab18bd82d0] Opening '/config/cache/transcodes/e9b9435ebf143c3a6bde27a5ac326a941425.mp4' for writing
[hls @ 0xaaab18bd82d0] Opening '/config/cache/transcodes/e9b9435ebf143c3a6bde27a5ac326a941426.mp4' for writing
[hls @ 0xaaab18bd82d0] Opening '/config/cache/transcodes/e9b9435ebf143c3a6bde27a5ac326a941427.mp4' for writing
[hls @ 0xaaab18bd82d0] Opening '/config/cache/transcodes/e9b9435ebf143c3a6bde27a5ac326a941428.mp4' for writing
[hls @ 0xaaab18bd82d0] Opening '/config/cache/transcodes/e9b9435ebf143c3a6bde27a5ac326a941429.mp4' for writing
[hls @ 0xaaab18bd82d0] Opening '/config/cache/transcodes/e9b9435ebf143c3a6bde27a5ac326a941430.mp4' for writing
[hls @ 0xaaab18bd82d0] Opening '/config/cache/transcodes/e9b9435ebf143c3a6bde27a5ac326a941431.mp4' for writing
[hls @ 0xaaab18bd82d0] Opening '/config/cache/transcodes/e9b9435ebf143c3a6bde27a5ac326a941432.mp4' for writing
[hls @ 0xaaab18bd82d0] Opening '/config/cache/transcodes/e9b9435ebf143c3a6bde27a5ac326a941433.mp4' for writing
[hls @ 0xaaab18bd82d0] Opening '/config/cache/transcodes/e9b9435ebf143c3a6bde27a5ac326a941434.mp4' for writing
[out#0/hls @ 0xaaab18beb100] video:1765006KiB audio:270636KiB subtitle:0KiB other streams:0KiB global headers:2KiB muxing overhead: unknown
frame=207328 fps=30319 q=-1.0 Lsize=N/A time=02:14:59.36 bitrate=N/A speed=1.18e+03x    