{"Protocol":0,"Id":"df07b371a368c4f750ac3bfd013b42b4","Path":"/data/media/movies/Ne Zha 2 (2025)/Ne Zha 2 2025 1080p Chinese WEB-DL HEVC x265 5.1 BONE.mkv","EncoderPath":null,"EncoderProtocol":null,"Type":0,"Container":"mkv","Size":2083164888,"Name":"Ne Zha 2 2025 1080p Chinese WEB-DL HEVC x265 5.1 BONE","IsRemote":false,"ETag":"8f7b9d4c21b953ec524d830f9a2db004","RunTimeTicks":86387410000,"ReadAtNativeFramerate":false,"IgnoreDts":false,"IgnoreIndex":false,"GenPtsInput":false,"SupportsTranscoding":true,"SupportsDirectStream":true,"SupportsDirectPlay":true,"IsInfiniteStream":false,"UseMostCompatibleTranscodingProfile":false,"RequiresOpening":false,"OpenToken":null,"RequiresClosing":false,"LiveStreamId":null,"BufferMs":null,"RequiresLooping":false,"SupportsProbing":true,"VideoType":0,"IsoType":null,"Video3DFormat":null,"MediaStreams":[{"Codec":"hevc","CodecTag":null,"Language":null,"ColorRange":null,"ColorSpace":"bt709","ColorTransfer":"bt709","ColorPrimaries":"bt709","DvVersionMajor":null,"DvVersionMinor":null,"DvProfile":null,"DvLevel":null,"RpuPresentFlag":null,"ElPresentFlag":null,"BlPresentFlag":null,"DvBlSignalCompatibilityId":null,"Rotation":null,"Comment":null,"TimeBase":"1/1000","CodecTimeBase":null,"Title":null,"Hdr10PlusPresentFlag":null,"VideoRange":1,"VideoRangeType":1,"VideoDoViTitle":null,"AudioSpatialFormat":0,"LocalizedUndefined":null,"LocalizedDefault":null,"LocalizedForced":null,"LocalizedExternal":null,"LocalizedHearingImpaired":null,"DisplayTitle":"1080p HEVC SDR","NalLengthSize":null,"IsInterlaced":false,"IsAVC":false,"ChannelLayout":null,"BitRate":1929137,"BitDepth":8,"RefFrames":1,"PacketLength":null,"Channels":null,"SampleRate":null,"IsDefault":true,"IsForced":false,"IsHearingImpaired":false,"Height":804,"Width":1920,"AverageFrameRate":24,"RealFrameRate":24,"ReferenceFrameRate":24,"Profile":"Main","Type":1,"AspectRatio":"2.40:1","Index":0,"Score":null,"IsExternal":false,"DeliveryMethod":null,"DeliveryUrl":null,"IsExternalUrl":null,"IsTextSubtitleStream":false,"SupportsExternalStream":false,"Path":null,"PixelFormat":"yuv420p","Level":120,"IsAnamorphic":false},{"Codec":"aac","CodecTag":null,"Language":"zho","ColorRange":null,"ColorSpace":null,"ColorTransfer":null,"ColorPrimaries":null,"DvVersionMajor":null,"DvVersionMinor":null,"DvProfile":null,"DvLevel":null,"RpuPresentFlag":null,"ElPresentFlag":null,"BlPresentFlag":null,"DvBlSignalCompatibilityId":null,"Rotation":null,"Comment":null,"TimeBase":"1/1000","CodecTimeBase":null,"Title":"\u675C\u6BD4\u97F3\u6548,\u666E\u901A\u8BDD","Hdr10PlusPresentFlag":null,"VideoRange":0,"VideoRangeType":0,"VideoDoViTitle":null,"AudioSpatialFormat":0,"LocalizedUndefined":null,"LocalizedDefault":"Default","LocalizedForced":null,"LocalizedExternal":"External","LocalizedHearingImpaired":null,"DisplayTitle":"\u675C\u6BD4\u97F3\u6548,\u666E\u901A\u8BDD - Chinese - AAC - 5.1 - Default","NalLengthSize":null,"IsInterlaced":false,"IsAVC":false,"ChannelLayout":"5.1","BitRate":320000,"BitDepth":null,"RefFrames":null,"PacketLength":null,"Channels":6,"SampleRate":48000,"IsDefault":true,"IsForced":false,"IsHearingImpaired":false,"Height":null,"Width":null,"AverageFrameRate":null,"RealFrameRate":null,"ReferenceFrameRate":null,"Profile":"LC","Type":0,"AspectRatio":null,"Index":1,"Score":null,"IsExternal":false,"DeliveryMethod":null,"DeliveryUrl":null,"IsExternalUrl":null,"IsTextSubtitleStream":false,"SupportsExternalStream":false,"Path":null,"PixelFormat":null,"Level":0,"IsAnamorphic":null},{"Codec":"ass","CodecTag":null,"Language":"eng","ColorRange":null,"ColorSpace":null,"ColorTransfer":null,"ColorPrimaries":null,"DvVersionMajor":null,"DvVersionMinor":null,"DvProfile":null,"DvLevel":null,"RpuPresentFlag":null,"ElPresentFlag":null,"BlPresentFlag":null,"DvBlSignalCompatibilityId":null,"Rotation":null,"Comment":null,"TimeBase":"1/1000","CodecTimeBase":null,"Title":null,"Hdr10PlusPresentFlag":null,"VideoRange":0,"VideoRangeType":0,"VideoDoViTitle":null,"AudioSpatialFormat":0,"LocalizedUndefined":"Undefined","LocalizedDefault":"Default","LocalizedForced":"Forced","LocalizedExternal":"External","LocalizedHearingImpaired":"Hearing Impaired","DisplayTitle":"English - ASS","NalLengthSize":null,"IsInterlaced":false,"IsAVC":false,"ChannelLayout":null,"BitRate":null,"BitDepth":null,"RefFrames":null,"PacketLength":null,"Channels":null,"SampleRate":null,"IsDefault":false,"IsForced":false,"IsHearingImpaired":false,"Height":0,"Width":0,"AverageFrameRate":null,"RealFrameRate":null,"ReferenceFrameRate":null,"Profile":null,"Type":2,"AspectRatio":null,"Index":2,"Score":null,"IsExternal":false,"DeliveryMethod":null,"DeliveryUrl":null,"IsExternalUrl":null,"IsTextSubtitleStream":true,"SupportsExternalStream":true,"Path":null,"PixelFormat":null,"Level":0,"IsAnamorphic":null},{"Codec":"ass","CodecTag":null,"Language":"zho","ColorRange":null,"ColorSpace":null,"ColorTransfer":null,"ColorPrimaries":null,"DvVersionMajor":null,"DvVersionMinor":null,"DvProfile":null,"DvLevel":null,"RpuPresentFlag":null,"ElPresentFlag":null,"BlPresentFlag":null,"DvBlSignalCompatibilityId":null,"Rotation":null,"Comment":null,"TimeBase":"1/1000","CodecTimeBase":null,"Title":"\u7B80\u4F53\u4E2D\u6587","Hdr10PlusPresentFlag":null,"VideoRange":0,"VideoRangeType":0,"VideoDoViTitle":null,"AudioSpatialFormat":0,"LocalizedUndefined":"Undefined","LocalizedDefault":"Default","LocalizedForced":"Forced","LocalizedExternal":"External","LocalizedHearingImpaired":"Hearing Impaired","DisplayTitle":"\u7B80\u4F53\u4E2D\u6587 - Chinese - ASS","NalLengthSize":null,"IsInterlaced":false,"IsAVC":false,"ChannelLayout":null,"BitRate":null,"BitDepth":null,"RefFrames":null,"PacketLength":null,"Channels":null,"SampleRate":null,"IsDefault":false,"IsForced":false,"IsHearingImpaired":false,"Height":0,"Width":0,"AverageFrameRate":null,"RealFrameRate":null,"ReferenceFrameRate":null,"Profile":null,"Type":2,"AspectRatio":null,"Index":3,"Score":null,"IsExternal":false,"DeliveryMethod":null,"DeliveryUrl":null,"IsExternalUrl":null,"IsTextSubtitleStream":true,"SupportsExternalStream":true,"Path":null,"PixelFormat":null,"Level":0,"IsAnamorphic":null}],"MediaAttachments":[],"Formats":[],"Bitrate":2249137,"FallbackMaxStreamingBitrate":null,"Timestamp":null,"RequiredHttpHeaders":{},"TranscodingUrl":null,"TranscodingSubProtocol":0,"TranscodingContainer":null,"AnalyzeDurationMs":null,"DefaultAudioStreamIndex":null,"DefaultSubtitleStreamIndex":null,"HasSegments":false}

/usr/lib/jellyfin-ffmpeg/ffmpeg -analyzeduration 200M -probesize 1G -ss 01:39:21.000  -i file:"/data/media/movies/Ne Zha 2 (2025)/Ne Zha 2 2025 1080p Chinese WEB-DL HEVC x265 5.1 BONE.mkv" -map_metadata -1 -map_chapters -1 -threads 0 -map 0:0 -map 0:1 -codec:v:0 libx264 -preset veryfast -crf 23 -maxrate 8038070 -bufsize 16076140 -profile:v:0 high -level 51 -x264opts:0 subme=0:me_range=16:rc_lookahead=10:me=hex:open_gop=0 -force_key_frames:0 "expr:gte(t,n_forced*3)" -sc_threshold:v:0 0 -vf "setparams=color_primaries=bt709:color_trc=bt709:colorspace=bt709,scale=trunc(min(max(iw\,ih*a)\,min(1920\,1280*a))/2)*2:trunc(min(max(iw/a\,ih)\,min(1920/a\,1280))/2)*2,format=yuv420p,subtitles=f='/config/data/data/subtitles/df/df07b371-a368-c4f7-50ac-3bfd013b42b4/2.ass':fontsdir='/config/data/data/attachments/df/df07b371-a368-c4f7-50ac-3bfd013b42b4'" -start_at_zero -codec:a:0 copy -copyts -avoid_negative_ts disabled -max_muxing_queue_size 2048 -f hls -max_delay 5000000 -hls_time 3 -hls_segment_type mpegts -start_number 1987 -hls_segment_filename "/config/cache/transcodes/e29222e76729f032467e0a962c8ff449%d.ts" -hls_playlist_type vod -hls_list_size 0 -y "/config/cache/transcodes/e29222e76729f032467e0a962c8ff449.m3u8"


ffmpeg version 7.1.3-Jellyfin Copyright (c) 2000-2025 the FFmpeg developers
  built with gcc 13 (Ubuntu 13.3.0-6ubuntu2~24.04.1)
  configuration: --prefix=/usr/lib/jellyfin-ffmpeg --target-os=linux --extra-version=Jellyfin --disable-doc --disable-ffplay --disable-static --disable-libxcb --disable-sdl2 --disable-xlib --enable-lto=auto --enable-gpl --enable-version3 --enable-shared --enable-gmp --enable-gnutls --enable-chromaprint --enable-opencl --enable-libdrm --enable-libxml2 --enable-libass --enable-libfreetype --enable-libfribidi --enable-libfontconfig --enable-libharfbuzz --enable-libbluray --enable-libmp3lame --enable-libopus --enable-libtheora --enable-libvorbis --enable-libopenmpt --enable-libdav1d --enable-libsvtav1 --enable-libwebp --enable-libvpx --enable-libx264 --enable-libx265 --enable-libzvbi --enable-libzimg --enable-libfdk-aac --arch=arm64 --cross-prefix=/usr/bin/aarch64-linux-gnu- --toolchain=hardened --enable-cross-compile --enable-rkmpp --enable-rkrga --enable-ffnvcodec --enable-cuda --enable-cuda-llvm --enable-cuvid --enable-nvdec --enable-nvenc
  libavutil      59. 39.100 / 59. 39.100
  libavcodec     61. 19.101 / 61. 19.101
  libavformat    61.  7.100 / 61.  7.100
  libavdevice    61.  3.100 / 61.  3.100
  libavfilter    10.  4.100 / 10.  4.100
  libswscale      8.  3.100 /  8.  3.100
  libswresample   5.  3.100 /  5.  3.100
  libpostproc    58.  3.100 / 58.  3.100
Input #0, matroska,webm, from 'file:/data/media/movies/Ne Zha 2 (2025)/Ne Zha 2 2025 1080p Chinese WEB-DL HEVC x265 5.1 BONE.mkv':
  Metadata:
    creation_time   : 2025-08-03T21:09:19.000000Z
    ENCODER         : Lavf61.7.100
  Duration: 02:23:58.74, start: -0.021000, bitrate: 1929 kb/s
  Stream #0:0: Video: hevc (Main), yuv420p(tv, bt709), 1920x804 [SAR 1:1 DAR 160:67], 24 fps, 24 tbr, 1k tbn (default)
      Metadata:
        DURATION        : 02:23:58.667000000
  Stream #0:1(chi): Audio: aac (LC), 48000 Hz, 5.1, fltp (default)
      Metadata:
        title           : 杜比音效,普通话
        DURATION        : 02:23:58.741000000
  Stream #0:2(eng): Subtitle: ass (ssa)
      Metadata:
        DURATION        : 02:21:45.256000000
  Stream #0:3(chi): Subtitle: ass (ssa)
      Metadata:
        title           : 简体中文
        DURATION        : 02:21:45.333000000
[Parsed_subtitles_3 @ 0xaaab0e27b810] libass API version: 0x1704000
[Parsed_subtitles_3 @ 0xaaab0e27b810] libass source: commit: 0.17.4-0-gbbb3c7f1570a4a021e52683f3fbdf74fe492ae84
[Parsed_subtitles_3 @ 0xaaab0e27b810] Shaper: FriBidi 1.0.16 (SIMPLE) HarfBuzz-ng 10.4.0 (COMPLEX)
[Parsed_subtitles_3 @ 0xaaab0e27b810] Using font provider fontconfig
Stream mapping:
  Stream #0:0 -> #0:0 (hevc (native) -> h264 (libx264))
  Stream #0:1 -> #0:1 (copy)
Press [q] to stop, [?] for help
[Parsed_subtitles_3 @ 0xffff940108b0] libass API version: 0x1704000
[Parsed_subtitles_3 @ 0xffff940108b0] libass source: commit: 0.17.4-0-gbbb3c7f1570a4a021e52683f3fbdf74fe492ae84
[Parsed_subtitles_3 @ 0xffff940108b0] Shaper: FriBidi 1.0.16 (SIMPLE) HarfBuzz-ng 10.4.0 (COMPLEX)
[Parsed_subtitles_3 @ 0xffff940108b0] Using font provider fontconfig
[Parsed_subtitles_3 @ 0xffff940108b0] fontselect: (sans-serif, 400, 0) -> /usr/share/fonts/truetype/dejavu/DejaVuSans.ttf, 0, DejaVuSans
[libx264 @ 0xaaab0e1f01b0] using SAR=1/1
[libx264 @ 0xaaab0e1f01b0] using cpu capabilities: ARMv8 NEON
[libx264 @ 0xaaab0e1f01b0] profile High, level 5.1, 4:2:0, 8-bit
[libx264 @ 0xaaab0e1f01b0] 264 - core 164 r3108 31e19f9 - H.264/MPEG-4 AVC codec - Copyleft 2003-2023 - http://www.videolan.org/x264.html - options: cabac=1 ref=1 deblock=1:0:0 analyse=0x3:0x113 me=hex subme=0 psy=1 psy_rd=1.00:0.00 mixed_ref=0 me_range=16 chroma_me=1 trellis=0 8x8dct=1 cqm=0 deadzone=21,11 fast_pskip=1 chroma_qp_offset=0 threads=12 lookahead_threads=2 sliced_threads=0 nr=0 decimate=1 interlaced=0 bluray_compat=0 constrained_intra=0 bframes=3 b_pyramid=2 b_adapt=1 b_bias=0 direct=1 weightb=1 open_gop=0 weightp=1 keyint=250 keyint_min=24 scenecut=0 intra_refresh=0 rc_lookahead=10 rc=crf mbtree=1 crf=23.0 qcomp=0.60 qpmin=0 qpmax=69 qpstep=4 vbv_maxrate=8038 vbv_bufsize=16076 crf_max=0.0 nal_hrd=none filler=0 ip_ratio=1.40 aq=1:1.00
Output #0, hls, to '/config/cache/transcodes/e29222e76729f032467e0a962c8ff449.m3u8':
  Metadata:
    encoder         : Lavf61.7.100
  Stream #0:0: Video: h264, yuv420p(tv, bt709, progressive), 1920x804 [SAR 1:1 DAR 160:67], q=2-31, 24 fps, 90k tbn (default)
      Metadata:
        encoder         : Lavc61.19.101 libx264
      Side data:
        cpb: bitrate max/min/avg: 8038000/0/0 buffer size: 16076000 vbv_delay: N/A
  Stream #0:1: Audio: aac (LC), 48000 Hz, 5.1, fltp (default)
[hls @ 0xaaab0e279420] Opening '/config/cache/transcodes/e29222e76729f032467e0a962c8ff4491987.ts' for writing
frame=  134 fps=0.0 q=25.0 size=N/A time=00:00:00.00 bitrate=N/A speed=   0x    
[hls @ 0xaaab0e279420] Opening '/config/cache/transcodes/e29222e76729f032467e0a962c8ff4491988.ts' for writing
[hls @ 0xaaab0e279420] Opening '/config/cache/transcodes/e29222e76729f032467e0a962c8ff4491989.ts' for writing
[hls @ 0xaaab0e279420] Opening '/config/cache/transcodes/e29222e76729f032467e0a962c8ff4491990.ts' for writing
frame=  315 fps=315 q=28.0 size=N/A time=00:00:07.54 bitrate=N/A speed=7.53x    
[hls @ 0xaaab0e279420] Opening '/config/cache/transcodes/e29222e76729f032467e0a962c8ff4491991.ts' for writing
[hls @ 0xaaab0e279420] Opening '/config/cache/transcodes/e29222e76729f032467e0a962c8ff4491992.ts' for writing
frame=  502 fps=334 q=28.0 size=N/A time=00:00:15.33 bitrate=N/A speed=10.2x    
[hls @ 0xaaab0e279420] Opening '/config/cache/transcodes/e29222e76729f032467e0a962c8ff4491993.ts' for writing
[hls @ 0xaaab0e279420] Opening '/config/cache/transcodes/e29222e76729f032467e0a962c8ff4491994.ts' for writing
[hls @ 0xaaab0e279420] Opening '/config/cache/transcodes/e29222e76729f032467e0a962c8ff4491995.ts' for writing
frame=  661 fps=330 q=28.0 size=N/A time=00:00:21.95 bitrate=N/A speed=  11x    
[hls @ 0xaaab0e279420] Opening '/config/cache/transcodes/e29222e76729f032467e0a962c8ff4491996.ts' for writing
[hls @ 0xaaab0e279420] Opening '/config/cache/transcodes/e29222e76729f032467e0a962c8ff4491997.ts' for writing
frame=  836 fps=334 q=28.0 size=N/A time=00:00:29.25 bitrate=N/A speed=11.7x    
[hls @ 0xaaab0e279420] Opening '/config/cache/transcodes/e29222e76729f032467e0a962c8ff4491998.ts' for writing
[hls @ 0xaaab0e279420] Opening '/config/cache/transcodes/e29222e76729f032467e0a962c8ff4491999.ts' for writing
[hls @ 0xaaab0e279420] Opening '/config/cache/transcodes/e29222e76729f032467e0a962c8ff4492000.ts' for writing
frame= 1037 fps=345 q=28.0 size=N/A time=00:00:37.62 bitrate=N/A speed=12.5x    
[hls @ 0xaaab0e279420] Opening '/config/cache/transcodes/e29222e76729f032467e0a962c8ff4492001.ts' for writing
[hls @ 0xaaab0e279420] Opening '/config/cache/transcodes/e29222e76729f032467e0a962c8ff4492002.ts' for writing
[hls @ 0xaaab0e279420] Opening '/config/cache/transcodes/e29222e76729f032467e0a962c8ff4492003.ts' for writing
frame= 1259 fps=359 q=28.0 size=N/A time=00:00:46.87 bitrate=N/A speed=13.4x    
[hls @ 0xaaab0e279420] Opening '/config/cache/transcodes/e29222e76729f032467e0a962c8ff4492004.ts' for writing
frame= 1355 fps=338 q=28.0 size=N/A time=00:00:50.87 bitrate=N/A speed=12.7x    
[hls @ 0xaaab0e279420] Opening '/config/cache/transcodes/e29222e76729f032467e0a962c8ff4492005.ts' for writing
[hls @ 0xaaab0e279420] Opening '/config/cache/transcodes/e29222e76729f032467e0a962c8ff4492006.ts' for writing
frame= 1469 fps=326 q=28.0 size=N/A time=00:00:55.62 bitrate=N/A speed=12.3x    
[hls @ 0xaaab0e279420] Opening '/config/cache/transcodes/e29222e76729f032467e0a962c8ff4492007.ts' for writing
frame= 1579 fps=315 q=28.0 size=N/A time=00:01:00.20 bitrate=N/A speed=  12x    
[hls @ 0xaaab0e279420] Opening '/config/cache/transcodes/e29222e76729f032467e0a962c8ff4492008.ts' for writing
[hls @ 0xaaab0e279420] Opening '/config/cache/transcodes/e29222e76729f032467e0a962c8ff4492009.ts' for writing
frame= 1696 fps=308 q=28.0 size=N/A time=00:01:05.08 bitrate=N/A speed=11.8x    
[hls @ 0xaaab0e279420] Opening '/config/cache/transcodes/e29222e76729f032467e0a962c8ff4492010.ts' for writing
[hls @ 0xaaab0e279420] Opening '/config/cache/transcodes/e29222e76729f032467e0a962c8ff4492011.ts' for writing
frame= 1809 fps=301 q=28.0 size=N/A time=00:01:09.79 bitrate=N/A speed=11.6x    
[hls @ 0xaaab0e279420] Opening '/config/cache/transcodes/e29222e76729f032467e0a962c8ff4492012.ts' for writing
frame= 1944 fps=298 q=28.0 size=N/A time=00:01:15.41 bitrate=N/A speed=11.6x    
[hls @ 0xaaab0e279420] Opening '/config/cache/transcodes/e29222e76729f032467e0a962c8ff4492013.ts' for writing
[hls @ 0xaaab0e279420] Opening '/config/cache/transcodes/e29222e76729f032467e0a962c8ff4492014.ts' for writing
frame= 2085 fps=297 q=28.0 size=N/A time=00:01:21.29 bitrate=N/A speed=11.6x    
[hls @ 0xaaab0e279420] Opening '/config/cache/transcodes/e29222e76729f032467e0a962c8ff4492015.ts' for writing
[hls @ 0xaaab0e279420] Opening '/config/cache/transcodes/e29222e76729f032467e0a962c8ff4492016.ts' for writing
frame= 2227 fps=296 q=28.0 size=N/A time=00:01:27.20 bitrate=N/A speed=11.6x    
[hls @ 0xaaab0e279420] Opening '/config/cache/transcodes/e29222e76729f032467e0a962c8ff4492017.ts' for writing
[hls @ 0xaaab0e279420] Opening '/config/cache/transcodes/e29222e76729f032467e0a962c8ff4492018.ts' for writing
[hls @ 0xaaab0e279420] Opening '/config/cache/transcodes/e29222e76729f032467e0a962c8ff4492019.ts' for writing
frame= 2388 fps=298 q=28.0 size=N/A time=00:01:33.91 bitrate=N/A speed=11.7x    
[hls @ 0xaaab0e279420] Opening '/config/cache/transcodes/e29222e76729f032467e0a962c8ff4492020.ts' for writing
[hls @ 0xaaab0e279420] Opening '/config/cache/transcodes/e29222e76729f032467e0a962c8ff4492021.ts' for writing
frame= 2546 fps=299 q=28.0 size=N/A time=00:01:40.50 bitrate=N/A speed=11.8x    
[hls @ 0xaaab0e279420] Opening '/config/cache/transcodes/e29222e76729f032467e0a962c8ff4492022.ts' for writing
[hls @ 0xaaab0e279420] Opening '/config/cache/transcodes/e29222e76729f032467e0a962c8ff4492023.ts' for writing
frame= 2684 fps=298 q=28.0 size=N/A time=00:01:46.25 bitrate=N/A speed=11.8x    
[hls @ 0xaaab0e279420] Opening '/config/cache/transcodes/e29222e76729f032467e0a962c8ff4492024.ts' for writing
frame= 2771 fps=291 q=28.0 size=N/A time=00:01:49.87 bitrate=N/A speed=11.5x    
[hls @ 0xaaab0e279420] Opening '/config/cache/transcodes/e29222e76729f032467e0a962c8ff4492025.ts' for writing
[hls @ 0xaaab0e279420] Opening '/config/cache/transcodes/e29222e76729f032467e0a962c8ff4492026.ts' for writing
frame= 2900 fps=289 q=28.0 size=N/A time=00:01:55.25 bitrate=N/A speed=11.5x    
[hls @ 0xaaab0e279420] Opening '/config/cache/transcodes/e29222e76729f032467e0a962c8ff4492027.ts' for writing
[hls @ 0xaaab0e279420] Opening '/config/cache/transcodes/e29222e76729f032467e0a962c8ff4492028.ts' for writing
frame= 3053 fps=290 q=28.0 size=N/A time=00:02:01.62 bitrate=N/A speed=11.6x    
[hls @ 0xaaab0e279420] Opening '/config/cache/transcodes/e29222e76729f032467e0a962c8ff4492029.ts' for writing
frame= 3147 fps=285 q=28.0 size=N/A time=00:02:05.54 bitrate=N/A speed=11.4x    
[hls @ 0xaaab0e279420] Opening '/config/cache/transcodes/e29222e76729f032467e0a962c8ff4492030.ts' for writing
frame= 3237 fps=281 q=28.0 size=N/A time=00:02:09.29 bitrate=N/A speed=11.2x    
[hls @ 0xaaab0e279420] Opening '/config/cache/transcodes/e29222e76729f032467e0a962c8ff4492031.ts' for writing
frame= 3301 fps=274 q=28.0 size=N/A time=00:02:11.95 bitrate=N/A speed=  11x    
frame= 3308 fps=263 q=28.0 size=N/A time=00:02:12.25 bitrate=N/A speed=10.5x    
[hls @ 0xaaab0e279420] Opening '/config/cache/transcodes/e29222e76729f032467e0a962c8ff4492032.ts' for writing
frame= 3330 fps=255 q=28.0 size=N/A time=00:02:13.16 bitrate=N/A speed=10.2x    
[hls @ 0xaaab0e279420] Opening '/config/cache/transcodes/e29222e76729f032467e0a962c8ff4492033.ts' for writing
frame= 3403 fps=251 q=28.0 size=N/A time=00:02:16.20 bitrate=N/A speed=  10x    
[hls @ 0xaaab0e279420] Opening '/config/cache/transcodes/e29222e76729f032467e0a962c8ff4492034.ts' for writing
[hls @ 0xaaab0e279420] Opening '/config/cache/transcodes/e29222e76729f032467e0a962c8ff4492035.ts' for writing
frame= 3554 fps=252 q=28.0 size=N/A time=00:02:22.50 bitrate=N/A speed=10.1x    
[hls @ 0xaaab0e279420] Opening '/config/cache/transcodes/e29222e76729f032467e0a962c8ff4492036.ts' for writing
frame= 3647 fps=250 q=28.0 size=N/A time=00:02:26.37 bitrate=N/A speed=  10x    
[hls @ 0xaaab0e279420] Opening '/config/cache/transcodes/e29222e76729f032467e0a962c8ff4492037.ts' for writing
[hls @ 0xaaab0e279420] Opening '/config/cache/transcodes/e29222e76729f032467e0a962c8ff4492038.ts' for writing
frame= 3777 fps=250 q=28.0 size=N/A time=00:02:31.79 bitrate=N/A speed=10.1x    
[hls @ 0xaaab0e279420] Opening '/config/cache/transcodes/e29222e76729f032467e0a962c8ff4492039.ts' for writing
frame= 3878 fps=249 q=25.0 size=N/A time=00:02:36.00 bitrate=N/A speed=  10x    
[hls @ 0xaaab0e279420] Opening '/config/cache/transcodes/e29222e76729f032467e0a962c8ff4492040.ts' for writing
[hls @ 0xaaab0e279420] Opening '/config/cache/transcodes/e29222e76729f032467e0a962c8ff4492041.ts' for writing
frame= 3977 fps=247 q=28.0 size=N/A time=00:02:40.12 bitrate=N/A speed=9.95x    
[hls @ 0xaaab0e279420] Opening '/config/cache/transcodes/e29222e76729f032467e0a962c8ff4492042.ts' for writing
frame= 4100 fps=247 q=28.0 size=N/A time=00:02:45.25 bitrate=N/A speed=9.96x    
[hls @ 0xaaab0e279420] Opening '/config/cache/transcodes/e29222e76729f032467e0a962c8ff4492043.ts' for writing
[hls @ 0xaaab0e279420] Opening '/config/cache/transcodes/e29222e76729f032467e0a962c8ff4492044.ts' for writing
frame= 4211 fps=246 q=28.0 size=N/A time=00:02:49.87 bitrate=N/A speed=9.94x    
[hls @ 0xaaab0e279420] Opening '/config/cache/transcodes/e29222e76729f032467e0a962c8ff4492045.ts' for writing
frame= 4291 fps=244 q=28.0 size=N/A time=00:02:53.20 bitrate=N/A speed=9.85x    
[hls @ 0xaaab0e279420] Opening '/config/cache/transcodes/e29222e76729f032467e0a962c8ff4492046.ts' for writing
frame= 4390 fps=243 q=28.0 size=N/A time=00:02:57.33 bitrate=N/A speed= 9.8x    
[hls @ 0xaaab0e279420] Opening '/config/cache/transcodes/e29222e76729f032467e0a962c8ff4492047.ts' for writing
[hls @ 0xaaab0e279420] Opening '/config/cache/transcodes/e29222e76729f032467e0a962c8ff4492048.ts' for writing
frame= 4483 fps=241 q=28.0 size=N/A time=00:03:01.20 bitrate=N/A speed=9.75x    
[hls @ 0xaaab0e279420] Opening '/config/cache/transcodes/e29222e76729f032467e0a962c8ff4492049.ts' for writing
frame= 4591 fps=240 q=28.0 size=N/A time=00:03:05.70 bitrate=N/A speed=9.73x    
[hls @ 0xaaab0e279420] Opening '/config/cache/transcodes/e29222e76729f032467e0a962c8ff4492050.ts' for writing
frame= 4677 fps=239 q=28.0 size=N/A time=00:03:09.29 bitrate=N/A speed=9.66x    
[hls @ 0xaaab0e279420] Opening '/config/cache/transcodes/e29222e76729f032467e0a962c8ff4492051.ts' for writing
[hls @ 0xaaab0e279420] Opening '/config/cache/transcodes/e29222e76729f032467e0a962c8ff4492052.ts' for writing
frame= 4791 fps=238 q=28.0 size=N/A time=00:03:14.04 bitrate=N/A speed=9.66x    
[hls @ 0xaaab0e279420] Opening '/config/cache/transcodes/e29222e76729f032467e0a962c8ff4492053.ts' for writing
frame= 4895 fps=238 q=28.0 size=N/A time=00:03:18.37 bitrate=N/A speed=9.63x    
[hls @ 0xaaab0e279420] Opening '/config/cache/transcodes/e29222e76729f032467e0a962c8ff4492054.ts' for writing
[hls @ 0xaaab0e279420] Opening '/config/cache/transcodes/e29222e76729f032467e0a962c8ff4492055.ts' for writing
[hls @ 0xaaab0e279420] Opening '/config/cache/transcodes/e29222e76729f032467e0a962c8ff4492056.ts' for writing
frame= 5046 fps=239 q=28.0 size=N/A time=00:03:24.66 bitrate=N/A speed= 9.7x    
[hls @ 0xaaab0e279420] Opening '/config/cache/transcodes/e29222e76729f032467e0a962c8ff4492057.ts' for writing
[hls @ 0xaaab0e279420] Opening '/config/cache/transcodes/e29222e76729f032467e0a962c8ff4492058.ts' for writing
frame= 5188 fps=240 q=28.0 size=N/A time=00:03:30.58 bitrate=N/A speed=9.75x    
[hls @ 0xaaab0e279420] Opening '/config/cache/transcodes/e29222e76729f032467e0a962c8ff4492059.ts' for writing
frame= 5295 fps=240 q=28.0 size=N/A time=00:03:35.04 bitrate=N/A speed=9.73x    
[hls @ 0xaaab0e279420] Opening '/config/cache/transcodes/e29222e76729f032467e0a962c8ff4492060.ts' for writing
[hls @ 0xaaab0e279420] Opening '/config/cache/transcodes/e29222e76729f032467e0a962c8ff4492061.ts' for writing
frame= 5414 fps=240 q=28.0 size=N/A time=00:03:40.00 bitrate=N/A speed=9.73x    
[hls @ 0xaaab0e279420] Opening '/config/cache/transcodes/e29222e76729f032467e0a962c8ff4492062.ts' for writing
[hls @ 0xaaab0e279420] Opening '/config/cache/transcodes/e29222e76729f032467e0a962c8ff4492063.ts' for writing
frame= 5584 fps=242 q=28.0 size=N/A time=00:03:47.08 bitrate=N/A speed=9.83x    
[hls @ 0xaaab0e279420] Opening '/config/cache/transcodes/e29222e76729f032467e0a962c8ff4492064.ts' for writing
[hls @ 0xaaab0e279420] Opening '/config/cache/transcodes/e29222e76729f032467e0a962c8ff4492065.ts' for writing
frame= 5753 fps=244 q=28.0 size=N/A time=00:03:54.16 bitrate=N/A speed=9.92x    
[hls @ 0xaaab0e279420] Opening '/config/cache/transcodes/e29222e76729f032467e0a962c8ff4492066.ts' for writing
[hls @ 0xaaab0e279420] Opening '/config/cache/transcodes/e29222e76729f032467e0a962c8ff4492067.ts' for writing
frame= 5862 fps=243 q=28.0 size=N/A time=00:03:58.66 bitrate=N/A speed= 9.9x    
[hls @ 0xaaab0e279420] Opening '/config/cache/transcodes/e29222e76729f032467e0a962c8ff4492068.ts' for writing
frame= 5954 fps=242 q=28.0 size=N/A time=00:04:02.50 bitrate=N/A speed=9.86x    
[hls @ 0xaaab0e279420] Opening '/config/cache/transcodes/e29222e76729f032467e0a962c8ff4492069.ts' for writing
[hls @ 0xaaab0e279420] Opening '/config/cache/transcodes/e29222e76729f032467e0a962c8ff4492070.ts' for writing
frame= 6074 fps=242 q=28.0 size=N/A time=00:04:07.50 bitrate=N/A speed=9.86x    
[hls @ 0xaaab0e279420] Opening '/config/cache/transcodes/e29222e76729f032467e0a962c8ff4492071.ts' for writing
frame= 6178 fps=241 q=28.0 size=N/A time=00:04:11.83 bitrate=N/A speed=9.83x    
[hls @ 0xaaab0e279420] Opening '/config/cache/transcodes/e29222e76729f032467e0a962c8ff4492072.ts' for writing
[hls @ 0xaaab0e279420] Opening '/config/cache/transcodes/e29222e76729f032467e0a962c8ff4492073.ts' for writing
frame= 6287 fps=241 q=28.0 size=N/A time=00:04:16.37 bitrate=N/A speed=9.82x    
[hls @ 0xaaab0e279420] Opening '/config/cache/transcodes/e29222e76729f032467e0a962c8ff4492074.ts' for writing
[hls @ 0xaaab0e279420] Opening '/config/cache/transcodes/e29222e76729f032467e0a962c8ff4492075.ts' for writing
frame= 6410 fps=241 q=28.0 size=N/A time=00:04:21.50 bitrate=N/A speed=9.83x    
[hls @ 0xaaab0e279420] Opening '/config/cache/transcodes/e29222e76729f032467e0a962c8ff4492076.ts' for writing
frame= 6529 fps=241 q=28.0 size=N/A time=00:04:26.45 bitrate=N/A speed=9.83x    
[hls @ 0xaaab0e279420] Opening '/config/cache/transcodes/e29222e76729f032467e0a962c8ff4492077.ts' for writing
[hls @ 0xaaab0e279420] Opening '/config/cache/transcodes/e29222e76729f032467e0a962c8ff4492078.ts' for writing
frame= 6657 fps=241 q=28.0 size=N/A time=00:04:31.79 bitrate=N/A speed=9.84x    
[hls @ 0xaaab0e279420] Opening '/config/cache/transcodes/e29222e76729f032467e0a962c8ff4492079.ts' for writing
[hls @ 0xaaab0e279420] Opening '/config/cache/transcodes/e29222e76729f032467e0a962c8ff4492080.ts' for writing
frame= 6775 fps=241 q=28.0 size=N/A time=00:04:36.70 bitrate=N/A speed=9.84x    
[hls @ 0xaaab0e279420] Opening '/config/cache/transcodes/e29222e76729f032467e0a962c8ff4492081.ts' for writing
frame= 6894 fps=241 q=28.0 size=N/A time=00:04:41.66 bitrate=N/A speed=9.84x    
[hls @ 0xaaab0e279420] Opening '/config/cache/transcodes/e29222e76729f032467e0a962c8ff4492082.ts' for writing
[hls @ 0xaaab0e279420] Opening '/config/cache/transcodes/e29222e76729f032467e0a962c8ff4492083.ts' for writing
frame= 7017 fps=241 q=28.0 size=N/A time=00:04:46.79 bitrate=N/A speed=9.85x    
[hls @ 0xaaab0e279420] Opening '/config/cache/transcodes/e29222e76729f032467e0a962c8ff4492084.ts' for writing
frame= 7119 fps=240 q=28.0 size=N/A time=00:04:51.04 bitrate=N/A speed=9.83x    
[hls @ 0xaaab0e279420] Opening '/config/cache/transcodes/e29222e76729f032467e0a962c8ff4492085.ts' for writing
[hls @ 0xaaab0e279420] Opening '/config/cache/transcodes/e29222e76729f032467e0a962c8ff4492086.ts' for writing
frame= 7226 fps=240 q=28.0 size=N/A time=00:04:55.54 bitrate=N/A speed=9.81x    
[hls @ 0xaaab0e279420] Opening '/config/cache/transcodes/e29222e76729f032467e0a962c8ff4492087.ts' for writing
frame= 7339 fps=240 q=28.0 size=N/A time=00:05:00.20 bitrate=N/A speed= 9.8x    
[hls @ 0xaaab0e279420] Opening '/config/cache/transcodes/e29222e76729f032467e0a962c8ff4492088.ts' for writing
[hls @ 0xaaab0e279420] Opening '/config/cache/transcodes/e29222e76729f032467e0a962c8ff4492089.ts' for writing
frame= 7447 fps=239 q=28.0 size=N/A time=00:05:04.70 bitrate=N/A speed=9.79x    
[hls @ 0xaaab0e279420] Opening '/config/cache/transcodes/e29222e76729f032467e0a962c8ff4492090.ts' for writing
frame= 7531 fps=238 q=28.0 size=N/A time=00:05:08.20 bitrate=N/A speed=9.75x    
[hls @ 0xaaab0e279420] Opening '/config/cache/transcodes/e29222e76729f032467e0a962c8ff4492091.ts' for writing
frame= 7630 fps=238 q=28.0 size=N/A time=00:05:12.33 bitrate=N/A speed=9.72x    
[hls @ 0xaaab0e279420] Opening '/config/cache/transcodes/e29222e76729f032467e0a962c8ff4492092.ts' for writing
[hls @ 0xaaab0e279420] Opening '/config/cache/transcodes/e29222e76729f032467e0a962c8ff4492093.ts' for writing
frame= 7717 fps=236 q=28.0 size=N/A time=00:05:15.95 bitrate=N/A speed=9.68x    
[hls @ 0xaaab0e279420] Opening '/config/cache/transcodes/e29222e76729f032467e0a962c8ff4492094.ts' for writing
frame= 7807 fps=236 q=28.0 size=N/A time=00:05:19.70 bitrate=N/A speed=9.65x    
[hls @ 0xaaab0e279420] Opening '/config/cache/transcodes/e29222e76729f032467e0a962c8ff4492095.ts' for writing
[hls @ 0xaaab0e279420] Opening '/config/cache/transcodes/e29222e76729f032467e0a962c8ff4492096.ts' for writing
frame= 7922 fps=236 q=28.0 size=N/A time=00:05:24.50 bitrate=N/A speed=9.65x    
[hls @ 0xaaab0e279420] Opening '/config/cache/transcodes/e29222e76729f032467e0a962c8ff4492097.ts' for writing
frame= 8064 fps=236 q=28.0 size=N/A time=00:05:30.41 bitrate=N/A speed=9.68x    
[hls @ 0xaaab0e279420] Opening '/config/cache/transcodes/e29222e76729f032467e0a962c8ff4492098.ts' for writing
[hls @ 0xaaab0e279420] Opening '/config/cache/transcodes/e29222e76729f032467e0a962c8ff4492099.ts' for writing
frame= 8163 fps=236 q=28.0 size=N/A time=00:05:34.58 bitrate=N/A speed=9.66x    
[hls @ 0xaaab0e279420] Opening '/config/cache/transcodes/e29222e76729f032467e0a962c8ff4492100.ts' for writing
frame= 8267 fps=235 q=28.0 size=N/A time=00:05:38.87 bitrate=N/A speed=9.64x    
[hls @ 0xaaab0e279420] Opening '/config/cache/transcodes/e29222e76729f032467e0a962c8ff4492101.ts' for writing
[hls @ 0xaaab0e279420] Opening '/config/cache/transcodes/e29222e76729f032467e0a962c8ff4492102.ts' for writing
frame= 8423 fps=236 q=28.0 size=N/A time=00:05:45.37 bitrate=N/A speed=9.69x    
[hls @ 0xaaab0e279420] Opening '/config/cache/transcodes/e29222e76729f032467e0a962c8ff4492103.ts' for writing
[hls @ 0xaaab0e279420] Opening '/config/cache/transcodes/e29222e76729f032467e0a962c8ff4492104.ts' for writing
frame= 8554 fps=237 q=28.0 size=N/A time=00:05:50.83 bitrate=N/A speed=9.71x    
[hls @ 0xaaab0e279420] Opening '/config/cache/transcodes/e29222e76729f032467e0a962c8ff4492105.ts' for writing
[hls @ 0xaaab0e279420] Opening '/config/cache/transcodes/e29222e76729f032467e0a962c8ff4492106.ts' for writing
frame= 8670 fps=237 q=28.0 size=N/A time=00:05:55.66 bitrate=N/A speed=9.71x    
[hls @ 0xaaab0e279420] Opening '/config/cache/transcodes/e29222e76729f032467e0a962c8ff4492107.ts' for writing
[hls @ 0xaaab0e279420] Opening '/config/cache/transcodes/e29222e76729f032467e0a962c8ff4492108.ts' for writing
frame= 8827 fps=238 q=28.0 size=N/A time=00:06:02.20 bitrate=N/A speed=9.75x    
[hls @ 0xaaab0e279420] Opening '/config/cache/transcodes/e29222e76729f032467e0a962c8ff4492109.ts' for writing
[hls @ 0xaaab0e279420] Opening '/config/cache/transcodes/e29222e76729f032467e0a962c8ff4492110.ts' for writing
frame= 8970 fps=238 q=28.0 size=N/A time=00:06:08.16 bitrate=N/A speed=9.78x    
[hls @ 0xaaab0e279420] Opening '/config/cache/transcodes/e29222e76729f032467e0a962c8ff4492111.ts' for writing
[hls @ 0xaaab0e279420] Opening '/config/cache/transcodes/e29222e76729f032467e0a962c8ff4492112.ts' for writing
frame= 9082 fps=238 q=28.0 size=N/A time=00:06:12.83 bitrate=N/A speed=9.77x    
[hls @ 0xaaab0e279420] Opening '/config/cache/transcodes/e29222e76729f032467e0a962c8ff4492113.ts' for writing
frame= 9200 fps=238 q=28.0 size=N/A time=00:06:17.75 bitrate=N/A speed=9.78x    
[hls @ 0xaaab0e279420] Opening '/config/cache/transcodes/e29222e76729f032467e0a962c8ff4492114.ts' for writing
[hls @ 0xaaab0e279420] Opening '/config/cache/transcodes/e29222e76729f032467e0a962c8ff4492115.ts' for writing
[hls @ 0xaaab0e279420] Opening '/config/cache/transcodes/e29222e76729f032467e0a962c8ff4492116.ts' for writing
[hls @ 0xaaab0e279420] Opening '/config/cache/transcodes/e29222e76729f032467e0a962c8ff4492117.ts' for writing
frame= 9483 fps=239 q=28.0 size=N/A time=00:06:29.54 bitrate=N/A speed=9.83x    
[hls @ 0xaaab0e279420] Opening '/config/cache/transcodes/e29222e76729f032467e0a962c8ff4492118.ts' for writing
[hls @ 0xaaab0e279420] Opening '/config/cache/transcodes/e29222e76729f032467e0a962c8ff4492119.ts' for writing
frame= 9599 fps=239 q=28.0 size=N/A time=00:06:34.37 bitrate=N/A speed=9.82x    
[hls @ 0xaaab0e279420] Opening '/config/cache/transcodes/e29222e76729f032467e0a962c8ff4492120.ts' for writing
frame= 9704 fps=239 q=28.0 size=N/A time=00:06:38.75 bitrate=N/A speed=9.81x    
[hls @ 0xaaab0e279420] Opening '/config/cache/transcodes/e29222e76729f032467e0a962c8ff4492121.ts' for writing
[hls @ 0xaaab0e279420] Opening '/config/cache/transcodes/e29222e76729f032467e0a962c8ff4492122.ts' for writing
frame= 9826 fps=239 q=28.0 size=N/A time=00:06:43.83 bitrate=N/A speed=9.81x    
[hls @ 0xaaab0e279420] Opening '/config/cache/transcodes/e29222e76729f032467e0a962c8ff4492123.ts' for writing
[hls @ 0xaaab0e279420] Opening '/config/cache/transcodes/e29222e76729f032467e0a962c8ff4492124.ts' for writing
frame= 9949 fps=239 q=28.0 size=N/A time=00:06:48.95 bitrate=N/A speed=9.82x    
[hls @ 0xaaab0e279420] Opening '/config/cache/transcodes/e29222e76729f032467e0a962c8ff4492125.ts' for writing
[hls @ 0xaaab0e279420] Opening '/config/cache/transcodes/e29222e76729f032467e0a962c8ff4492126.ts' for writing
frame=10081 fps=239 q=28.0 size=N/A time=00:06:54.45 bitrate=N/A speed=9.83x    
[hls @ 0xaaab0e279420] Opening '/config/cache/transcodes/e29222e76729f032467e0a962c8ff4492127.ts' for writing
[hls @ 0xaaab0e279420] Opening '/config/cache/transcodes/e29222e76729f032467e0a962c8ff4492128.ts' for writing
frame=10260 fps=241 q=28.0 size=N/A time=00:07:01.91 bitrate=N/A speed=9.89x    
[hls @ 0xaaab0e279420] Opening '/config/cache/transcodes/e29222e76729f032467e0a962c8ff4492129.ts' for writing
[hls @ 0xaaab0e279420] Opening '/config/cache/transcodes/e29222e76729f032467e0a962c8ff4492130.ts' for writing
frame=10434 fps=242 q=28.0 size=N/A time=00:07:09.16 bitrate=N/A speed=9.94x    
[hls @ 0xaaab0e279420] Opening '/config/cache/transcodes/e29222e76729f032467e0a962c8ff4492131.ts' for writing
[hls @ 0xaaab0e279420] Opening '/config/cache/transcodes/e29222e76729f032467e0a962c8ff4492132.ts' for writing
frame=10576 fps=242 q=28.0 size=N/A time=00:07:15.08 bitrate=N/A speed=9.97x    
[hls @ 0xaaab0e279420] Opening '/config/cache/transcodes/e29222e76729f032467e0a962c8ff4492133.ts' for writing
[hls @ 0xaaab0e279420] Opening '/config/cache/transcodes/e29222e76729f032467e0a962c8ff4492134.ts' for writing
frame=10726 fps=243 q=28.0 size=N/A time=00:07:21.33 bitrate=N/A speed=9.99x    
[hls @ 0xaaab0e279420] Opening '/config/cache/transcodes/e29222e76729f032467e0a962c8ff4492135.ts' for writing
[hls @ 0xaaab0e279420] Opening '/config/cache/transcodes/e29222e76729f032467e0a962c8ff4492136.ts' for writing
frame=10870 fps=243 q=28.0 size=N/A time=00:07:27.33 bitrate=N/A speed=  10x    
[hls @ 0xaaab0e279420] Opening '/config/cache/transcodes/e29222e76729f032467e0a962c8ff4492137.ts' for writing
[hls @ 0xaaab0e279420] Opening '/config/cache/transcodes/e29222e76729f032467e0a962c8ff4492138.ts' for writing
frame=10999 fps=244 q=28.0 size=N/A time=00:07:32.70 bitrate=N/A speed=  10x    
[hls @ 0xaaab0e279420] Opening '/config/cache/transcodes/e29222e76729f032467e0a962c8ff4492139.ts' for writing
[hls @ 0xaaab0e279420] Opening '/config/cache/transcodes/e29222e76729f032467e0a962c8ff4492140.ts' for writing
frame=11131 fps=244 q=28.0 size=N/A time=00:07:38.20 bitrate=N/A speed=  10x    
[hls @ 0xaaab0e279420] Opening '/config/cache/transcodes/e29222e76729f032467e0a962c8ff4492141.ts' for writing
frame=11227 fps=243 q=40.0 size=N/A time=00:07:42.20 bitrate=N/A speed=  10x    
[hls @ 0xaaab0e279420] Opening '/config/cache/transcodes/e29222e76729f032467e0a962c8ff4492142.ts' for writing
[hls @ 0xaaab0e279420] Opening '/config/cache/transcodes/e29222e76729f032467e0a962c8ff4492143.ts' for writing
frame=11350 fps=243 q=28.0 size=N/A time=00:07:47.33 bitrate=N/A speed=  10x    
[hls @ 0xaaab0e279420] Opening '/config/cache/transcodes/e29222e76729f032467e0a962c8ff4492144.ts' for writing
frame=11437 fps=243 q=34.0 size=N/A time=00:07:50.95 bitrate=N/A speed=9.99x    
[hls @ 0xaaab0e279420] Opening '/config/cache/transcodes/e29222e76729f032467e0a962c8ff4492145.ts' for writing
[hls @ 0xaaab0e279420] Opening '/config/cache/transcodes/e29222e76729f032467e0a962c8ff4492146.ts' for writing
frame=11546 fps=242 q=28.0 size=N/A time=00:07:55.50 bitrate=N/A speed=9.98x    
[hls @ 0xaaab0e279420] Opening '/config/cache/transcodes/e29222e76729f032467e0a962c8ff4492147.ts' for writing
frame=11663 fps=242 q=28.0 size=N/A time=00:08:00.37 bitrate=N/A speed=9.97x    
[hls @ 0xaaab0e279420] Opening '/config/cache/transcodes/e29222e76729f032467e0a962c8ff4492148.ts' for writing
[hls @ 0xaaab0e279420] Opening '/config/cache/transcodes/e29222e76729f032467e0a962c8ff4492149.ts' for writing
frame=11767 fps=242 q=28.0 size=N/A time=00:08:04.70 bitrate=N/A speed=9.96x    
[hls @ 0xaaab0e279420] Opening '/config/cache/transcodes/e29222e76729f032467e0a962c8ff4492150.ts' for writing
frame=11874 fps=241 q=28.0 size=N/A time=00:08:09.16 bitrate=N/A speed=9.95x    
[hls @ 0xaaab0e279420] Opening '/config/cache/transcodes/e29222e76729f032467e0a962c8ff4492151.ts' for writing
[hls @ 0xaaab0e279420] Opening '/config/cache/transcodes/e29222e76729f032467e0a962c8ff4492152.ts' for writing
frame=11978 fps=241 q=28.0 size=N/A time=00:08:13.50 bitrate=N/A speed=9.94x    
[hls @ 0xaaab0e279420] Opening '/config/cache/transcodes/e29222e76729f032467e0a962c8ff4492153.ts' for writing
[hls @ 0xaaab0e279420] Opening '/config/cache/transcodes/e29222e76729f032467e0a962c8ff4492154.ts' for writing
frame=12098 fps=241 q=28.0 size=N/A time=00:08:18.50 bitrate=N/A speed=9.94x    
[hls @ 0xaaab0e279420] Opening '/config/cache/transcodes/e29222e76729f032467e0a962c8ff4492155.ts' for writing
frame=12226 fps=241 q=28.0 size=N/A time=00:08:23.83 bitrate=N/A speed=9.94x    
[hls @ 0xaaab0e279420] Opening '/config/cache/transcodes/e29222e76729f032467e0a962c8ff4492156.ts' for writing
[hls @ 0xaaab0e279420] Opening '/config/cache/transcodes/e29222e76729f032467e0a962c8ff4492157.ts' for writing
frame=12361 fps=242 q=28.0 size=N/A time=00:08:29.45 bitrate=N/A speed=9.96x    
[hls @ 0xaaab0e279420] Opening '/config/cache/transcodes/e29222e76729f032467e0a962c8ff4492158.ts' for writing
[hls @ 0xaaab0e279420] Opening '/config/cache/transcodes/e29222e76729f032467e0a962c8ff4492159.ts' for writing
frame=12502 fps=242 q=28.0 size=N/A time=00:08:35.33 bitrate=N/A speed=9.97x    
[hls @ 0xaaab0e279420] Opening '/config/cache/transcodes/e29222e76729f032467e0a962c8ff4492160.ts' for writing
[hls @ 0xaaab0e279420] Opening '/config/cache/transcodes/e29222e76729f032467e0a962c8ff4492161.ts' for writing
frame=12610 fps=242 q=28.0 size=N/A time=00:08:39.83 bitrate=N/A speed=9.96x    
[hls @ 0xaaab0e279420] Opening '/config/cache/transcodes/e29222e76729f032467e0a962c8ff4492162.ts' for writing
[hls @ 0xaaab0e279420] Opening '/config/cache/transcodes/e29222e76729f032467e0a962c8ff4492163.ts' for writing
[hls @ 0xaaab0e279420] Opening '/config/cache/transcodes/e29222e76729f032467e0a962c8ff4492164.ts' for writing
frame=12830 fps=244 q=28.0 size=N/A time=00:08:49.00 bitrate=N/A speed=  10x    
[hls @ 0xaaab0e279420] Opening '/config/cache/transcodes/e29222e76729f032467e0a962c8ff4492165.ts' for writing
[hls @ 0xaaab0e279420] Opening '/config/cache/transcodes/e29222e76729f032467e0a962c8ff4492166.ts' for writing
frame=12970 fps=244 q=28.0 size=N/A time=00:08:54.83 bitrate=N/A speed=10.1x    
[hls @ 0xaaab0e279420] Opening '/config/cache/transcodes/e29222e76729f032467e0a962c8ff4492167.ts' for writing
frame=13093 fps=244 q=28.0 size=N/A time=00:08:59.95 bitrate=N/A speed=10.1x    
[hls @ 0xaaab0e279420] Opening '/config/cache/transcodes/e29222e76729f032467e0a962c8ff4492168.ts' for writing
[hls @ 0xaaab0e279420] Opening '/config/cache/transcodes/e29222e76729f032467e0a962c8ff4492169.ts' for writing
frame=13227 fps=244 q=28.0 size=N/A time=00:09:05.54 bitrate=N/A speed=10.1x    
[hls @ 0xaaab0e279420] Opening '/config/cache/transcodes/e29222e76729f032467e0a962c8ff4492170.ts' for writing
[hls @ 0xaaab0e279420] Opening '/config/cache/transcodes/e29222e76729f032467e0a962c8ff4492171.ts' for writing
frame=13392 fps=245 q=28.0 size=N/A time=00:09:12.41 bitrate=N/A speed=10.1x    
[hls @ 0xaaab0e279420] Opening '/config/cache/transcodes/e29222e76729f032467e0a962c8ff4492172.ts' for writing
[hls @ 0xaaab0e279420] Opening '/config/cache/transcodes/e29222e76729f032467e0a962c8ff4492173.ts' for writing
[hls @ 0xaaab0e279420] Opening '/config/cache/transcodes/e29222e76729f032467e0a962c8ff4492174.ts' for writing
frame=13546 fps=245 q=28.0 size=N/A time=00:09:18.83 bitrate=N/A speed=10.1x    
[hls @ 0xaaab0e279420] Opening '/config/cache/transcodes/e29222e76729f032467e0a962c8ff4492175.ts' for writing
[hls @ 0xaaab0e279420] Opening '/config/cache/transcodes/e29222e76729f032467e0a962c8ff4492176.ts' for writing
frame=13692 fps=246 q=28.0 size=N/A time=00:09:24.91 bitrate=N/A speed=10.1x    
[hls @ 0xaaab0e279420] Opening '/config/cache/transcodes/e29222e76729f032467e0a962c8ff4492177.ts' for writing
[hls @ 0xaaab0e279420] Opening '/config/cache/transcodes/e29222e76729f032467e0a962c8ff4492178.ts' for writing
frame=13849 fps=246 q=28.0 size=N/A time=00:09:31.45 bitrate=N/A speed=10.2x    
[hls @ 0xaaab0e279420] Opening '/config/cache/transcodes/e29222e76729f032467e0a962c8ff4492179.ts' for writing
[hls @ 0xaaab0e279420] Opening '/config/cache/transcodes/e29222e76729f032467e0a962c8ff4492180.ts' for writing
frame=13970 fps=246 q=28.0 size=N/A time=00:09:36.50 bitrate=N/A speed=10.2x    
[hls @ 0xaaab0e279420] Opening '/config/cache/transcodes/e29222e76729f032467e0a962c8ff4492181.ts' for writing
[hls @ 0xaaab0e279420] Opening '/config/cache/transcodes/e29222e76729f032467e0a962c8ff4492182.ts' for writing
frame=14157 fps=248 q=28.0 size=N/A time=00:09:44.33 bitrate=N/A speed=10.2x    
[hls @ 0xaaab0e279420] Opening '/config/cache/transcodes/e29222e76729f032467e0a962c8ff4492183.ts' for writing
[hls @ 0xaaab0e279420] Opening '/config/cache/transcodes/e29222e76729f032467e0a962c8ff4492184.ts' for writing
frame=14279 fps=248 q=28.0 size=N/A time=00:09:49.37 bitrate=N/A speed=10.2x    
[hls @ 0xaaab0e279420] Opening '/config/cache/transcodes/e29222e76729f032467e0a962c8ff4492185.ts' for writing
frame=14398 fps=247 q=28.0 size=N/A time=00:09:54.33 bitrate=N/A speed=10.2x    
[hls @ 0xaaab0e279420] Opening '/config/cache/transcodes/e29222e76729f032467e0a962c8ff4492186.ts' for writing
[hls @ 0xaaab0e279420] Opening '/config/cache/transcodes/e29222e76729f032467e0a962c8ff4492187.ts' for writing
[hls @ 0xaaab0e279420] Opening '/config/cache/transcodes/e29222e76729f032467e0a962c8ff4492188.ts' for writing
frame=14585 fps=249 q=28.0 size=N/A time=00:10:02.12 bitrate=N/A speed=10.3x    
[hls @ 0xaaab0e279420] Opening '/config/cache/transcodes/e29222e76729f032467e0a962c8ff4492189.ts' for writing
[hls @ 0xaaab0e279420] Opening '/config/cache/transcodes/e29222e76729f032467e0a962c8ff4492190.ts' for writing
[hls @ 0xaaab0e279420] Opening '/config/cache/transcodes/e29222e76729f032467e0a962c8ff4492191.ts' for writing
frame=14796 fps=250 q=28.0 size=N/A time=00:10:10.95 bitrate=N/A speed=10.3x    
[hls @ 0xaaab0e279420] Opening '/config/cache/transcodes/e29222e76729f032467e0a962c8ff4492192.ts' for writing
[hls @ 0xaaab0e279420] Opening '/config/cache/transcodes/e29222e76729f032467e0a962c8ff4492193.ts' for writing
[hls @ 0xaaab0e279420] Opening '/config/cache/transcodes/e29222e76729f032467e0a962c8ff4492194.ts' for writing
frame=15012 fps=251 q=28.0 size=N/A time=00:10:19.95 bitrate=N/A speed=10.4x    
[hls @ 0xaaab0e279420] Opening '/config/cache/transcodes/e29222e76729f032467e0a962c8ff4492195.ts' for writing
[hls @ 0xaaab0e279420] Opening '/config/cache/transcodes/e29222e76729f032467e0a962c8ff4492196.ts' for writing
[hls @ 0xaaab0e279420] Opening '/config/cache/transcodes/e29222e76729f032467e0a962c8ff4492197.ts' for writing
[hls @ 0xaaab0e279420] Opening '/config/cache/transcodes/e29222e76729f032467e0a962c8ff4492198.ts' for writing
frame=15265 fps=254 q=28.0 size=N/A time=00:10:30.54 bitrate=N/A speed=10.5x    
[hls @ 0xaaab0e279420] Opening '/config/cache/transcodes/e29222e76729f032467e0a962c8ff4492199.ts' for writing
[hls @ 0xaaab0e279420] Opening '/config/cache/transcodes/e29222e76729f032467e0a962c8ff4492200.ts' for writing
frame=15474 fps=255 q=28.0 size=N/A time=00:10:39.16 bitrate=N/A speed=10.5x    
[hls @ 0xaaab0e279420] Opening '/config/cache/transcodes/e29222e76729f032467e0a962c8ff4492201.ts' for writing
[hls @ 0xaaab0e279420] Opening '/config/cache/transcodes/e29222e76729f032467e0a962c8ff4492202.ts' for writing
[hls @ 0xaaab0e279420] Opening '/config/cache/transcodes/e29222e76729f032467e0a962c8ff4492203.ts' for writing
frame=15637 fps=256 q=28.0 size=N/A time=00:10:45.95 bitrate=N/A speed=10.6x    
[hls @ 0xaaab0e279420] Opening '/config/cache/transcodes/e29222e76729f032467e0a962c8ff4492204.ts' for writing
[hls @ 0xaaab0e279420] Opening '/config/cache/transcodes/e29222e76729f032467e0a962c8ff4492205.ts' for writing
frame=15810 fps=256 q=28.0 size=N/A time=00:10:53.16 bitrate=N/A speed=10.6x    
[hls @ 0xaaab0e279420] Opening '/config/cache/transcodes/e29222e76729f032467e0a962c8ff4492206.ts' for writing
[hls @ 0xaaab0e279420] Opening '/config/cache/transcodes/e29222e76729f032467e0a962c8ff4492207.ts' for writing
frame=15973 fps=257 q=28.0 size=N/A time=00:10:59.95 bitrate=N/A speed=10.6x    
[hls @ 0xaaab0e279420] Opening '/config/cache/transcodes/e29222e76729f032467e0a962c8ff4492208.ts' for writing
[hls @ 0xaaab0e279420] Opening '/config/cache/transcodes/e29222e76729f032467e0a962c8ff4492209.ts' for writing
frame=16082 fps=256 q=28.0 size=N/A time=00:11:04.50 bitrate=N/A speed=10.6x    
[hls @ 0xaaab0e279420] Opening '/config/cache/transcodes/e29222e76729f032467e0a962c8ff4492210.ts' for writing
frame=16185 fps=256 q=28.0 size=N/A time=00:11:08.79 bitrate=N/A speed=10.6x    
[hls @ 0xaaab0e279420] Opening '/config/cache/transcodes/e29222e76729f032467e0a962c8ff4492211.ts' for writing
[hls @ 0xaaab0e279420] Opening '/config/cache/transcodes/e29222e76729f032467e0a962c8ff4492212.ts' for writing
frame=16295 fps=256 q=28.0 size=N/A time=00:11:13.37 bitrate=N/A speed=10.6x    
[hls @ 0xaaab0e279420] Opening '/config/cache/transcodes/e29222e76729f032467e0a962c8ff4492213.ts' for writing
[hls @ 0xaaab0e279420] Opening '/config/cache/transcodes/e29222e76729f032467e0a962c8ff4492214.ts' for writing
frame=16427 fps=256 q=28.0 size=N/A time=00:11:18.91 bitrate=N/A speed=10.6x    
[hls @ 0xaaab0e279420] Opening '/config/cache/transcodes/e29222e76729f032467e0a962c8ff4492215.ts' for writing
frame=16530 fps=255 q=28.0 size=N/A time=00:11:23.16 bitrate=N/A speed=10.6x    
[hls @ 0xaaab0e279420] Opening '/config/cache/transcodes/e29222e76729f032467e0a962c8ff4492216.ts' for writing
[hls @ 0xaaab0e279420] Opening '/config/cache/transcodes/e29222e76729f032467e0a962c8ff4492217.ts' for writing
frame=16644 fps=255 q=28.0 size=N/A time=00:11:27.91 bitrate=N/A speed=10.5x    
[hls @ 0xaaab0e279420] Opening '/config/cache/transcodes/e29222e76729f032467e0a962c8ff4492218.ts' for writing
frame=16764 fps=255 q=28.0 size=N/A time=00:11:32.91 bitrate=N/A speed=10.5x    
[hls @ 0xaaab0e279420] Opening '/config/cache/transcodes/e29222e76729f032467e0a962c8ff4492219.ts' for writing
[hls @ 0xaaab0e279420] Opening '/config/cache/transcodes/e29222e76729f032467e0a962c8ff4492220.ts' for writing
frame=16883 fps=255 q=28.0 size=N/A time=00:11:37.87 bitrate=N/A speed=10.5x    
[hls @ 0xaaab0e279420] Opening '/config/cache/transcodes/e29222e76729f032467e0a962c8ff4492221.ts' for writing
[hls @ 0xaaab0e279420] Opening '/config/cache/transcodes/e29222e76729f032467e0a962c8ff4492222.ts' for writing
frame=16996 fps=255 q=28.0 size=N/A time=00:11:42.58 bitrate=N/A speed=10.5x    
[hls @ 0xaaab0e279420] Opening '/config/cache/transcodes/e29222e76729f032467e0a962c8ff4492223.ts' for writing
frame=17086 fps=254 q=30.0 size=N/A time=00:11:46.33 bitrate=N/A speed=10.5x    
[hls @ 0xaaab0e279420] Opening '/config/cache/transcodes/e29222e76729f032467e0a962c8ff4492224.ts' for writing
[hls @ 0xaaab0e279420] Opening '/config/cache/transcodes/e29222e76729f032467e0a962c8ff4492225.ts' for writing
frame=17215 fps=254 q=28.0 size=N/A time=00:11:51.70 bitrate=N/A speed=10.5x    
[hls @ 0xaaab0e279420] Opening '/config/cache/transcodes/e29222e76729f032467e0a962c8ff4492226.ts' for writing
frame=17350 fps=254 q=28.0 size=N/A time=00:11:57.33 bitrate=N/A speed=10.5x    
[hls @ 0xaaab0e279420] Opening '/config/cache/transcodes/e29222e76729f032467e0a962c8ff4492227.ts' for writing
[hls @ 0xaaab0e279420] Opening '/config/cache/transcodes/e29222e76729f032467e0a962c8ff4492228.ts' for writing
frame=17470 fps=254 q=28.0 size=N/A time=00:12:02.33 bitrate=N/A speed=10.5x    
[hls @ 0xaaab0e279420] Opening '/config/cache/transcodes/e29222e76729f032467e0a962c8ff4492229.ts' for writing
[hls @ 0xaaab0e279420] Opening '/config/cache/transcodes/e29222e76729f032467e0a962c8ff4492230.ts' for writing
frame=17631 fps=255 q=28.0 size=N/A time=00:12:09.04 bitrate=N/A speed=10.5x    
[hls @ 0xaaab0e279420] Opening '/config/cache/transcodes/e29222e76729f032467e0a962c8ff4492231.ts' for writing
[hls @ 0xaaab0e279420] Opening '/config/cache/transcodes/e29222e76729f032467e0a962c8ff4492232.ts' for writing
[hls @ 0xaaab0e279420] Opening '/config/cache/transcodes/e29222e76729f032467e0a962c8ff4492233.ts' for writing
frame=17819 fps=256 q=28.0 size=N/A time=00:12:16.87 bitrate=N/A speed=10.6x    
[hls @ 0xaaab0e279420] Opening '/config/cache/transcodes/e29222e76729f032467e0a962c8ff4492234.ts' for writing
[hls @ 0xaaab0e279420] Opening '/config/cache/transcodes/e29222e76729f032467e0a962c8ff4492235.ts' for writing
[hls @ 0xaaab0e279420] Opening '/config/cache/transcodes/e29222e76729f032467e0a962c8ff4492236.ts' for writing
frame=18038 fps=257 q=28.0 size=N/A time=00:12:26.00 bitrate=N/A speed=10.6x    
[hls @ 0xaaab0e279420] Opening '/config/cache/transcodes/e29222e76729f032467e0a962c8ff4492237.ts' for writing
[hls @ 0xaaab0e279420] Opening '/config/cache/transcodes/e29222e76729f032467e0a962c8ff4492238.ts' for writing
frame=18212 fps=258 q=28.0 size=N/A time=00:12:33.25 bitrate=N/A speed=10.7x    
[hls @ 0xaaab0e279420] Opening '/config/cache/transcodes/e29222e76729f032467e0a962c8ff4492239.ts' for writing
[hls @ 0xaaab0e279420] Opening '/config/cache/transcodes/e29222e76729f032467e0a962c8ff4492240.ts' for writing
[hls @ 0xaaab0e279420] Opening '/config/cache/transcodes/e29222e76729f032467e0a962c8ff4492241.ts' for writing
frame=18386 fps=258 q=28.0 size=N/A time=00:12:40.54 bitrate=N/A speed=10.7x    
[hls @ 0xaaab0e279420] Opening '/config/cache/transcodes/e29222e76729f032467e0a962c8ff4492242.ts' for writing
[hls @ 0xaaab0e279420] Opening '/config/cache/transcodes/e29222e76729f032467e0a962c8ff4492243.ts' for writing
frame=18552 fps=259 q=28.0 size=N/A time=00:12:47.41 bitrate=N/A speed=10.7x    
[hls @ 0xaaab0e279420] Opening '/config/cache/transcodes/e29222e76729f032467e0a962c8ff4492244.ts' for writing
[hls @ 0xaaab0e279420] Opening '/config/cache/transcodes/e29222e76729f032467e0a962c8ff4492245.ts' for writing
frame=18688 fps=259 q=28.0 size=N/A time=00:12:53.08 bitrate=N/A speed=10.7x    
[hls @ 0xaaab0e279420] Opening '/config/cache/transcodes/e29222e76729f032467e0a962c8ff4492246.ts' for writing
frame=18790 fps=258 q=28.0 size=N/A time=00:12:57.33 bitrate=N/A speed=10.7x    
[hls @ 0xaaab0e279420] Opening '/config/cache/transcodes/e29222e76729f032467e0a962c8ff4492247.ts' for writing
[hls @ 0xaaab0e279420] Opening '/config/cache/transcodes/e29222e76729f032467e0a962c8ff4492248.ts' for writing
frame=18902 fps=258 q=28.0 size=N/A time=00:13:02.00 bitrate=N/A speed=10.7x    
[hls @ 0xaaab0e279420] Opening '/config/cache/transcodes/e29222e76729f032467e0a962c8ff4492249.ts' for writing
[hls @ 0xaaab0e279420] Opening '/config/cache/transcodes/e29222e76729f032467e0a962c8ff4492250.ts' for writing
frame=19014 fps=258 q=28.0 size=N/A time=00:13:06.66 bitrate=N/A speed=10.7x    
[hls @ 0xaaab0e279420] Opening '/config/cache/transcodes/e29222e76729f032467e0a962c8ff4492251.ts' for writing
frame=19113 fps=257 q=28.0 size=N/A time=00:13:10.83 bitrate=N/A speed=10.7x    
[hls @ 0xaaab0e279420] Opening '/config/cache/transcodes/e29222e76729f032467e0a962c8ff4492252.ts' for writing
[hls @ 0xaaab0e279420] Opening '/config/cache/transcodes/e29222e76729f032467e0a962c8ff4492253.ts' for writing
frame=19225 fps=257 q=28.0 size=N/A time=00:13:15.50 bitrate=N/A speed=10.6x    
[hls @ 0xaaab0e279420] Opening '/config/cache/transcodes/e29222e76729f032467e0a962c8ff4492254.ts' for writing
frame=19337 fps=257 q=28.0 size=N/A time=00:13:20.12 bitrate=N/A speed=10.6x    
[hls @ 0xaaab0e279420] Opening '/config/cache/transcodes/e29222e76729f032467e0a962c8ff4492255.ts' for writing
[hls @ 0xaaab0e279420] Opening '/config/cache/transcodes/e29222e76729f032467e0a962c8ff4492256.ts' for writing
frame=19446 fps=257 q=28.0 size=N/A time=00:13:24.66 bitrate=N/A speed=10.6x    
[hls @ 0xaaab0e279420] Opening '/config/cache/transcodes/e29222e76729f032467e0a962c8ff4492257.ts' for writing
frame=19570 fps=257 q=28.0 size=N/A time=00:13:29.83 bitrate=N/A speed=10.6x    
[hls @ 0xaaab0e279420] Opening '/config/cache/transcodes/e29222e76729f032467e0a962c8ff4492258.ts' for writing
[hls @ 0xaaab0e279420] Opening '/config/cache/transcodes/e29222e76729f032467e0a962c8ff4492259.ts' for writing
frame=19688 fps=257 q=28.0 size=N/A time=00:13:34.75 bitrate=N/A speed=10.6x    
[hls @ 0xaaab0e279420] Opening '/config/cache/transcodes/e29222e76729f032467e0a962c8ff4492260.ts' for writing
[hls @ 0xaaab0e279420] Opening '/config/cache/transcodes/e29222e76729f032467e0a962c8ff4492261.ts' for writing
frame=19819 fps=257 q=28.0 size=N/A time=00:13:40.20 bitrate=N/A speed=10.6x    
[hls @ 0xaaab0e279420] Opening '/config/cache/transcodes/e29222e76729f032467e0a962c8ff4492262.ts' for writing
frame=19942 fps=257 q=28.0 size=N/A time=00:13:45.33 bitrate=N/A speed=10.6x    
[hls @ 0xaaab0e279420] Opening '/config/cache/transcodes/e29222e76729f032467e0a962c8ff4492263.ts' for writing
[hls @ 0xaaab0e279420] Opening '/config/cache/transcodes/e29222e76729f032467e0a962c8ff4492264.ts' for writing
frame=20070 fps=257 q=28.0 size=N/A time=00:13:50.66 bitrate=N/A speed=10.6x    
[hls @ 0xaaab0e279420] Opening '/config/cache/transcodes/e29222e76729f032467e0a962c8ff4492265.ts' for writing
[hls @ 0xaaab0e279420] Opening '/config/cache/transcodes/e29222e76729f032467e0a962c8ff4492266.ts' for writing
frame=20189 fps=256 q=28.0 size=N/A time=00:13:55.66 bitrate=N/A speed=10.6x    
[hls @ 0xaaab0e279420] Opening '/config/cache/transcodes/e29222e76729f032467e0a962c8ff4492267.ts' for writing
[hls @ 0xaaab0e279420] Opening '/config/cache/transcodes/e29222e76729f032467e0a962c8ff4492268.ts' for writing
frame=20322 fps=256 q=28.0 size=N/A time=00:14:01.16 bitrate=N/A speed=10.6x    
[hls @ 0xaaab0e279420] Opening '/config/cache/transcodes/e29222e76729f032467e0a962c8ff4492269.ts' for writing
[hls @ 0xaaab0e279420] Opening '/config/cache/transcodes/e29222e76729f032467e0a962c8ff4492270.ts' for writing
frame=20452 fps=256 q=28.0 size=N/A time=00:14:06.58 bitrate=N/A speed=10.6x    
[hls @ 0xaaab0e279420] Opening '/config/cache/transcodes/e29222e76729f032467e0a962c8ff4492271.ts' for writing
[hls @ 0xaaab0e279420] Opening '/config/cache/transcodes/e29222e76729f032467e0a962c8ff4492272.ts' for writing
frame=20605 fps=257 q=28.0 size=N/A time=00:14:12.95 bitrate=N/A speed=10.6x    
[hls @ 0xaaab0e279420] Opening '/config/cache/transcodes/e29222e76729f032467e0a962c8ff4492273.ts' for writing
frame=20724 fps=257 q=28.0 size=N/A time=00:14:17.91 bitrate=N/A speed=10.6x    
[hls @ 0xaaab0e279420] Opening '/config/cache/transcodes/e29222e76729f032467e0a962c8ff4492274.ts' for writing
[hls @ 0xaaab0e279420] Opening '/config/cache/transcodes/e29222e76729f032467e0a962c8ff4492275.ts' for writing
frame=20857 fps=257 q=28.0 size=N/A time=00:14:23.45 bitrate=N/A speed=10.6x    
[hls @ 0xaaab0e279420] Opening '/config/cache/transcodes/e29222e76729f032467e0a962c8ff4492276.ts' for writing
[hls @ 0xaaab0e279420] Opening '/config/cache/transcodes/e29222e76729f032467e0a962c8ff4492277.ts' for writing
frame=20974 fps=257 q=28.0 size=N/A time=00:14:28.33 bitrate=N/A speed=10.6x    
[hls @ 0xaaab0e279420] Opening '/config/cache/transcodes/e29222e76729f032467e0a962c8ff4492278.ts' for writing
[hls @ 0xaaab0e279420] Opening '/config/cache/transcodes/e29222e76729f032467e0a962c8ff4492279.ts' for writing
frame=21146 fps=257 q=28.0 size=N/A time=00:14:35.50 bitrate=N/A speed=10.6x    
[hls @ 0xaaab0e279420] Opening '/config/cache/transcodes/e29222e76729f032467e0a962c8ff4492280.ts' for writing
[hls @ 0xaaab0e279420] Opening '/config/cache/transcodes/e29222e76729f032467e0a962c8ff4492281.ts' for writing
frame=21309 fps=258 q=28.0 size=N/A time=00:14:42.29 bitrate=N/A speed=10.7x    
[hls @ 0xaaab0e279420] Opening '/config/cache/transcodes/e29222e76729f032467e0a962c8ff4492282.ts' for writing
[hls @ 0xaaab0e279420] Opening '/config/cache/transcodes/e29222e76729f032467e0a962c8ff4492283.ts' for writing
[hls @ 0xaaab0e279420] Opening '/config/cache/transcodes/e29222e76729f032467e0a962c8ff4492284.ts' for writing
frame=21471 fps=258 q=28.0 size=N/A time=00:14:49.08 bitrate=N/A speed=10.7x    
[hls @ 0xaaab0e279420] Opening '/config/cache/transcodes/e29222e76729f032467e0a962c8ff4492285.ts' for writing
[hls @ 0xaaab0e279420] Opening '/config/cache/transcodes/e29222e76729f032467e0a962c8ff4492286.ts' for writing
frame=21625 fps=258 q=28.0 size=N/A time=00:14:55.45 bitrate=N/A speed=10.7x    
[hls @ 0xaaab0e279420] Opening '/config/cache/transcodes/e29222e76729f032467e0a962c8ff4492287.ts' for writing
[hls @ 0xaaab0e279420] Opening '/config/cache/transcodes/e29222e76729f032467e0a962c8ff4492288.ts' for writing
frame=21778 fps=258 q=28.0 size=N/A time=00:15:01.83 bitrate=N/A speed=10.7x    
[hls @ 0xaaab0e279420] Opening '/config/cache/transcodes/e29222e76729f032467e0a962c8ff4492289.ts' for writing
[hls @ 0xaaab0e279420] Opening '/config/cache/transcodes/e29222e76729f032467e0a962c8ff4492290.ts' for writing
frame=21930 fps=259 q=28.0 size=N/A time=00:15:08.16 bitrate=N/A speed=10.7x    
[hls @ 0xaaab0e279420] Opening '/config/cache/transcodes/e29222e76729f032467e0a962c8ff4492291.ts' for writing
[hls @ 0xaaab0e279420] Opening '/config/cache/transcodes/e29222e76729f032467e0a962c8ff4492292.ts' for writing
frame=22066 fps=259 q=28.0 size=N/A time=00:15:13.83 bitrate=N/A speed=10.7x    
[hls @ 0xaaab0e279420] Opening '/config/cache/transcodes/e29222e76729f032467e0a962c8ff4492293.ts' for writing
[hls @ 0xaaab0e279420] Opening '/config/cache/transcodes/e29222e76729f032467e0a962c8ff4492294.ts' for writing
frame=22230 fps=259 q=28.0 size=N/A time=00:15:20.66 bitrate=N/A speed=10.7x    
[hls @ 0xaaab0e279420] Opening '/config/cache/transcodes/e29222e76729f032467e0a962c8ff4492295.ts' for writing
[hls @ 0xaaab0e279420] Opening '/config/cache/transcodes/e29222e76729f032467e0a962c8ff4492296.ts' for writing
frame=22381 fps=259 q=28.0 size=N/A time=00:15:26.95 bitrate=N/A speed=10.7x    
[hls @ 0xaaab0e279420] Opening '/config/cache/transcodes/e29222e76729f032467e0a962c8ff4492297.ts' for writing
[hls @ 0xaaab0e279420] Opening '/config/cache/transcodes/e29222e76729f032467e0a962c8ff4492298.ts' for writing
frame=22497 fps=259 q=28.0 size=N/A time=00:15:31.79 bitrate=N/A speed=10.7x    
[hls @ 0xaaab0e279420] Opening '/config/cache/transcodes/e29222e76729f032467e0a962c8ff4492299.ts' for writing
[hls @ 0xaaab0e279420] Opening '/config/cache/transcodes/e29222e76729f032467e0a962c8ff4492300.ts' for writing
frame=22614 fps=259 q=28.0 size=N/A time=00:15:36.66 bitrate=N/A speed=10.7x    
[hls @ 0xaaab0e279420] Opening '/config/cache/transcodes/e29222e76729f032467e0a962c8ff4492301.ts' for writing
frame=22740 fps=259 q=28.0 size=N/A time=00:15:41.91 bitrate=N/A speed=10.7x    
[hls @ 0xaaab0e279420] Opening '/config/cache/transcodes/e29222e76729f032467e0a962c8ff4492302.ts' for writing
[hls @ 0xaaab0e279420] Opening '/config/cache/transcodes/e29222e76729f032467e0a962c8ff4492303.ts' for writing
frame=22863 fps=259 q=28.0 size=N/A time=00:15:47.04 bitrate=N/A speed=10.7x    
[hls @ 0xaaab0e279420] Opening '/config/cache/transcodes/e29222e76729f032467e0a962c8ff4492304.ts' for writing
[hls @ 0xaaab0e279420] Opening '/config/cache/transcodes/e29222e76729f032467e0a962c8ff4492305.ts' for writing
frame=23020 fps=259 q=28.0 size=N/A time=00:15:53.58 bitrate=N/A speed=10.7x    
[hls @ 0xaaab0e279420] Opening '/config/cache/transcodes/e29222e76729f032467e0a962c8ff4492306.ts' for writing
[hls @ 0xaaab0e279420] Opening '/config/cache/transcodes/e29222e76729f032467e0a962c8ff4492307.ts' for writing
frame=23150 fps=259 q=28.0 size=N/A time=00:15:59.00 bitrate=N/A speed=10.7x    
[hls @ 0xaaab0e279420] Opening '/config/cache/transcodes/e29222e76729f032467e0a962c8ff4492308.ts' for writing
[hls @ 0xaaab0e279420] Opening '/config/cache/transcodes/e29222e76729f032467e0a962c8ff4492309.ts' for writing
frame=23286 fps=259 q=28.0 size=N/A time=00:16:04.66 bitrate=N/A speed=10.7x    
[hls @ 0xaaab0e279420] Opening '/config/cache/transcodes/e29222e76729f032467e0a962c8ff4492310.ts' for writing
[hls @ 0xaaab0e279420] Opening '/config/cache/transcodes/e29222e76729f032467e0a962c8ff4492311.ts' for writing
frame=23426 fps=260 q=28.0 size=N/A time=00:16:10.54 bitrate=N/A speed=10.8x    
[hls @ 0xaaab0e279420] Opening '/config/cache/transcodes/e29222e76729f032467e0a962c8ff4492312.ts' for writing
[hls @ 0xaaab0e279420] Opening '/config/cache/transcodes/e29222e76729f032467e0a962c8ff4492313.ts' for writing
[hls @ 0xaaab0e279420] Opening '/config/cache/transcodes/e29222e76729f032467e0a962c8ff4492314.ts' for writing
frame=23618 fps=260 q=28.0 size=N/A time=00:16:18.50 bitrate=N/A speed=10.8x    
[hls @ 0xaaab0e279420] Opening '/config/cache/transcodes/e29222e76729f032467e0a962c8ff4492315.ts' for writing
[hls @ 0xaaab0e279420] Opening '/config/cache/transcodes/e29222e76729f032467e0a962c8ff4492316.ts' for writing
frame=23782 fps=261 q=28.0 size=N/A time=00:16:25.33 bitrate=N/A speed=10.8x    
[hls @ 0xaaab0e279420] Opening '/config/cache/transcodes/e29222e76729f032467e0a962c8ff4492317.ts' for writing
[hls @ 0xaaab0e279420] Opening '/config/cache/transcodes/e29222e76729f032467e0a962c8ff4492318.ts' for writing
frame=23935 fps=261 q=28.0 size=N/A time=00:16:31.70 bitrate=N/A speed=10.8x    
[hls @ 0xaaab0e279420] Opening '/config/cache/transcodes/e29222e76729f032467e0a962c8ff4492319.ts' for writing
[hls @ 0xaaab0e279420] Opening '/config/cache/transcodes/e29222e76729f032467e0a962c8ff4492320.ts' for writing
frame=24074 fps=261 q=28.0 size=N/A time=00:16:37.50 bitrate=N/A speed=10.8x    
[hls @ 0xaaab0e279420] Opening '/config/cache/transcodes/e29222e76729f032467e0a962c8ff4492321.ts' for writing
[hls @ 0xaaab0e279420] Opening '/config/cache/transcodes/e29222e76729f032467e0a962c8ff4492322.ts' for writing
frame=24217 fps=261 q=28.0 size=N/A time=00:16:43.45 bitrate=N/A speed=10.8x    
[hls @ 0xaaab0e279420] Opening '/config/cache/transcodes/e29222e76729f032467e0a962c8ff4492323.ts' for writing
[hls @ 0xaaab0e279420] Opening '/config/cache/transcodes/e29222e76729f032467e0a962c8ff4492324.ts' for writing
frame=24374 fps=261 q=28.0 size=N/A time=00:16:50.00 bitrate=N/A speed=10.8x    
[hls @ 0xaaab0e279420] Opening '/config/cache/transcodes/e29222e76729f032467e0a962c8ff4492325.ts' for writing
[hls @ 0xaaab0e279420] Opening '/config/cache/transcodes/e29222e76729f032467e0a962c8ff4492326.ts' for writing
frame=24517 fps=261 q=28.0 size=N/A time=00:16:55.95 bitrate=N/A speed=10.8x    
[hls @ 0xaaab0e279420] Opening '/config/cache/transcodes/e29222e76729f032467e0a962c8ff4492327.ts' for writing
[hls @ 0xaaab0e279420] Opening '/config/cache/transcodes/e29222e76729f032467e0a962c8ff4492328.ts' for writing
frame=24680 fps=262 q=28.0 size=N/A time=00:17:02.75 bitrate=N/A speed=10.8x    
[hls @ 0xaaab0e279420] Opening '/config/cache/transcodes/e29222e76729f032467e0a962c8ff4492329.ts' for writing
[hls @ 0xaaab0e279420] Opening '/config/cache/transcodes/e29222e76729f032467e0a962c8ff4492330.ts' for writing
[hls @ 0xaaab0e279420] Opening '/config/cache/transcodes/e29222e76729f032467e0a962c8ff4492331.ts' for writing
frame=24844 fps=262 q=28.0 size=N/A time=00:17:09.58 bitrate=N/A speed=10.9x    
[hls @ 0xaaab0e279420] Opening '/config/cache/transcodes/e29222e76729f032467e0a962c8ff4492332.ts' for writing
[hls @ 0xaaab0e279420] Opening '/config/cache/transcodes/e29222e76729f032467e0a962c8ff4492333.ts' for writing
[hls @ 0xaaab0e279420] Opening '/config/cache/transcodes/e29222e76729f032467e0a962c8ff4492334.ts' for writing
frame=25070 fps=263 q=28.0 size=N/A time=00:17:19.00 bitrate=N/A speed=10.9x    
[hls @ 0xaaab0e279420] Opening '/config/cache/transcodes/e29222e76729f032467e0a962c8ff4492335.ts' for writing
[hls @ 0xaaab0e279420] Opening '/config/cache/transcodes/e29222e76729f032467e0a962c8ff4492336.ts' for writing
frame=25261 fps=264 q=28.0 size=N/A time=00:17:26.95 bitrate=N/A speed=10.9x    
[hls @ 0xaaab0e279420] Opening '/config/cache/transcodes/e29222e76729f032467e0a962c8ff4492337.ts' for writing
[hls @ 0xaaab0e279420] Opening '/config/cache/transcodes/e29222e76729f032467e0a962c8ff4492338.ts' for writing
[hls @ 0xaaab0e279420] Opening '/config/cache/transcodes/e29222e76729f032467e0a962c8ff4492339.ts' for writing
[hls @ 0xaaab0e279420] Opening '/config/cache/transcodes/e29222e76729f032467e0a962c8ff4492340.ts' for writing
frame=25510 fps=265 q=28.0 size=N/A time=00:17:37.33 bitrate=N/A speed=  11x    
[hls @ 0xaaab0e279420] Opening '/config/cache/transcodes/e29222e76729f032467e0a962c8ff4492341.ts' for writing
[hls @ 0xaaab0e279420] Opening '/config/cache/transcodes/e29222e76729f032467e0a962c8ff4492342.ts' for writing
frame=25681 fps=265 q=28.0 size=N/A time=00:17:44.50 bitrate=N/A speed=  11x    
[hls @ 0xaaab0e279420] Opening '/config/cache/transcodes/e29222e76729f032467e0a962c8ff4492343.ts' for writing
[hls @ 0xaaab0e279420] Opening '/config/cache/transcodes/e29222e76729f032467e0a962c8ff4492344.ts' for writing
[hls @ 0xaaab0e279420] Opening '/config/cache/transcodes/e29222e76729f032467e0a962c8ff4492345.ts' for writing
frame=25858 fps=266 q=28.0 size=N/A time=00:17:51.83 bitrate=N/A speed=  11x    
[hls @ 0xaaab0e279420] Opening '/config/cache/transcodes/e29222e76729f032467e0a962c8ff4492346.ts' for writing
[hls @ 0xaaab0e279420] Opening '/config/cache/transcodes/e29222e76729f032467e0a962c8ff4492347.ts' for writing
frame=25998 fps=266 q=28.0 size=N/A time=00:17:57.66 bitrate=N/A speed=  11x    
[hls @ 0xaaab0e279420] Opening '/config/cache/transcodes/e29222e76729f032467e0a962c8ff4492348.ts' for writing
[hls @ 0xaaab0e279420] Opening '/config/cache/transcodes/e29222e76729f032467e0a962c8ff4492349.ts' for writing
frame=26199 fps=267 q=28.0 size=N/A time=00:18:06.04 bitrate=N/A speed=11.1x    
[hls @ 0xaaab0e279420] Opening '/config/cache/transcodes/e29222e76729f032467e0a962c8ff4492350.ts' for writing
[hls @ 0xaaab0e279420] Opening '/config/cache/transcodes/e29222e76729f032467e0a962c8ff4492351.ts' for writing
frame=26322 fps=266 q=28.0 size=N/A time=00:18:11.16 bitrate=N/A speed=  11x    
[hls @ 0xaaab0e279420] Opening '/config/cache/transcodes/e29222e76729f032467e0a962c8ff4492352.ts' for writing
[hls @ 0xaaab0e279420] Opening '/config/cache/transcodes/e29222e76729f032467e0a962c8ff4492353.ts' for writing
frame=26450 fps=266 q=28.0 size=N/A time=00:18:16.50 bitrate=N/A speed=  11x    
[hls @ 0xaaab0e279420] Opening '/config/cache/transcodes/e29222e76729f032467e0a962c8ff4492354.ts' for writing
[hls @ 0xaaab0e279420] Opening '/config/cache/transcodes/e29222e76729f032467e0a962c8ff4492355.ts' for writing
frame=26586 fps=266 q=28.0 size=N/A time=00:18:22.16 bitrate=N/A speed=  11x    
[hls @ 0xaaab0e279420] Opening '/config/cache/transcodes/e29222e76729f032467e0a962c8ff4492356.ts' for writing
[hls @ 0xaaab0e279420] Opening '/config/cache/transcodes/e29222e76729f032467e0a962c8ff4492357.ts' for writing
frame=26722 fps=266 q=28.0 size=N/A time=00:18:27.83 bitrate=N/A speed=  11x    
[hls @ 0xaaab0e279420] Opening '/config/cache/transcodes/e29222e76729f032467e0a962c8ff4492358.ts' for writing
frame=26845 fps=266 q=28.0 size=N/A time=00:18:32.95 bitrate=N/A speed=  11x    
[hls @ 0xaaab0e279420] Opening '/config/cache/transcodes/e29222e76729f032467e0a962c8ff4492359.ts' for writing
[hls @ 0xaaab0e279420] Opening '/config/cache/transcodes/e29222e76729f032467e0a962c8ff4492360.ts' for writing
frame=26986 fps=266 q=28.0 size=N/A time=00:18:38.83 bitrate=N/A speed=  11x    
[hls @ 0xaaab0e279420] Opening '/config/cache/transcodes/e29222e76729f032467e0a962c8ff4492361.ts' for writing
[hls @ 0xaaab0e279420] Opening '/config/cache/transcodes/e29222e76729f032467e0a962c8ff4492362.ts' for writing
frame=27141 fps=267 q=28.0 size=N/A time=00:18:45.29 bitrate=N/A speed=11.1x    
[hls @ 0xaaab0e279420] Opening '/config/cache/transcodes/e29222e76729f032467e0a962c8ff4492363.ts' for writing
[hls @ 0xaaab0e279420] Opening '/config/cache/transcodes/e29222e76729f032467e0a962c8ff4492364.ts' for writing
frame=27282 fps=267 q=28.0 size=N/A time=00:18:51.16 bitrate=N/A speed=11.1x    
[hls @ 0xaaab0e279420] Opening '/config/cache/transcodes/e29222e76729f032467e0a962c8ff4492365.ts' for writing
[hls @ 0xaaab0e279420] Opening '/config/cache/transcodes/e29222e76729f032467e0a962c8ff4492366.ts' for writing
frame=27394 fps=266 q=28.0 size=N/A time=00:18:55.83 bitrate=N/A speed=  11x    
[hls @ 0xaaab0e279420] Opening '/config/cache/transcodes/e29222e76729f032467e0a962c8ff4492367.ts' for writing
[hls @ 0xaaab0e279420] Opening '/config/cache/transcodes/e29222e76729f032467e0a962c8ff4492368.ts' for writing
frame=27513 fps=266 q=28.0 size=N/A time=00:19:00.83 bitrate=N/A speed=  11x    
[hls @ 0xaaab0e279420] Opening '/config/cache/transcodes/e29222e76729f032467e0a962c8ff4492369.ts' for writing
frame=27631 fps=266 q=28.0 size=N/A time=00:19:05.70 bitrate=N/A speed=  11x    
[hls @ 0xaaab0e279420] Opening '/config/cache/transcodes/e29222e76729f032467e0a962c8ff4492370.ts' for writing
[hls @ 0xaaab0e279420] Opening '/config/cache/transcodes/e29222e76729f032467e0a962c8ff4492371.ts' for writing
frame=27766 fps=266 q=28.0 size=N/A time=00:19:11.33 bitrate=N/A speed=  11x    
[hls @ 0xaaab0e279420] Opening '/config/cache/transcodes/e29222e76729f032467e0a962c8ff4492372.ts' for writing
[hls @ 0xaaab0e279420] Opening '/config/cache/transcodes/e29222e76729f032467e0a962c8ff4492373.ts' for writing
frame=27900 fps=266 q=28.0 size=N/A time=00:19:16.91 bitrate=N/A speed=  11x    
[hls @ 0xaaab0e279420] Opening '/config/cache/transcodes/e29222e76729f032467e0a962c8ff4492374.ts' for writing
[hls @ 0xaaab0e279420] Opening '/config/cache/transcodes/e29222e76729f032467e0a962c8ff4492375.ts' for writing
frame=28026 fps=266 q=28.0 size=N/A time=00:19:22.16 bitrate=N/A speed=  11x    
[hls @ 0xaaab0e279420] Opening '/config/cache/transcodes/e29222e76729f032467e0a962c8ff4492376.ts' for writing
[hls @ 0xaaab0e279420] Opening '/config/cache/transcodes/e29222e76729f032467e0a962c8ff4492377.ts' for writing
frame=28153 fps=266 q=28.0 size=N/A time=00:19:27.45 bitrate=N/A speed=  11x    
[hls @ 0xaaab0e279420] Opening '/config/cache/transcodes/e29222e76729f032467e0a962c8ff4492378.ts' for writing
[hls @ 0xaaab0e279420] Opening '/config/cache/transcodes/e29222e76729f032467e0a962c8ff4492379.ts' for writing
frame=28297 fps=266 q=28.0 size=N/A time=00:19:33.54 bitrate=N/A speed=  11x    
[hls @ 0xaaab0e279420] Opening '/config/cache/transcodes/e29222e76729f032467e0a962c8ff4492380.ts' for writing
frame=28439 fps=266 q=28.0 size=N/A time=00:19:39.37 bitrate=N/A speed=  11x    
[hls @ 0xaaab0e279420] Opening '/config/cache/transcodes/e29222e76729f032467e0a962c8ff4492381.ts' for writing
[hls @ 0xaaab0e279420] Opening '/config/cache/transcodes/e29222e76729f032467e0a962c8ff4492382.ts' for writing
frame=28536 fps=266 q=28.0 size=N/A time=00:19:43.41 bitrate=N/A speed=  11x    
[hls @ 0xaaab0e279420] Opening '/config/cache/transcodes/e29222e76729f032467e0a962c8ff4492383.ts' for writing
frame=28639 fps=266 q=28.0 size=N/A time=00:19:47.70 bitrate=N/A speed=  11x    
[hls @ 0xaaab0e279420] Opening '/config/cache/transcodes/e29222e76729f032467e0a962c8ff4492384.ts' for writing
[hls @ 0xaaab0e279420] Opening '/config/cache/transcodes/e29222e76729f032467e0a962c8ff4492385.ts' for writing
frame=28729 fps=265 q=28.0 size=N/A time=00:19:51.45 bitrate=N/A speed=  11x    
[hls @ 0xaaab0e279420] Opening '/config/cache/transcodes/e29222e76729f032467e0a962c8ff4492386.ts' for writing
frame=28819 fps=265 q=28.0 size=N/A time=00:19:55.20 bitrate=N/A speed=  11x    
[hls @ 0xaaab0e279420] Opening '/config/cache/transcodes/e29222e76729f032467e0a962c8ff4492387.ts' for writing
frame=28911 fps=264 q=28.0 size=N/A time=00:19:59.04 bitrate=N/A speed=  11x    
[hls @ 0xaaab0e279420] Opening '/config/cache/transcodes/e29222e76729f032467e0a962c8ff4492388.ts' for writing
[hls @ 0xaaab0e279420] Opening '/config/cache/transcodes/e29222e76729f032467e0a962c8ff4492389.ts' for writing
frame=29022 fps=264 q=28.0 size=N/A time=00:20:03.66 bitrate=N/A speed=  11x    
[hls @ 0xaaab0e279420] Opening '/config/cache/transcodes/e29222e76729f032467e0a962c8ff4492390.ts' for writing
frame=29147 fps=264 q=34.0 size=N/A time=00:20:08.87 bitrate=N/A speed=  11x    
[hls @ 0xaaab0e279420] Opening '/config/cache/transcodes/e29222e76729f032467e0a962c8ff4492391.ts' for writing
[hls @ 0xaaab0e279420] Opening '/config/cache/transcodes/e29222e76729f032467e0a962c8ff4492392.ts' for writing
frame=29242 fps=264 q=34.0 size=N/A time=00:20:12.83 bitrate=N/A speed=10.9x    
[hls @ 0xaaab0e279420] Opening '/config/cache/transcodes/e29222e76729f032467e0a962c8ff4492393.ts' for writing
frame=29330 fps=263 q=29.0 size=N/A time=00:20:16.50 bitrate=N/A speed=10.9x    
[hls @ 0xaaab0e279420] Opening '/config/cache/transcodes/e29222e76729f032467e0a962c8ff4492394.ts' for writing
frame=29418 fps=263 q=28.0 size=N/A time=00:20:20.16 bitrate=N/A speed=10.9x    
[hls @ 0xaaab0e279420] Opening '/config/cache/transcodes/e29222e76729f032467e0a962c8ff4492395.ts' for writing
frame=29517 fps=263 q=28.0 size=N/A time=00:20:24.29 bitrate=N/A speed=10.9x    
[hls @ 0xaaab0e279420] Opening '/config/cache/transcodes/e29222e76729f032467e0a962c8ff4492396.ts' for writing
[hls @ 0xaaab0e279420] Opening '/config/cache/transcodes/e29222e76729f032467e0a962c8ff4492397.ts' for writing
frame=29599 fps=262 q=28.0 size=N/A time=00:20:27.70 bitrate=N/A speed=10.9x    
[hls @ 0xaaab0e279420] Opening '/config/cache/transcodes/e29222e76729f032467e0a962c8ff4492398.ts' for writing
frame=29706 fps=262 q=28.0 size=N/A time=00:20:32.16 bitrate=N/A speed=10.9x    
[hls @ 0xaaab0e279420] Opening '/config/cache/transcodes/e29222e76729f032467e0a962c8ff4492399.ts' for writing
frame=29794 fps=262 q=28.0 size=N/A time=00:20:35.83 bitrate=N/A speed=10.9x    
[hls @ 0xaaab0e279420] Opening '/config/cache/transcodes/e29222e76729f032467e0a962c8ff4492400.ts' for writing
[hls @ 0xaaab0e279420] Opening '/config/cache/transcodes/e29222e76729f032467e0a962c8ff4492401.ts' for writing
frame=29898 fps=262 q=28.0 size=N/A time=00:20:40.16 bitrate=N/A speed=10.8x    
[hls @ 0xaaab0e279420] Opening '/config/cache/transcodes/e29222e76729f032467e0a962c8ff4492402.ts' for writing
frame=29978 fps=261 q=28.0 size=N/A time=00:20:43.50 bitrate=N/A speed=10.8x    
[hls @ 0xaaab0e279420] Opening '/config/cache/transcodes/e29222e76729f032467e0a962c8ff4492403.ts' for writing
frame=30060 fps=261 q=28.0 size=N/A time=00:20:46.91 bitrate=N/A speed=10.8x    
[hls @ 0xaaab0e279420] Opening '/config/cache/transcodes/e29222e76729f032467e0a962c8ff4492404.ts' for writing
[hls @ 0xaaab0e279420] Opening '/config/cache/transcodes/e29222e76729f032467e0a962c8ff4492405.ts' for writing
frame=30174 fps=260 q=28.0 size=N/A time=00:20:51.66 bitrate=N/A speed=10.8x    
[hls @ 0xaaab0e279420] Opening '/config/cache/transcodes/e29222e76729f032467e0a962c8ff4492406.ts' for writing
frame=30286 fps=260 q=28.0 size=N/A time=00:20:56.33 bitrate=N/A speed=10.8x    
[hls @ 0xaaab0e279420] Opening '/config/cache/transcodes/e29222e76729f032467e0a962c8ff4492407.ts' for writing
[hls @ 0xaaab0e279420] Opening '/config/cache/transcodes/e29222e76729f032467e0a962c8ff4492408.ts' for writing
frame=30411 fps=260 q=28.0 size=N/A time=00:21:01.54 bitrate=N/A speed=10.8x    
[hls @ 0xaaab0e279420] Opening '/config/cache/transcodes/e29222e76729f032467e0a962c8ff4492409.ts' for writing
[hls @ 0xaaab0e279420] Opening '/config/cache/transcodes/e29222e76729f032467e0a962c8ff4492410.ts' for writing
frame=30537 fps=260 q=28.0 size=N/A time=00:21:06.79 bitrate=N/A speed=10.8x    
[hls @ 0xaaab0e279420] Opening '/config/cache/transcodes/e29222e76729f032467e0a962c8ff4492411.ts' for writing
frame=30627 fps=260 q=28.0 size=N/A time=00:21:10.54 bitrate=N/A speed=10.8x    
[hls @ 0xaaab0e279420] Opening '/config/cache/transcodes/e29222e76729f032467e0a962c8ff4492412.ts' for writing
frame=30742 fps=260 q=28.0 size=N/A time=00:21:15.33 bitrate=N/A speed=10.8x    
[hls @ 0xaaab0e279420] Opening '/config/cache/transcodes/e29222e76729f032467e0a962c8ff4492413.ts' for writing
[hls @ 0xaaab0e279420] Opening '/config/cache/transcodes/e29222e76729f032467e0a962c8ff4492414.ts' for writing
frame=30866 fps=260 q=28.0 size=N/A time=00:21:20.50 bitrate=N/A speed=10.8x    
[hls @ 0xaaab0e279420] Opening '/config/cache/transcodes/e29222e76729f032467e0a962c8ff4492415.ts' for writing
[hls @ 0xaaab0e279420] Opening '/config/cache/transcodes/e29222e76729f032467e0a962c8ff4492416.ts' for writing
[hls @ 0xaaab0e279420] Opening '/config/cache/transcodes/e29222e76729f032467e0a962c8ff4492417.ts' for writing
frame=31081 fps=260 q=28.0 size=N/A time=00:21:29.45 bitrate=N/A speed=10.8x    
[hls @ 0xaaab0e279420] Opening '/config/cache/transcodes/e29222e76729f032467e0a962c8ff4492418.ts' for writing
[hls @ 0xaaab0e279420] Opening '/config/cache/transcodes/e29222e76729f032467e0a962c8ff4492419.ts' for writing
frame=31186 fps=260 q=28.0 size=N/A time=00:21:33.83 bitrate=N/A speed=10.8x    
[hls @ 0xaaab0e279420] Opening '/config/cache/transcodes/e29222e76729f032467e0a962c8ff4492420.ts' for writing
frame=31274 fps=260 q=28.0 size=N/A time=00:21:37.50 bitrate=N/A speed=10.8x    
[hls @ 0xaaab0e279420] Opening '/config/cache/transcodes/e29222e76729f032467e0a962c8ff4492421.ts' for writing
frame=31358 fps=259 q=28.0 size=N/A time=00:21:41.00 bitrate=N/A speed=10.8x    
[hls @ 0xaaab0e279420] Opening '/config/cache/transcodes/e29222e76729f032467e0a962c8ff4492422.ts' for writing
frame=31442 fps=259 q=28.0 size=N/A time=00:21:44.50 bitrate=N/A speed=10.8x    
[hls @ 0xaaab0e279420] Opening '/config/cache/transcodes/e29222e76729f032467e0a962c8ff4492423.ts' for writing
[hls @ 0xaaab0e279420] Opening '/config/cache/transcodes/e29222e76729f032467e0a962c8ff4492424.ts' for writing
frame=31563 fps=259 q=28.0 size=N/A time=00:21:49.54 bitrate=N/A speed=10.7x    
[hls @ 0xaaab0e279420] Opening '/config/cache/transcodes/e29222e76729f032467e0a962c8ff4492425.ts' for writing
[hls @ 0xaaab0e279420] Opening '/config/cache/transcodes/e29222e76729f032467e0a962c8ff4492426.ts' for writing
frame=31689 fps=259 q=28.0 size=N/A time=00:21:54.79 bitrate=N/A speed=10.7x    
[hls @ 0xaaab0e279420] Opening '/config/cache/transcodes/e29222e76729f032467e0a962c8ff4492427.ts' for writing
frame=31811 fps=259 q=28.0 size=N/A time=00:21:59.87 bitrate=N/A speed=10.7x    
[hls @ 0xaaab0e279420] Opening '/config/cache/transcodes/e29222e76729f032467e0a962c8ff4492428.ts' for writing
[hls @ 0xaaab0e279420] Opening '/config/cache/transcodes/e29222e76729f032467e0a962c8ff4492429.ts' for writing
frame=31916 fps=259 q=28.0 size=N/A time=00:22:04.25 bitrate=N/A speed=10.7x    
[hls @ 0xaaab0e279420] Opening '/config/cache/transcodes/e29222e76729f032467e0a962c8ff4492430.ts' for writing
frame=32028 fps=259 q=28.0 size=N/A time=00:22:08.91 bitrate=N/A speed=10.7x    
[hls @ 0xaaab0e279420] Opening '/config/cache/transcodes/e29222e76729f032467e0a962c8ff4492431.ts' for writing
[hls @ 0xaaab0e279420] Opening '/config/cache/transcodes/e29222e76729f032467e0a962c8ff4492432.ts' for writing
frame=32174 fps=259 q=25.0 size=N/A time=00:22:15.00 bitrate=N/A speed=10.7x    
[hls @ 0xaaab0e279420] Opening '/config/cache/transcodes/e29222e76729f032467e0a962c8ff4492433.ts' for writing
[hls @ 0xaaab0e279420] Opening '/config/cache/transcodes/e29222e76729f032467e0a962c8ff4492434.ts' for writing
[hls @ 0xaaab0e279420] Opening '/config/cache/transcodes/e29222e76729f032467e0a962c8ff4492435.ts' for writing
frame=32347 fps=259 q=28.0 size=N/A time=00:22:22.20 bitrate=N/A speed=10.8x    
[hls @ 0xaaab0e279420] Opening '/config/cache/transcodes/e29222e76729f032467e0a962c8ff4492436.ts' for writing
frame=32464 fps=259 q=35.0 size=N/A time=00:22:27.08 bitrate=N/A speed=10.7x    
[hls @ 0xaaab0e279420] Opening '/config/cache/transcodes/e29222e76729f032467e0a962c8ff4492437.ts' for writing
[hls @ 0xaaab0e279420] Opening '/config/cache/transcodes/e29222e76729f032467e0a962c8ff4492438.ts' for writing
frame=32562 fps=259 q=30.0 size=N/A time=00:22:31.16 bitrate=N/A speed=10.7x    
[hls @ 0xaaab0e279420] Opening '/config/cache/transcodes/e29222e76729f032467e0a962c8ff4492439.ts' for writing
frame=32654 fps=258 q=36.0 size=N/A time=00:22:35.00 bitrate=N/A speed=10.7x    
[hls @ 0xaaab0e279420] Opening '/config/cache/transcodes/e29222e76729f032467e0a962c8ff4492440.ts' for writing
frame=32751 fps=258 q=33.0 size=N/A time=00:22:39.04 bitrate=N/A speed=10.7x    
[hls @ 0xaaab0e279420] Opening '/config/cache/transcodes/e29222e76729f032467e0a962c8ff4492441.ts' for writing
[hls @ 0xaaab0e279420] Opening '/config/cache/transcodes/e29222e76729f032467e0a962c8ff4492442.ts' for writing
frame=32854 fps=258 q=32.0 size=N/A time=00:22:43.33 bitrate=N/A speed=10.7x    
[hls @ 0xaaab0e279420] Opening '/config/cache/transcodes/e29222e76729f032467e0a962c8ff4492443.ts' for writing
frame=32946 fps=258 q=31.0 size=N/A time=00:22:47.16 bitrate=N/A speed=10.7x    
[hls @ 0xaaab0e279420] Opening '/config/cache/transcodes/e29222e76729f032467e0a962c8ff4492444.ts' for writing
frame=33035 fps=257 q=28.0 size=N/A time=00:22:50.87 bitrate=N/A speed=10.7x    
[hls @ 0xaaab0e279420] Opening '/config/cache/transcodes/e29222e76729f032467e0a962c8ff4492445.ts' for writing
[hls @ 0xaaab0e279420] Opening '/config/cache/transcodes/e29222e76729f032467e0a962c8ff4492446.ts' for writing
frame=33126 fps=257 q=31.0 size=N/A time=00:22:54.66 bitrate=N/A speed=10.7x    
[hls @ 0xaaab0e279420] Opening '/config/cache/transcodes/e29222e76729f032467e0a962c8ff4492447.ts' for writing
frame=33228 fps=257 q=28.0 size=N/A time=00:22:59.00 bitrate=N/A speed=10.7x    
[hls @ 0xaaab0e279420] Opening '/config/cache/transcodes/e29222e76729f032467e0a962c8ff4492448.ts' for writing
[hls @ 0xaaab0e279420] Opening '/config/cache/transcodes/e29222e76729f032467e0a962c8ff4492449.ts' for writing
frame=33361 fps=257 q=28.0 size=N/A time=00:23:04.45 bitrate=N/A speed=10.7x    
[hls @ 0xaaab0e279420] Opening '/config/cache/transcodes/e29222e76729f032467e0a962c8ff4492450.ts' for writing
frame=33452 fps=257 q=28.0 size=N/A time=00:23:08.25 bitrate=N/A speed=10.6x    
[hls @ 0xaaab0e279420] Opening '/config/cache/transcodes/e29222e76729f032467e0a962c8ff4492451.ts' for writing
frame=33538 fps=256 q=28.0 size=N/A time=00:23:11.83 bitrate=N/A speed=10.6x    
[hls @ 0xaaab0e279420] Opening '/config/cache/transcodes/e29222e76729f032467e0a962c8ff4492452.ts' for writing
[hls @ 0xaaab0e279420] Opening '/config/cache/transcodes/e29222e76729f032467e0a962c8ff4492453.ts' for writing
frame=33627 fps=256 q=28.0 size=N/A time=00:23:15.54 bitrate=N/A speed=10.6x    
[hls @ 0xaaab0e279420] Opening '/config/cache/transcodes/e29222e76729f032467e0a962c8ff4492454.ts' for writing
frame=33711 fps=256 q=28.0 size=N/A time=00:23:19.04 bitrate=N/A speed=10.6x    
[hls @ 0xaaab0e279420] Opening '/config/cache/transcodes/e29222e76729f032467e0a962c8ff4492455.ts' for writing
frame=33820 fps=255 q=28.0 size=N/A time=00:23:23.58 bitrate=N/A speed=10.6x    
[hls @ 0xaaab0e279420] Opening '/config/cache/transcodes/e29222e76729f032467e0a962c8ff4492456.ts' for writing
[hls @ 0xaaab0e279420] Opening '/config/cache/transcodes/e29222e76729f032467e0a962c8ff4492457.ts' for writing
frame=33932 fps=255 q=28.0 size=N/A time=00:23:28.29 bitrate=N/A speed=10.6x    
[hls @ 0xaaab0e279420] Opening '/config/cache/transcodes/e29222e76729f032467e0a962c8ff4492458.ts' for writing
frame=34050 fps=255 q=28.0 size=N/A time=00:23:33.16 bitrate=N/A speed=10.6x    
[hls @ 0xaaab0e279420] Opening '/config/cache/transcodes/e29222e76729f032467e0a962c8ff4492459.ts' for writing
[hls @ 0xaaab0e279420] Opening '/config/cache/transcodes/e29222e76729f032467e0a962c8ff4492460.ts' for writing
frame=34156 fps=255 q=28.0 size=N/A time=00:23:37.58 bitrate=N/A speed=10.6x    
[hls @ 0xaaab0e279420] Opening '/config/cache/transcodes/e29222e76729f032467e0a962c8ff4492461.ts' for writing
frame=34258 fps=255 q=28.0 size=N/A time=00:23:41.83 bitrate=N/A speed=10.6x    
[hls @ 0xaaab0e279420] Opening '/config/cache/transcodes/e29222e76729f032467e0a962c8ff4492462.ts' for writing
frame=34342 fps=255 q=36.0 size=N/A time=00:23:45.33 bitrate=N/A speed=10.6x    
[hls @ 0xaaab0e279420] Opening '/config/cache/transcodes/e29222e76729f032467e0a962c8ff4492463.ts' for writing
[hls @ 0xaaab0e279420] Opening '/config/cache/transcodes/e29222e76729f032467e0a962c8ff4492464.ts' for writing
frame=34438 fps=254 q=28.0 size=N/A time=00:23:49.33 bitrate=N/A speed=10.6x    
[hls @ 0xaaab0e279420] Opening '/config/cache/transcodes/e29222e76729f032467e0a962c8ff4492465.ts' for writing
frame=34535 fps=254 q=28.0 size=N/A time=00:23:53.37 bitrate=N/A speed=10.5x    
[hls @ 0xaaab0e279420] Opening '/config/cache/transcodes/e29222e76729f032467e0a962c8ff4492466.ts' for writing
frame=34623 fps=254 q=28.0 size=N/A time=00:23:57.04 bitrate=N/A speed=10.5x    
[hls @ 0xaaab0e279420] Opening '/config/cache/transcodes/e29222e76729f032467e0a962c8ff4492467.ts' for writing
[hls @ 0xaaab0e279420] Opening '/config/cache/transcodes/e29222e76729f032467e0a962c8ff4492468.ts' for writing
frame=34706 fps=254 q=28.0 size=N/A time=00:24:00.54 bitrate=N/A speed=10.5x    
[hls @ 0xaaab0e279420] Opening '/config/cache/transcodes/e29222e76729f032467e0a962c8ff4492469.ts' for writing
frame=34830 fps=254 q=28.0 size=N/A time=00:24:05.66 bitrate=N/A speed=10.5x    
[hls @ 0xaaab0e279420] Opening '/config/cache/transcodes/e29222e76729f032467e0a962c8ff4492470.ts' for writing
frame=34914 fps=253 q=28.0 size=N/A time=00:24:09.16 bitrate=N/A speed=10.5x    
[hls @ 0xaaab0e279420] Opening '/config/cache/transcodes/e29222e76729f032467e0a962c8ff4492471.ts' for writing
[hls @ 0xaaab0e279420] Opening '/config/cache/transcodes/e29222e76729f032467e0a962c8ff4492472.ts' for writing
frame=35004 fps=253 q=28.0 size=N/A time=00:24:12.91 bitrate=N/A speed=10.5x    
[hls @ 0xaaab0e279420] Opening '/config/cache/transcodes/e29222e76729f032467e0a962c8ff4492473.ts' for writing
frame=35111 fps=253 q=28.0 size=N/A time=00:24:17.37 bitrate=N/A speed=10.5x    
[hls @ 0xaaab0e279420] Opening '/config/cache/transcodes/e29222e76729f032467e0a962c8ff4492474.ts' for writing
[hls @ 0xaaab0e279420] Opening '/config/cache/transcodes/e29222e76729f032467e0a962c8ff4492475.ts' for writing
frame=35222 fps=253 q=28.0 size=N/A time=00:24:22.00 bitrate=N/A speed=10.5x    
[hls @ 0xaaab0e279420] Opening '/config/cache/transcodes/e29222e76729f032467e0a962c8ff4492476.ts' for writing
frame=35313 fps=252 q=28.0 size=N/A time=00:24:25.79 bitrate=N/A speed=10.5x    
[hls @ 0xaaab0e279420] Opening '/config/cache/transcodes/e29222e76729f032467e0a962c8ff4492477.ts' for writing
[hls @ 0xaaab0e279420] Opening '/config/cache/transcodes/e29222e76729f032467e0a962c8ff4492478.ts' for writing
frame=35434 fps=252 q=28.0 size=N/A time=00:24:30.83 bitrate=N/A speed=10.5x    
[hls @ 0xaaab0e279420] Opening '/config/cache/transcodes/e29222e76729f032467e0a962c8ff4492479.ts' for writing
frame=35539 fps=252 q=28.0 size=N/A time=00:24:35.20 bitrate=N/A speed=10.5x    
[hls @ 0xaaab0e279420] Opening '/config/cache/transcodes/e29222e76729f032467e0a962c8ff4492480.ts' for writing
[hls @ 0xaaab0e279420] Opening '/config/cache/transcodes/e29222e76729f032467e0a962c8ff4492481.ts' for writing
frame=35655 fps=252 q=28.0 size=N/A time=00:24:40.04 bitrate=N/A speed=10.5x    
[hls @ 0xaaab0e279420] Opening '/config/cache/transcodes/e29222e76729f032467e0a962c8ff4492482.ts' for writing
frame=35770 fps=252 q=28.0 size=N/A time=00:24:44.83 bitrate=N/A speed=10.5x    
[hls @ 0xaaab0e279420] Opening '/config/cache/transcodes/e29222e76729f032467e0a962c8ff4492483.ts' for writing
[hls @ 0xaaab0e279420] Opening '/config/cache/transcodes/e29222e76729f032467e0a962c8ff4492484.ts' for writing
frame=35877 fps=252 q=28.0 size=N/A time=00:24:49.29 bitrate=N/A speed=10.5x    
[hls @ 0xaaab0e279420] Opening '/config/cache/transcodes/e29222e76729f032467e0a962c8ff4492485.ts' for writing
frame=35976 fps=252 q=28.0 size=N/A time=00:24:53.41 bitrate=N/A speed=10.5x    
[hls @ 0xaaab0e279420] Opening '/config/cache/transcodes/e29222e76729f032467e0a962c8ff4492486.ts' for writing
frame=36068 fps=252 q=28.0 size=N/A time=00:24:57.25 bitrate=N/A speed=10.4x    
[hls @ 0xaaab0e279420] Opening '/config/cache/transcodes/e29222e76729f032467e0a962c8ff4492487.ts' for writing
[hls @ 0xaaab0e279420] Opening '/config/cache/transcodes/e29222e76729f032467e0a962c8ff4492488.ts' for writing
frame=36158 fps=251 q=28.0 size=N/A time=00:25:01.00 bitrate=N/A speed=10.4x    
[hls @ 0xaaab0e279420] Opening '/config/cache/transcodes/e29222e76729f032467e0a962c8ff4492489.ts' for writing
[hls @ 0xaaab0e279420] Opening '/config/cache/transcodes/e29222e76729f032467e0a962c8ff4492490.ts' for writing
frame=36310 fps=251 q=28.0 size=N/A time=00:25:07.33 bitrate=N/A speed=10.4x    
[hls @ 0xaaab0e279420] Opening '/config/cache/transcodes/e29222e76729f032467e0a962c8ff4492491.ts' for writing
frame=36416 fps=251 q=28.0 size=N/A time=00:25:11.75 bitrate=N/A speed=10.4x    
[hls @ 0xaaab0e279420] Opening '/config/cache/transcodes/e29222e76729f032467e0a962c8ff4492492.ts' for writing
[hls @ 0xaaab0e279420] Opening '/config/cache/transcodes/e29222e76729f032467e0a962c8ff4492493.ts' for writing
frame=36512 fps=251 q=31.0 size=N/A time=00:25:15.75 bitrate=N/A speed=10.4x    
[hls @ 0xaaab0e279420] Opening '/config/cache/transcodes/e29222e76729f032467e0a962c8ff4492494.ts' for writing
frame=36610 fps=251 q=31.0 size=N/A time=00:25:19.83 bitrate=N/A speed=10.4x    
[hls @ 0xaaab0e279420] Opening '/config/cache/transcodes/e29222e76729f032467e0a962c8ff4492495.ts' for writing
frame=36714 fps=251 q=28.0 size=N/A time=00:25:24.16 bitrate=N/A speed=10.4x    
[hls @ 0xaaab0e279420] Opening '/config/cache/transcodes/e29222e76729f032467e0a962c8ff4492496.ts' for writing
[hls @ 0xaaab0e279420] Opening '/config/cache/transcodes/e29222e76729f032467e0a962c8ff4492497.ts' for writing
frame=36809 fps=251 q=28.0 size=N/A time=00:25:28.12 bitrate=N/A speed=10.4x    
[hls @ 0xaaab0e279420] Opening '/config/cache/transcodes/e29222e76729f032467e0a962c8ff4492498.ts' for writing
frame=36910 fps=250 q=28.0 size=N/A time=00:25:32.33 bitrate=N/A speed=10.4x    
[hls @ 0xaaab0e279420] Opening '/config/cache/transcodes/e29222e76729f032467e0a962c8ff4492499.ts' for writing
frame=37007 fps=250 q=28.0 size=N/A time=00:25:36.37 bitrate=N/A speed=10.4x    
[hls @ 0xaaab0e279420] Opening '/config/cache/transcodes/e29222e76729f032467e0a962c8ff4492500.ts' for writing
[hls @ 0xaaab0e279420] Opening '/config/cache/transcodes/e29222e76729f032467e0a962c8ff4492501.ts' for writing
frame=37102 fps=250 q=32.0 size=N/A time=00:25:40.33 bitrate=N/A speed=10.4x    
[hls @ 0xaaab0e279420] Opening '/config/cache/transcodes/e29222e76729f032467e0a962c8ff4492502.ts' for writing
[hls @ 0xaaab0e279420] Opening '/config/cache/transcodes/e29222e76729f032467e0a962c8ff4492503.ts' for writing
frame=37230 fps=250 q=28.0 size=N/A time=00:25:45.66 bitrate=N/A speed=10.4x    
[hls @ 0xaaab0e279420] Opening '/config/cache/transcodes/e29222e76729f032467e0a962c8ff4492504.ts' for writing
frame=37326 fps=250 q=35.0 size=N/A time=00:25:49.66 bitrate=N/A speed=10.4x    
[hls @ 0xaaab0e279420] Opening '/config/cache/transcodes/e29222e76729f032467e0a962c8ff4492505.ts' for writing
frame=37423 fps=250 q=30.0 size=N/A time=00:25:53.75 bitrate=N/A speed=10.4x    
[hls @ 0xaaab0e279420] Opening '/config/cache/transcodes/e29222e76729f032467e0a962c8ff4492506.ts' for writing
[hls @ 0xaaab0e279420] Opening '/config/cache/transcodes/e29222e76729f032467e0a962c8ff4492507.ts' for writing
frame=37566 fps=250 q=28.0 size=N/A time=00:25:59.66 bitrate=N/A speed=10.4x    
[hls @ 0xaaab0e279420] Opening '/config/cache/transcodes/e29222e76729f032467e0a962c8ff4492508.ts' for writing
[hls @ 0xaaab0e279420] Opening '/config/cache/transcodes/e29222e76729f032467e0a962c8ff4492509.ts' for writing
frame=37665 fps=250 q=28.0 size=N/A time=00:26:03.79 bitrate=N/A speed=10.4x    
[hls @ 0xaaab0e279420] Opening '/config/cache/transcodes/e29222e76729f032467e0a962c8ff4492510.ts' for writing
[hls @ 0xaaab0e279420] Opening '/config/cache/transcodes/e29222e76729f032467e0a962c8ff4492511.ts' for writing
frame=37802 fps=250 q=28.0 size=N/A time=00:26:09.50 bitrate=N/A speed=10.4x    
[hls @ 0xaaab0e279420] Opening '/config/cache/transcodes/e29222e76729f032467e0a962c8ff4492512.ts' for writing
frame=37931 fps=250 q=28.0 size=N/A time=00:26:14.87 bitrate=N/A speed=10.4x    
[hls @ 0xaaab0e279420] Opening '/config/cache/transcodes/e29222e76729f032467e0a962c8ff4492513.ts' for writing
[hls @ 0xaaab0e279420] Opening '/config/cache/transcodes/e29222e76729f032467e0a962c8ff4492514.ts' for writing
frame=38073 fps=250 q=28.0 size=N/A time=00:26:20.79 bitrate=N/A speed=10.4x    
[hls @ 0xaaab0e279420] Opening '/config/cache/transcodes/e29222e76729f032467e0a962c8ff4492515.ts' for writing
[hls @ 0xaaab0e279420] Opening '/config/cache/transcodes/e29222e76729f032467e0a962c8ff4492516.ts' for writing
frame=38192 fps=250 q=28.0 size=N/A time=00:26:25.75 bitrate=N/A speed=10.4x    
[hls @ 0xaaab0e279420] Opening '/config/cache/transcodes/e29222e76729f032467e0a962c8ff4492517.ts' for writing
[hls @ 0xaaab0e279420] Opening '/config/cache/transcodes/e29222e76729f032467e0a962c8ff4492518.ts' for writing
frame=38318 fps=250 q=28.0 size=N/A time=00:26:31.00 bitrate=N/A speed=10.4x    
[hls @ 0xaaab0e279420] Opening '/config/cache/transcodes/e29222e76729f032467e0a962c8ff4492519.ts' for writing
[hls @ 0xaaab0e279420] Opening '/config/cache/transcodes/e29222e76729f032467e0a962c8ff4492520.ts' for writing
frame=38458 fps=250 q=28.0 size=N/A time=00:26:36.83 bitrate=N/A speed=10.4x    
[hls @ 0xaaab0e279420] Opening '/config/cache/transcodes/e29222e76729f032467e0a962c8ff4492521.ts' for writing
frame=38566 fps=250 q=28.0 size=N/A time=00:26:41.33 bitrate=N/A speed=10.4x    
[hls @ 0xaaab0e279420] Opening '/config/cache/transcodes/e29222e76729f032467e0a962c8ff4492522.ts' for writing
[hls @ 0xaaab0e279420] Opening '/config/cache/transcodes/e29222e76729f032467e0a962c8ff4492523.ts' for writing
frame=38682 fps=250 q=28.0 size=N/A time=00:26:46.16 bitrate=N/A speed=10.4x    
[hls @ 0xaaab0e279420] Opening '/config/cache/transcodes/e29222e76729f032467e0a962c8ff4492524.ts' for writing
frame=38798 fps=250 q=25.0 size=N/A time=00:26:51.00 bitrate=N/A speed=10.4x    
[hls @ 0xaaab0e279420] Opening '/config/cache/transcodes/e29222e76729f032467e0a962c8ff4492525.ts' for writing
[hls @ 0xaaab0e279420] Opening '/config/cache/transcodes/e29222e76729f032467e0a962c8ff4492526.ts' for writing
frame=38912 fps=250 q=28.0 size=N/A time=00:26:55.75 bitrate=N/A speed=10.4x    
[hls @ 0xaaab0e279420] Opening '/config/cache/transcodes/e29222e76729f032467e0a962c8ff4492527.ts' for writing
frame=39022 fps=249 q=28.0 size=N/A time=00:27:00.33 bitrate=N/A speed=10.4x    
[hls @ 0xaaab0e279420] Opening '/config/cache/transcodes/e29222e76729f032467e0a962c8ff4492528.ts' for writing
[hls @ 0xaaab0e279420] Opening '/config/cache/transcodes/e29222e76729f032467e0a962c8ff4492529.ts' for writing
frame=39118 fps=249 q=28.0 size=N/A time=00:27:04.33 bitrate=N/A speed=10.4x    
[hls @ 0xaaab0e279420] Opening '/config/cache/transcodes/e29222e76729f032467e0a962c8ff4492530.ts' for writing
frame=39212 fps=249 q=28.0 size=N/A time=00:27:08.25 bitrate=N/A speed=10.3x    
[hls @ 0xaaab0e279420] Opening '/config/cache/transcodes/e29222e76729f032467e0a962c8ff4492531.ts' for writing
frame=39311 fps=249 q=30.0 size=N/A time=00:27:12.37 bitrate=N/A speed=10.3x    
[hls @ 0xaaab0e279420] Opening '/config/cache/transcodes/e29222e76729f032467e0a962c8ff4492532.ts' for writing
[hls @ 0xaaab0e279420] Opening '/config/cache/transcodes/e29222e76729f032467e0a962c8ff4492533.ts' for writing
frame=39428 fps=249 q=28.0 size=N/A time=00:27:17.25 bitrate=N/A speed=10.3x    
[hls @ 0xaaab0e279420] Opening '/config/cache/transcodes/e29222e76729f032467e0a962c8ff4492534.ts' for writing
frame=39517 fps=249 q=28.0 size=N/A time=00:27:20.95 bitrate=N/A speed=10.3x    
[hls @ 0xaaab0e279420] Opening '/config/cache/transcodes/e29222e76729f032467e0a962c8ff4492535.ts' for writing
[hls @ 0xaaab0e279420] Opening '/config/cache/transcodes/e29222e76729f032467e0a962c8ff4492536.ts' for writing
frame=39641 fps=249 q=28.0 size=N/A time=00:27:26.12 bitrate=N/A speed=10.3x    
[hls @ 0xaaab0e279420] Opening '/config/cache/transcodes/e29222e76729f032467e0a962c8ff4492537.ts' for writing
frame=39740 fps=248 q=33.0 size=N/A time=00:27:30.25 bitrate=N/A speed=10.3x    
[hls @ 0xaaab0e279420] Opening '/config/cache/transcodes/e29222e76729f032467e0a962c8ff4492538.ts' for writing
[hls @ 0xaaab0e279420] Opening '/config/cache/transcodes/e29222e76729f032467e0a962c8ff4492539.ts' for writing
frame=39830 fps=248 q=33.0 size=N/A time=00:27:34.00 bitrate=N/A speed=10.3x    
[hls @ 0xaaab0e279420] Opening '/config/cache/transcodes/e29222e76729f032467e0a962c8ff4492540.ts' for writing
frame=39924 fps=248 q=32.0 size=N/A time=00:27:37.91 bitrate=N/A speed=10.3x    
[hls @ 0xaaab0e279420] Opening '/config/cache/transcodes/e29222e76729f032467e0a962c8ff4492541.ts' for writing
frame=40018 fps=248 q=34.0 size=N/A time=00:27:41.83 bitrate=N/A speed=10.3x    
[hls @ 0xaaab0e279420] Opening '/config/cache/transcodes/e29222e76729f032467e0a962c8ff4492542.ts' for writing
[hls @ 0xaaab0e279420] Opening '/config/cache/transcodes/e29222e76729f032467e0a962c8ff4492543.ts' for writing
frame=40127 fps=248 q=28.0 size=N/A time=00:27:46.37 bitrate=N/A speed=10.3x    
[hls @ 0xaaab0e279420] Opening '/config/cache/transcodes/e29222e76729f032467e0a962c8ff4492544.ts' for writing
[hls @ 0xaaab0e279420] Opening '/config/cache/transcodes/e29222e76729f032467e0a962c8ff4492545.ts' for writing
frame=40250 fps=248 q=28.0 size=N/A time=00:27:51.50 bitrate=N/A speed=10.3x    
[hls @ 0xaaab0e279420] Opening '/config/cache/transcodes/e29222e76729f032467e0a962c8ff4492546.ts' for writing
frame=40368 fps=248 q=28.0 size=N/A time=00:27:56.41 bitrate=N/A speed=10.3x    
[hls @ 0xaaab0e279420] Opening '/config/cache/transcodes/e29222e76729f032467e0a962c8ff4492547.ts' for writing
[hls @ 0xaaab0e279420] Opening '/config/cache/transcodes/e29222e76729f032467e0a962c8ff4492548.ts' for writing
frame=40470 fps=248 q=28.0 size=N/A time=00:28:00.66 bitrate=N/A speed=10.3x    
[hls @ 0xaaab0e279420] Opening '/config/cache/transcodes/e29222e76729f032467e0a962c8ff4492549.ts' for writing
frame=40571 fps=247 q=28.0 size=N/A time=00:28:04.87 bitrate=N/A speed=10.3x    
[hls @ 0xaaab0e279420] Opening '/config/cache/transcodes/e29222e76729f032467e0a962c8ff4492550.ts' for writing
frame=40680 fps=247 q=28.0 size=N/A time=00:28:09.41 bitrate=N/A speed=10.3x    
[hls @ 0xaaab0e279420] Opening '/config/cache/transcodes/e29222e76729f032467e0a962c8ff4492551.ts' for writing
[hls @ 0xaaab0e279420] Opening '/config/cache/transcodes/e29222e76729f032467e0a962c8ff4492552.ts' for writing
frame=40776 fps=247 q=28.0 size=N/A time=00:28:13.41 bitrate=N/A speed=10.3x    
[hls @ 0xaaab0e279420] Opening '/config/cache/transcodes/e29222e76729f032467e0a962c8ff4492553.ts' for writing
frame=40855 fps=247 q=28.0 size=N/A time=00:28:16.70 bitrate=N/A speed=10.3x    
[hls @ 0xaaab0e279420] Opening '/config/cache/transcodes/e29222e76729f032467e0a962c8ff4492554.ts' for writing
frame=40932 fps=247 q=28.0 size=N/A time=00:28:19.91 bitrate=N/A speed=10.2x    
[hls @ 0xaaab0e279420] Opening '/config/cache/transcodes/e29222e76729f032467e0a962c8ff4492555.ts' for writing
frame=41030 fps=246 q=25.0 size=N/A time=00:28:24.00 bitrate=N/A speed=10.2x    
[hls @ 0xaaab0e279420] Opening '/config/cache/transcodes/e29222e76729f032467e0a962c8ff4492556.ts' for writing
[hls @ 0xaaab0e279420] Opening '/config/cache/transcodes/e29222e76729f032467e0a962c8ff4492557.ts' for writing
frame=41137 fps=246 q=28.0 size=N/A time=00:28:28.45 bitrate=N/A speed=10.2x    
[hls @ 0xaaab0e279420] Opening '/config/cache/transcodes/e29222e76729f032467e0a962c8ff4492558.ts' for writing
frame=41246 fps=246 q=26.0 size=N/A time=00:28:33.00 bitrate=N/A speed=10.2x    
[hls @ 0xaaab0e279420] Opening '/config/cache/transcodes/e29222e76729f032467e0a962c8ff4492559.ts' for writing
[hls @ 0xaaab0e279420] Opening '/config/cache/transcodes/e29222e76729f032467e0a962c8ff4492560.ts' for writing
frame=41343 fps=246 q=31.0 size=N/A time=00:28:37.04 bitrate=N/A speed=10.2x    
[hls @ 0xaaab0e279420] Opening '/config/cache/transcodes/e29222e76729f032467e0a962c8ff4492561.ts' for writing
frame=41448 fps=246 q=28.0 size=N/A time=00:28:41.41 bitrate=N/A speed=10.2x    
[hls @ 0xaaab0e279420] Opening '/config/cache/transcodes/e29222e76729f032467e0a962c8ff4492562.ts' for writing
[hls @ 0xaaab0e279420] Opening '/config/cache/transcodes/e29222e76729f032467e0a962c8ff4492563.ts' for writing
frame=41565 fps=246 q=28.0 size=N/A time=00:28:46.33 bitrate=N/A speed=10.2x    
[hls @ 0xaaab0e279420] Opening '/config/cache/transcodes/e29222e76729f032467e0a962c8ff4492564.ts' for writing
[hls @ 0xaaab0e279420] Opening '/config/cache/transcodes/e29222e76729f032467e0a962c8ff4492565.ts' for writing
frame=41690 fps=246 q=28.0 size=N/A time=00:28:51.50 bitrate=N/A speed=10.2x    
[hls @ 0xaaab0e279420] Opening '/config/cache/transcodes/e29222e76729f032467e0a962c8ff4492566.ts' for writing
[hls @ 0xaaab0e279420] Opening '/config/cache/transcodes/e29222e76729f032467e0a962c8ff4492567.ts' for writing
frame=41833 fps=246 q=28.0 size=N/A time=00:28:57.50 bitrate=N/A speed=10.2x    
[hls @ 0xaaab0e279420] Opening '/config/cache/transcodes/e29222e76729f032467e0a962c8ff4492568.ts' for writing
frame=41972 fps=246 q=28.0 size=N/A time=00:29:03.25 bitrate=N/A speed=10.2x    
[hls @ 0xaaab0e279420] Opening '/config/cache/transcodes/e29222e76729f032467e0a962c8ff4492569.ts' for writing
[hls @ 0xaaab0e279420] Opening '/config/cache/transcodes/e29222e76729f032467e0a962c8ff4492570.ts' for writing
frame=42087 fps=246 q=28.0 size=N/A time=00:29:08.04 bitrate=N/A speed=10.2x    
[hls @ 0xaaab0e279420] Opening '/config/cache/transcodes/e29222e76729f032467e0a962c8ff4492571.ts' for writing
[hls @ 0xaaab0e279420] Opening '/config/cache/transcodes/e29222e76729f032467e0a962c8ff4492572.ts' for writing
frame=42198 fps=246 q=28.0 size=N/A time=00:29:12.66 bitrate=N/A speed=10.2x    
[hls @ 0xaaab0e279420] Opening '/config/cache/transcodes/e29222e76729f032467e0a962c8ff4492573.ts' for writing
frame=42315 fps=246 q=28.0 size=N/A time=00:29:17.54 bitrate=N/A speed=10.2x    
[hls @ 0xaaab0e279420] Opening '/config/cache/transcodes/e29222e76729f032467e0a962c8ff4492574.ts' for writing
[hls @ 0xaaab0e279420] Opening '/config/cache/transcodes/e29222e76729f032467e0a962c8ff4492575.ts' for writing
frame=42464 fps=246 q=28.0 size=N/A time=00:29:23.75 bitrate=N/A speed=10.2x    
[hls @ 0xaaab0e279420] Opening '/config/cache/transcodes/e29222e76729f032467e0a962c8ff4492576.ts' for writing
[hls @ 0xaaab0e279420] Opening '/config/cache/transcodes/e29222e76729f032467e0a962c8ff4492577.ts' for writing
frame=42599 fps=246 q=28.0 size=N/A time=00:29:29.37 bitrate=N/A speed=10.2x    
[hls @ 0xaaab0e279420] Opening '/config/cache/transcodes/e29222e76729f032467e0a962c8ff4492578.ts' for writing
[hls @ 0xaaab0e279420] Opening '/config/cache/transcodes/e29222e76729f032467e0a962c8ff4492579.ts' for writing
frame=42756 fps=246 q=28.0 size=N/A time=00:29:35.91 bitrate=N/A speed=10.2x    
[hls @ 0xaaab0e279420] Opening '/config/cache/transcodes/e29222e76729f032467e0a962c8ff4492580.ts' for writing
[hls @ 0xaaab0e279420] Opening '/config/cache/transcodes/e29222e76729f032467e0a962c8ff4492581.ts' for writing
frame=42892 fps=247 q=28.0 size=N/A time=00:29:41.62 bitrate=N/A speed=10.2x    
[hls @ 0xaaab0e279420] Opening '/config/cache/transcodes/e29222e76729f032467e0a962c8ff4492582.ts' for writing
[hls @ 0xaaab0e279420] Opening '/config/cache/transcodes/e29222e76729f032467e0a962c8ff4492583.ts' for writing
frame=42994 fps=246 q=28.0 size=N/A time=00:29:45.83 bitrate=N/A speed=10.2x    
[hls @ 0xaaab0e279420] Opening '/config/cache/transcodes/e29222e76729f032467e0a962c8ff4492584.ts' for writing
frame=43088 fps=246 q=28.0 size=N/A time=00:29:49.75 bitrate=N/A speed=10.2x    
[hls @ 0xaaab0e279420] Opening '/config/cache/transcodes/e29222e76729f032467e0a962c8ff4492585.ts' for writing
[hls @ 0xaaab0e279420] Opening '/config/cache/transcodes/e29222e76729f032467e0a962c8ff4492586.ts' for writing
frame=43201 fps=246 q=28.0 size=N/A time=00:29:54.50 bitrate=N/A speed=10.2x    
[hls @ 0xaaab0e279420] Opening '/config/cache/transcodes/e29222e76729f032467e0a962c8ff4492587.ts' for writing
frame=43310 fps=246 q=28.0 size=N/A time=00:29:59.00 bitrate=N/A speed=10.2x    
[hls @ 0xaaab0e279420] Opening '/config/cache/transcodes/e29222e76729f032467e0a962c8ff4492588.ts' for writing
frame=43401 fps=246 q=31.0 size=N/A time=00:30:02.79 bitrate=N/A speed=10.2x    
[hls @ 0xaaab0e279420] Opening '/config/cache/transcodes/e29222e76729f032467e0a962c8ff4492589.ts' for writing
[hls @ 0xaaab0e279420] Opening '/config/cache/transcodes/e29222e76729f032467e0a962c8ff4492590.ts' for writing
frame=43502 fps=246 q=28.0 size=N/A time=00:30:07.00 bitrate=N/A speed=10.2x    
[hls @ 0xaaab0e279420] Opening '/config/cache/transcodes/e29222e76729f032467e0a962c8ff4492591.ts' for writing
frame=43590 fps=246 q=28.0 size=N/A time=00:30:10.66 bitrate=N/A speed=10.2x    
[hls @ 0xaaab0e279420] Opening '/config/cache/transcodes/e29222e76729f032467e0a962c8ff4492592.ts' for writing
frame=43676 fps=245 q=28.0 size=N/A time=00:30:14.25 bitrate=N/A speed=10.2x    
[hls @ 0xaaab0e279420] Opening '/config/cache/transcodes/e29222e76729f032467e0a962c8ff4492593.ts' for writing
frame=43774 fps=245 q=28.0 size=N/A time=00:30:18.33 bitrate=N/A speed=10.2x    
[hls @ 0xaaab0e279420] Opening '/config/cache/transcodes/e29222e76729f032467e0a962c8ff4492594.ts' for writing
[hls @ 0xaaab0e279420] Opening '/config/cache/transcodes/e29222e76729f032467e0a962c8ff4492595.ts' for writing
frame=43885 fps=245 q=28.0 size=N/A time=00:30:22.95 bitrate=N/A speed=10.2x    
[hls @ 0xaaab0e279420] Opening '/config/cache/transcodes/e29222e76729f032467e0a962c8ff4492596.ts' for writing
frame=43970 fps=245 q=30.0 size=N/A time=00:30:26.50 bitrate=N/A speed=10.2x    
[hls @ 0xaaab0e279420] Opening '/config/cache/transcodes/e29222e76729f032467e0a962c8ff4492597.ts' for writing
[hls @ 0xaaab0e279420] Opening '/config/cache/transcodes/e29222e76729f032467e0a962c8ff4492598.ts' for writing
frame=44087 fps=245 q=28.0 size=N/A time=00:30:31.37 bitrate=N/A speed=10.2x    
[hls @ 0xaaab0e279420] Opening '/config/cache/transcodes/e29222e76729f032467e0a962c8ff4492599.ts' for writing
frame=44187 fps=245 q=28.0 size=N/A time=00:30:35.54 bitrate=N/A speed=10.2x    
[hls @ 0xaaab0e279420] Opening '/config/cache/transcodes/e29222e76729f032467e0a962c8ff4492600.ts' for writing
frame=44275 fps=245 q=28.0 size=N/A time=00:30:39.20 bitrate=N/A speed=10.2x    
[hls @ 0xaaab0e279420] Opening '/config/cache/transcodes/e29222e76729f032467e0a962c8ff4492601.ts' for writing
[hls @ 0xaaab0e279420] Opening '/config/cache/transcodes/e29222e76729f032467e0a962c8ff4492602.ts' for writing
frame=44365 fps=244 q=28.0 size=N/A time=00:30:42.95 bitrate=N/A speed=10.2x    
[hls @ 0xaaab0e279420] Opening '/config/cache/transcodes/e29222e76729f032467e0a962c8ff4492603.ts' for writing
frame=44450 fps=244 q=28.0 size=N/A time=00:30:46.50 bitrate=N/A speed=10.1x    
[hls @ 0xaaab0e279420] Opening '/config/cache/transcodes/e29222e76729f032467e0a962c8ff4492604.ts' for writing
frame=44544 fps=244 q=28.0 size=N/A time=00:30:50.41 bitrate=N/A speed=10.1x    
[hls @ 0xaaab0e279420] Opening '/config/cache/transcodes/e29222e76729f032467e0a962c8ff4492605.ts' for writing
[hls @ 0xaaab0e279420] Opening '/config/cache/transcodes/e29222e76729f032467e0a962c8ff4492606.ts' for writing
frame=44674 fps=244 q=28.0 size=N/A time=00:30:55.83 bitrate=N/A speed=10.1x    
[hls @ 0xaaab0e279420] Opening '/config/cache/transcodes/e29222e76729f032467e0a962c8ff4492607.ts' for writing
[hls @ 0xaaab0e279420] Opening '/config/cache/transcodes/e29222e76729f032467e0a962c8ff4492608.ts' for writing
frame=44796 fps=244 q=28.0 size=N/A time=00:31:00.91 bitrate=N/A speed=10.1x    
[hls @ 0xaaab0e279420] Opening '/config/cache/transcodes/e29222e76729f032467e0a962c8ff4492609.ts' for writing
frame=44910 fps=244 q=28.0 size=N/A time=00:31:05.66 bitrate=N/A speed=10.1x    
[hls @ 0xaaab0e279420] Opening '/config/cache/transcodes/e29222e76729f032467e0a962c8ff4492610.ts' for writing
[hls @ 0xaaab0e279420] Opening '/config/cache/transcodes/e29222e76729f032467e0a962c8ff4492611.ts' for writing
frame=45013 fps=244 q=28.0 size=N/A time=00:31:09.95 bitrate=N/A speed=10.1x    
[hls @ 0xaaab0e279420] Opening '/config/cache/transcodes/e29222e76729f032467e0a962c8ff4492612.ts' for writing
frame=45120 fps=244 q=28.0 size=N/A time=00:31:14.41 bitrate=N/A speed=10.1x    
[hls @ 0xaaab0e279420] Opening '/config/cache/transcodes/e29222e76729f032467e0a962c8ff4492613.ts' for writing
[hls @ 0xaaab0e279420] Opening '/config/cache/transcodes/e29222e76729f032467e0a962c8ff4492614.ts' for writing
frame=45241 fps=244 q=28.0 size=N/A time=00:31:19.45 bitrate=N/A speed=10.1x    
[hls @ 0xaaab0e279420] Opening '/config/cache/transcodes/e29222e76729f032467e0a962c8ff4492615.ts' for writing
[hls @ 0xaaab0e279420] Opening '/config/cache/transcodes/e29222e76729f032467e0a962c8ff4492616.ts' for writing
frame=45374 fps=244 q=28.0 size=N/A time=00:31:25.00 bitrate=N/A speed=10.1x    
[hls @ 0xaaab0e279420] Opening '/config/cache/transcodes/e29222e76729f032467e0a962c8ff4492617.ts' for writing
[hls @ 0xaaab0e279420] Opening '/config/cache/transcodes/e29222e76729f032467e0a962c8ff4492618.ts' for writing
frame=45563 fps=244 q=28.0 size=N/A time=00:31:32.87 bitrate=N/A speed=10.1x    
[hls @ 0xaaab0e279420] Opening '/config/cache/transcodes/e29222e76729f032467e0a962c8ff4492619.ts' for writing
[hls @ 0xaaab0e279420] Opening '/config/cache/transcodes/e29222e76729f032467e0a962c8ff4492620.ts' for writing
frame=45678 fps=244 q=28.0 size=N/A time=00:31:37.66 bitrate=N/A speed=10.1x    
[hls @ 0xaaab0e279420] Opening '/config/cache/transcodes/e29222e76729f032467e0a962c8ff4492621.ts' for writing
frame=45770 fps=244 q=28.0 size=N/A time=00:31:41.50 bitrate=N/A speed=10.1x    
[hls @ 0xaaab0e279420] Opening '/config/cache/transcodes/e29222e76729f032467e0a962c8ff4492622.ts' for writing
[hls @ 0xaaab0e279420] Opening '/config/cache/transcodes/e29222e76729f032467e0a962c8ff4492623.ts' for writing
frame=45875 fps=244 q=28.0 size=N/A time=00:31:45.87 bitrate=N/A speed=10.1x    
[hls @ 0xaaab0e279420] Opening '/config/cache/transcodes/e29222e76729f032467e0a962c8ff4492624.ts' for writing
frame=45976 fps=244 q=28.0 size=N/A time=00:31:50.08 bitrate=N/A speed=10.1x    
[hls @ 0xaaab0e279420] Opening '/config/cache/transcodes/e29222e76729f032467e0a962c8ff4492625.ts' for writing
[hls @ 0xaaab0e279420] Opening '/config/cache/transcodes/e29222e76729f032467e0a962c8ff4492626.ts' for writing
frame=46093 fps=244 q=28.0 size=N/A time=00:31:54.95 bitrate=N/A speed=10.1x    
[hls @ 0xaaab0e279420] Opening '/config/cache/transcodes/e29222e76729f032467e0a962c8ff4492627.ts' for writing
frame=46218 fps=244 q=28.0 size=N/A time=00:32:00.16 bitrate=N/A speed=10.1x    
[hls @ 0xaaab0e279420] Opening '/config/cache/transcodes/e29222e76729f032467e0a962c8ff4492628.ts' for writing
[hls @ 0xaaab0e279420] Opening '/config/cache/transcodes/e29222e76729f032467e0a962c8ff4492629.ts' for writing
frame=46361 fps=244 q=28.0 size=N/A time=00:32:06.12 bitrate=N/A speed=10.1x    
[hls @ 0xaaab0e279420] Opening '/config/cache/transcodes/e29222e76729f032467e0a962c8ff4492630.ts' for writing
[hls @ 0xaaab0e279420] Opening '/config/cache/transcodes/e29222e76729f032467e0a962c8ff4492631.ts' for writing
[hls @ 0xaaab0e279420] Opening '/config/cache/transcodes/e29222e76729f032467e0a962c8ff4492632.ts' for writing
frame=46513 fps=244 q=28.0 size=N/A time=00:32:12.50 bitrate=N/A speed=10.1x    
[hls @ 0xaaab0e279420] Opening '/config/cache/transcodes/e29222e76729f032467e0a962c8ff4492633.ts' for writing
frame=46646 fps=244 q=25.0 size=N/A time=00:32:18.00 bitrate=N/A speed=10.1x    
[hls @ 0xaaab0e279420] Opening '/config/cache/transcodes/e29222e76729f032467e0a962c8ff4492634.ts' for writing
[hls @ 0xaaab0e279420] Opening '/config/cache/transcodes/e29222e76729f032467e0a962c8ff4492635.ts' for writing
frame=46765 fps=244 q=28.0 size=N/A time=00:32:22.95 bitrate=N/A speed=10.1x    
[hls @ 0xaaab0e279420] Opening '/config/cache/transcodes/e29222e76729f032467e0a962c8ff4492636.ts' for writing
[hls @ 0xaaab0e279420] Opening '/config/cache/transcodes/e29222e76729f032467e0a962c8ff4492637.ts' for writing
frame=46922 fps=244 q=28.0 size=N/A time=00:32:29.50 bitrate=N/A speed=10.2x    
[hls @ 0xaaab0e279420] Opening '/config/cache/transcodes/e29222e76729f032467e0a962c8ff4492638.ts' for writing
[hls @ 0xaaab0e279420] Opening '/config/cache/transcodes/e29222e76729f032467e0a962c8ff4492639.ts' for writing
frame=47040 fps=244 q=28.0 size=N/A time=00:32:34.41 bitrate=N/A speed=10.2x    
[hls @ 0xaaab0e279420] Opening '/config/cache/transcodes/e29222e76729f032467e0a962c8ff4492640.ts' for writing
frame=47130 fps=244 q=33.0 size=N/A time=00:32:38.16 bitrate=N/A speed=10.1x    
[hls @ 0xaaab0e279420] Opening '/config/cache/transcodes/e29222e76729f032467e0a962c8ff4492641.ts' for writing
frame=47226 fps=244 q=31.0 size=N/A time=00:32:42.16 bitrate=N/A speed=10.1x    
[hls @ 0xaaab0e279420] Opening '/config/cache/transcodes/e29222e76729f032467e0a962c8ff4492642.ts' for writing
[hls @ 0xaaab0e279420] Opening '/config/cache/transcodes/e29222e76729f032467e0a962c8ff4492643.ts' for writing
frame=47331 fps=244 q=28.0 size=N/A time=00:32:46.54 bitrate=N/A speed=10.1x    
[hls @ 0xaaab0e279420] Opening '/config/cache/transcodes/e29222e76729f032467e0a962c8ff4492644.ts' for writing
[hls @ 0xaaab0e279420] Opening '/config/cache/transcodes/e29222e76729f032467e0a962c8ff4492645.ts' for writing
frame=47518 fps=244 q=28.0 size=N/A time=00:32:54.33 bitrate=N/A speed=10.1x    
[hls @ 0xaaab0e279420] Opening '/config/cache/transcodes/e29222e76729f032467e0a962c8ff4492646.ts' for writing
[hls @ 0xaaab0e279420] Opening '/config/cache/transcodes/e29222e76729f032467e0a962c8ff4492647.ts' for writing
frame=47650 fps=244 q=28.0 size=N/A time=00:32:59.83 bitrate=N/A speed=10.2x    
[hls @ 0xaaab0e279420] Opening '/config/cache/transcodes/e29222e76729f032467e0a962c8ff4492648.ts' for writing
[hls @ 0xaaab0e279420] Opening '/config/cache/transcodes/e29222e76729f032467e0a962c8ff4492649.ts' for writing
frame=47746 fps=244 q=28.0 size=N/A time=00:33:03.83 bitrate=N/A speed=10.1x    
[hls @ 0xaaab0e279420] Opening '/config/cache/transcodes/e29222e76729f032467e0a962c8ff4492650.ts' for writing
[hls @ 0xaaab0e279420] Opening '/config/cache/transcodes/e29222e76729f032467e0a962c8ff4492651.ts' for writing
frame=47900 fps=244 q=28.0 size=N/A time=00:33:10.25 bitrate=N/A speed=10.2x    
[hls @ 0xaaab0e279420] Opening '/config/cache/transcodes/e29222e76729f032467e0a962c8ff4492652.ts' for writing
[hls @ 0xaaab0e279420] Opening '/config/cache/transcodes/e29222e76729f032467e0a962c8ff4492653.ts' for writing
[hls @ 0xaaab0e279420] Opening '/config/cache/transcodes/e29222e76729f032467e0a962c8ff4492654.ts' for writing
frame=48125 fps=245 q=28.0 size=N/A time=00:33:19.62 bitrate=N/A speed=10.2x    
[hls @ 0xaaab0e279420] Opening '/config/cache/transcodes/e29222e76729f032467e0a962c8ff4492655.ts' for writing
[hls @ 0xaaab0e279420] Opening '/config/cache/transcodes/e29222e76729f032467e0a962c8ff4492656.ts' for writing
[hls @ 0xaaab0e279420] Opening '/config/cache/transcodes/e29222e76729f032467e0a962c8ff4492657.ts' for writing
frame=48318 fps=245 q=28.0 size=N/A time=00:33:27.66 bitrate=N/A speed=10.2x    
[hls @ 0xaaab0e279420] Opening '/config/cache/transcodes/e29222e76729f032467e0a962c8ff4492658.ts' for writing
[hls @ 0xaaab0e279420] Opening '/config/cache/transcodes/e29222e76729f032467e0a962c8ff4492659.ts' for writing
[hls @ 0xaaab0e279420] Opening '/config/cache/transcodes/e29222e76729f032467e0a962c8ff4492660.ts' for writing
frame=48592 fps=246 q=28.0 size=N/A time=00:33:39.08 bitrate=N/A speed=10.2x    
[hls @ 0xaaab0e279420] Opening '/config/cache/transcodes/e29222e76729f032467e0a962c8ff4492661.ts' for writing
[hls @ 0xaaab0e279420] Opening '/config/cache/transcodes/e29222e76729f032467e0a962c8ff4492662.ts' for writing
[hls @ 0xaaab0e279420] Opening '/config/cache/transcodes/e29222e76729f032467e0a962c8ff4492663.ts' for writing
[hls @ 0xaaab0e279420] Opening '/config/cache/transcodes/e29222e76729f032467e0a962c8ff4492664.ts' for writing
frame=48821 fps=247 q=28.0 size=N/A time=00:33:48.62 bitrate=N/A speed=10.2x    
[hls @ 0xaaab0e279420] Opening '/config/cache/transcodes/e29222e76729f032467e0a962c8ff4492665.ts' for writing
[hls @ 0xaaab0e279420] Opening '/config/cache/transcodes/e29222e76729f032467e0a962c8ff4492666.ts' for writing
[hls @ 0xaaab0e279420] Opening '/config/cache/transcodes/e29222e76729f032467e0a962c8ff4492667.ts' for writing
frame=49065 fps=247 q=28.0 size=N/A time=00:33:58.83 bitrate=N/A speed=10.3x    
[hls @ 0xaaab0e279420] Opening '/config/cache/transcodes/e29222e76729f032467e0a962c8ff4492668.ts' for writing
[hls @ 0xaaab0e279420] Opening '/config/cache/transcodes/e29222e76729f032467e0a962c8ff4492669.ts' for writing
[hls @ 0xaaab0e279420] Opening '/config/cache/transcodes/e29222e76729f032467e0a962c8ff4492670.ts' for writing
[hls @ 0xaaab0e279420] Opening '/config/cache/transcodes/e29222e76729f032467e0a962c8ff4492671.ts' for writing
frame=49322 fps=248 q=28.0 size=N/A time=00:34:09.50 bitrate=N/A speed=10.3x    
[hls @ 0xaaab0e279420] Opening '/config/cache/transcodes/e29222e76729f032467e0a962c8ff4492672.ts' for writing
[hls @ 0xaaab0e279420] Opening '/config/cache/transcodes/e29222e76729f032467e0a962c8ff4492673.ts' for writing
frame=49530 fps=248 q=28.0 size=N/A time=00:34:18.16 bitrate=N/A speed=10.3x    
[hls @ 0xaaab0e279420] Opening '/config/cache/transcodes/e29222e76729f032467e0a962c8ff4492674.ts' for writing
[hls @ 0xaaab0e279420] Opening '/config/cache/transcodes/e29222e76729f032467e0a962c8ff4492675.ts' for writing
[hls @ 0xaaab0e279420] Opening '/config/cache/transcodes/e29222e76729f032467e0a962c8ff4492676.ts' for writing
frame=49746 fps=249 q=28.0 size=N/A time=00:34:27.16 bitrate=N/A speed=10.3x    
[hls @ 0xaaab0e279420] Opening '/config/cache/transcodes/e29222e76729f032467e0a962c8ff4492677.ts' for writing
[hls @ 0xaaab0e279420] Opening '/config/cache/transcodes/e29222e76729f032467e0a962c8ff4492678.ts' for writing
frame=49852 fps=249 q=28.0 size=N/A time=00:34:31.58 bitrate=N/A speed=10.3x    
[hls @ 0xaaab0e279420] Opening '/config/cache/transcodes/e29222e76729f032467e0a962c8ff4492679.ts' for writing
[hls @ 0xaaab0e279420] Opening '/config/cache/transcodes/e29222e76729f032467e0a962c8ff4492680.ts' for writing
[hls @ 0xaaab0e279420] Opening '/config/cache/transcodes/e29222e76729f032467e0a962c8ff4492681.ts' for writing
frame=50046 fps=249 q=28.0 size=N/A time=00:34:39.66 bitrate=N/A speed=10.3x    
[hls @ 0xaaab0e279420] Opening '/config/cache/transcodes/e29222e76729f032467e0a962c8ff4492682.ts' for writing
[hls @ 0xaaab0e279420] Opening '/config/cache/transcodes/e29222e76729f032467e0a962c8ff4492683.ts' for writing
frame=50254 fps=249 q=28.0 size=N/A time=00:34:48.33 bitrate=N/A speed=10.4x    
[hls @ 0xaaab0e279420] Opening '/config/cache/transcodes/e29222e76729f032467e0a962c8ff4492684.ts' for writing
[hls @ 0xaaab0e279420] Opening '/config/cache/transcodes/e29222e76729f032467e0a962c8ff4492685.ts' for writing
[hls @ 0xaaab0e279420] Opening '/config/cache/transcodes/e29222e76729f032467e0a962c8ff4492686.ts' for writing
[hls @ 0xaaab0e279420] Opening '/config/cache/transcodes/e29222e76729f032467e0a962c8ff4492687.ts' for writing
frame=50532 fps=250 q=28.0 size=N/A time=00:34:59.91 bitrate=N/A speed=10.4x    
[hls @ 0xaaab0e279420] Opening '/config/cache/transcodes/e29222e76729f032467e0a962c8ff4492688.ts' for writing
[hls @ 0xaaab0e279420] Opening '/config/cache/transcodes/e29222e76729f032467e0a962c8ff4492689.ts' for writing
[hls @ 0xaaab0e279420] Opening '/config/cache/transcodes/e29222e76729f032467e0a962c8ff4492690.ts' for writing
[hls @ 0xaaab0e279420] Opening '/config/cache/transcodes/e29222e76729f032467e0a962c8ff4492691.ts' for writing
frame=50776 fps=251 q=28.0 size=N/A time=00:35:10.08 bitrate=N/A speed=10.4x    
[hls @ 0xaaab0e279420] Opening '/config/cache/transcodes/e29222e76729f032467e0a962c8ff4492692.ts' for writing
[hls @ 0xaaab0e279420] Opening '/config/cache/transcodes/e29222e76729f032467e0a962c8ff4492693.ts' for writing
[hls @ 0xaaab0e279420] Opening '/config/cache/transcodes/e29222e76729f032467e0a962c8ff4492694.ts' for writing
frame=51028 fps=251 q=28.0 size=N/A time=00:35:20.58 bitrate=N/A speed=10.4x    
[hls @ 0xaaab0e279420] Opening '/config/cache/transcodes/e29222e76729f032467e0a962c8ff4492695.ts' for writing
[hls @ 0xaaab0e279420] Opening '/config/cache/transcodes/e29222e76729f032467e0a962c8ff4492696.ts' for writing
[hls @ 0xaaab0e279420] Opening '/config/cache/transcodes/e29222e76729f032467e0a962c8ff4492697.ts' for writing
[hls @ 0xaaab0e279420] Opening '/config/cache/transcodes/e29222e76729f032467e0a962c8ff4492698.ts' for writing
frame=51294 fps=252 q=28.0 size=N/A time=00:35:31.66 bitrate=N/A speed=10.5x    
[hls @ 0xaaab0e279420] Opening '/config/cache/transcodes/e29222e76729f032467e0a962c8ff4492699.ts' for writing
[hls @ 0xaaab0e279420] Opening '/config/cache/transcodes/e29222e76729f032467e0a962c8ff4492700.ts' for writing
[hls @ 0xaaab0e279420] Opening '/config/cache/transcodes/e29222e76729f032467e0a962c8ff4492701.ts' for writing
frame=51532 fps=253 q=28.0 size=N/A time=00:35:41.58 bitrate=N/A speed=10.5x    
[hls @ 0xaaab0e279420] Opening '/config/cache/transcodes/e29222e76729f032467e0a962c8ff4492702.ts' for writing
[hls @ 0xaaab0e279420] Opening '/config/cache/transcodes/e29222e76729f032467e0a962c8ff4492703.ts' for writing
[hls @ 0xaaab0e279420] Opening '/config/cache/transcodes/e29222e76729f032467e0a962c8ff4492704.ts' for writing
[hls @ 0xaaab0e279420] Opening '/config/cache/transcodes/e29222e76729f032467e0a962c8ff4492705.ts' for writing
frame=51779 fps=253 q=28.0 size=N/A time=00:35:51.87 bitrate=N/A speed=10.5x    
[hls @ 0xaaab0e279420] Opening '/config/cache/transcodes/e29222e76729f032467e0a962c8ff4492706.ts' for writing
[hls @ 0xaaab0e279420] Opening '/config/cache/transcodes/e29222e76729f032467e0a962c8ff4492707.ts' for writing
[hls @ 0xaaab0e279420] Opening '/config/cache/transcodes/e29222e76729f032467e0a962c8ff4492708.ts' for writing
frame=52012 fps=254 q=28.0 size=N/A time=00:36:01.58 bitrate=N/A speed=10.5x    
[hls @ 0xaaab0e279420] Opening '/config/cache/transcodes/e29222e76729f032467e0a962c8ff4492709.ts' for writing
[hls @ 0xaaab0e279420] Opening '/config/cache/transcodes/e29222e76729f032467e0a962c8ff4492710.ts' for writing
[hls @ 0xaaab0e279420] Opening '/config/cache/transcodes/e29222e76729f032467e0a962c8ff4492711.ts' for writing
frame=52206 fps=254 q=28.0 size=N/A time=00:36:09.66 bitrate=N/A speed=10.6x    
[hls @ 0xaaab0e279420] Opening '/config/cache/transcodes/e29222e76729f032467e0a962c8ff4492712.ts' for writing
[hls @ 0xaaab0e279420] Opening '/config/cache/transcodes/e29222e76729f032467e0a962c8ff4492713.ts' for writing
frame=52378 fps=254 q=28.0 size=N/A time=00:36:16.83 bitrate=N/A speed=10.6x    
[hls @ 0xaaab0e279420] Opening '/config/cache/transcodes/e29222e76729f032467e0a962c8ff4492714.ts' for writing
[hls @ 0xaaab0e279420] Opening '/config/cache/transcodes/e29222e76729f032467e0a962c8ff4492715.ts' for writing
frame=52499 fps=254 q=28.0 size=N/A time=00:36:21.87 bitrate=N/A speed=10.6x    
[hls @ 0xaaab0e279420] Opening '/config/cache/transcodes/e29222e76729f032467e0a962c8ff4492716.ts' for writing
[hls @ 0xaaab0e279420] Opening '/config/cache/transcodes/e29222e76729f032467e0a962c8ff4492717.ts' for writing
frame=52642 fps=254 q=28.0 size=N/A time=00:36:27.83 bitrate=N/A speed=10.6x    
[hls @ 0xaaab0e279420] Opening '/config/cache/transcodes/e29222e76729f032467e0a962c8ff4492718.ts' for writing
[hls @ 0xaaab0e279420] Opening '/config/cache/transcodes/e29222e76729f032467e0a962c8ff4492719.ts' for writing
[hls @ 0xaaab0e279420] Opening '/config/cache/transcodes/e29222e76729f032467e0a962c8ff4492720.ts' for writing
[hls @ 0xaaab0e279420] Opening '/config/cache/transcodes/e29222e76729f032467e0a962c8ff4492721.ts' for writing
frame=52938 fps=255 q=28.0 size=N/A time=00:36:40.16 bitrate=N/A speed=10.6x    
[hls @ 0xaaab0e279420] Opening '/config/cache/transcodes/e29222e76729f032467e0a962c8ff4492722.ts' for writing
[hls @ 0xaaab0e279420] Opening '/config/cache/transcodes/e29222e76729f032467e0a962c8ff4492723.ts' for writing
[hls @ 0xaaab0e279420] Opening '/config/cache/transcodes/e29222e76729f032467e0a962c8ff4492724.ts' for writing
frame=53147 fps=255 q=28.0 size=N/A time=00:36:48.87 bitrate=N/A speed=10.6x    
[hls @ 0xaaab0e279420] Opening '/config/cache/transcodes/e29222e76729f032467e0a962c8ff4492725.ts' for writing
[hls @ 0xaaab0e279420] Opening '/config/cache/transcodes/e29222e76729f032467e0a962c8ff4492726.ts' for writing
[hls @ 0xaaab0e279420] Opening '/config/cache/transcodes/e29222e76729f032467e0a962c8ff4492727.ts' for writing
frame=53358 fps=256 q=28.0 size=N/A time=00:36:57.66 bitrate=N/A speed=10.6x    
[hls @ 0xaaab0e279420] Opening '/config/cache/transcodes/e29222e76729f032467e0a962c8ff4492728.ts' for writing
[hls @ 0xaaab0e279420] Opening '/config/cache/transcodes/e29222e76729f032467e0a962c8ff4492729.ts' for writing
frame=53524 fps=256 q=28.0 size=N/A time=00:37:04.58 bitrate=N/A speed=10.6x    
[hls @ 0xaaab0e279420] Opening '/config/cache/transcodes/e29222e76729f032467e0a962c8ff4492730.ts' for writing
[hls @ 0xaaab0e279420] Opening '/config/cache/transcodes/e29222e76729f032467e0a962c8ff4492731.ts' for writing
frame=53682 fps=256 q=28.0 size=N/A time=00:37:11.16 bitrate=N/A speed=10.6x    
[hls @ 0xaaab0e279420] Opening '/config/cache/transcodes/e29222e76729f032467e0a962c8ff4492732.ts' for writing
[hls @ 0xaaab0e279420] Opening '/config/cache/transcodes/e29222e76729f032467e0a962c8ff4492733.ts' for writing
frame=53854 fps=256 q=28.0 size=N/A time=00:37:18.33 bitrate=N/A speed=10.7x    
[hls @ 0xaaab0e279420] Opening '/config/cache/transcodes/e29222e76729f032467e0a962c8ff4492734.ts' for writing
[hls @ 0xaaab0e279420] Opening '/config/cache/transcodes/e29222e76729f032467e0a962c8ff4492735.ts' for writing
[hls @ 0xaaab0e279420] Opening '/config/cache/transcodes/e29222e76729f032467e0a962c8ff4492736.ts' for writing
frame=54021 fps=257 q=28.0 size=N/A time=00:37:25.29 bitrate=N/A speed=10.7x    
[hls @ 0xaaab0e279420] Opening '/config/cache/transcodes/e29222e76729f032467e0a962c8ff4492737.ts' for writing
[hls @ 0xaaab0e279420] Opening '/config/cache/transcodes/e29222e76729f032467e0a962c8ff4492738.ts' for writing
frame=54206 fps=257 q=25.0 size=N/A time=00:37:33.00 bitrate=N/A speed=10.7x    
[hls @ 0xaaab0e279420] Opening '/config/cache/transcodes/e29222e76729f032467e0a962c8ff4492739.ts' for writing
[hls @ 0xaaab0e279420] Opening '/config/cache/transcodes/e29222e76729f032467e0a962c8ff4492740.ts' for writing
[hls @ 0xaaab0e279420] Opening '/config/cache/transcodes/e29222e76729f032467e0a962c8ff4492741.ts' for writing
frame=54404 fps=257 q=28.0 size=N/A time=00:37:41.25 bitrate=N/A speed=10.7x    
[hls @ 0xaaab0e279420] Opening '/config/cache/transcodes/e29222e76729f032467e0a962c8ff4492742.ts' for writing
[hls @ 0xaaab0e279420] Opening '/config/cache/transcodes/e29222e76729f032467e0a962c8ff4492743.ts' for writing
[hls @ 0xaaab0e279420] Opening '/config/cache/transcodes/e29222e76729f032467e0a962c8ff4492744.ts' for writing
frame=54600 fps=257 q=28.0 size=N/A time=00:37:49.50 bitrate=N/A speed=10.7x    
[hls @ 0xaaab0e279420] Opening '/config/cache/transcodes/e29222e76729f032467e0a962c8ff4492745.ts' for writing
[hls @ 0xaaab0e279420] Opening '/config/cache/transcodes/e29222e76729f032467e0a962c8ff4492746.ts' for writing
[hls @ 0xaaab0e279420] Opening '/config/cache/transcodes/e29222e76729f032467e0a962c8ff4492747.ts' for writing
frame=54834 fps=258 q=28.0 size=N/A time=00:37:59.16 bitrate=N/A speed=10.7x    
[hls @ 0xaaab0e279420] Opening '/config/cache/transcodes/e29222e76729f032467e0a962c8ff4492748.ts' for writing
[hls @ 0xaaab0e279420] Opening '/config/cache/transcodes/e29222e76729f032467e0a962c8ff4492749.ts' for writing
[hls @ 0xaaab0e279420] Opening '/config/cache/transcodes/e29222e76729f032467e0a962c8ff4492750.ts' for writing
[hls @ 0xaaab0e279420] Opening '/config/cache/transcodes/e29222e76729f032467e0a962c8ff4492751.ts' for writing
frame=55110 fps=259 q=28.0 size=N/A time=00:38:10.66 bitrate=N/A speed=10.8x    
[hls @ 0xaaab0e279420] Opening '/config/cache/transcodes/e29222e76729f032467e0a962c8ff4492752.ts' for writing
[hls @ 0xaaab0e279420] Opening '/config/cache/transcodes/e29222e76729f032467e0a962c8ff4492753.ts' for writing
[hls @ 0xaaab0e279420] Opening '/config/cache/transcodes/e29222e76729f032467e0a962c8ff4492754.ts' for writing
frame=55332 fps=259 q=28.0 size=N/A time=00:38:19.91 bitrate=N/A speed=10.8x    
[hls @ 0xaaab0e279420] Opening '/config/cache/transcodes/e29222e76729f032467e0a962c8ff4492755.ts' for writing
[hls @ 0xaaab0e279420] Opening '/config/cache/transcodes/e29222e76729f032467e0a962c8ff4492756.ts' for writing
[hls @ 0xaaab0e279420] Opening '/config/cache/transcodes/e29222e76729f032467e0a962c8ff4492757.ts' for writing
frame=55570 fps=260 q=28.0 size=N/A time=00:38:29.83 bitrate=N/A speed=10.8x    
[hls @ 0xaaab0e279420] Opening '/config/cache/transcodes/e29222e76729f032467e0a962c8ff4492758.ts' for writing
[hls @ 0xaaab0e279420] Opening '/config/cache/transcodes/e29222e76729f032467e0a962c8ff4492759.ts' for writing
[hls @ 0xaaab0e279420] Opening '/config/cache/transcodes/e29222e76729f032467e0a962c8ff4492760.ts' for writing
frame=55797 fps=260 q=28.0 size=N/A time=00:38:39.29 bitrate=N/A speed=10.8x    
[hls @ 0xaaab0e279420] Opening '/config/cache/transcodes/e29222e76729f032467e0a962c8ff4492761.ts' for writing
[hls @ 0xaaab0e279420] Opening '/config/cache/transcodes/e29222e76729f032467e0a962c8ff4492762.ts' for writing
[hls @ 0xaaab0e279420] Opening '/config/cache/transcodes/e29222e76729f032467e0a962c8ff4492763.ts' for writing
frame=55999 fps=260 q=28.0 size=N/A time=00:38:47.70 bitrate=N/A speed=10.8x    
[hls @ 0xaaab0e279420] Opening '/config/cache/transcodes/e29222e76729f032467e0a962c8ff4492764.ts' for writing
[hls @ 0xaaab0e279420] Opening '/config/cache/transcodes/e29222e76729f032467e0a962c8ff4492765.ts' for writing
[hls @ 0xaaab0e279420] Opening '/config/cache/transcodes/e29222e76729f032467e0a962c8ff4492766.ts' for writing
frame=56226 fps=261 q=28.0 size=N/A time=00:38:57.16 bitrate=N/A speed=10.8x    
[hls @ 0xaaab0e279420] Opening '/config/cache/transcodes/e29222e76729f032467e0a962c8ff4492767.ts' for writing
[hls @ 0xaaab0e279420] Opening '/config/cache/transcodes/e29222e76729f032467e0a962c8ff4492768.ts' for writing
[hls @ 0xaaab0e279420] Opening '/config/cache/transcodes/e29222e76729f032467e0a962c8ff4492769.ts' for writing
[hls @ 0xaaab0e279420] Opening '/config/cache/transcodes/e29222e76729f032467e0a962c8ff4492770.ts' for writing
frame=56449 fps=261 q=28.0 size=N/A time=00:39:06.50 bitrate=N/A speed=10.9x    
[hls @ 0xaaab0e279420] Opening '/config/cache/transcodes/e29222e76729f032467e0a962c8ff4492771.ts' for writing
[hls @ 0xaaab0e279420] Opening '/config/cache/transcodes/e29222e76729f032467e0a962c8ff4492772.ts' for writing
[hls @ 0xaaab0e279420] Opening '/config/cache/transcodes/e29222e76729f032467e0a962c8ff4492773.ts' for writing
frame=56670 fps=262 q=28.0 size=N/A time=00:39:15.66 bitrate=N/A speed=10.9x    
[hls @ 0xaaab0e279420] Opening '/config/cache/transcodes/e29222e76729f032467e0a962c8ff4492774.ts' for writing
[hls @ 0xaaab0e279420] Opening '/config/cache/transcodes/e29222e76729f032467e0a962c8ff4492775.ts' for writing
frame=56873 fps=262 q=28.0 size=N/A time=00:39:24.12 bitrate=N/A speed=10.9x    
[hls @ 0xaaab0e279420] Opening '/config/cache/transcodes/e29222e76729f032467e0a962c8ff4492776.ts' for writing
[hls @ 0xaaab0e279420] Opening '/config/cache/transcodes/e29222e76729f032467e0a962c8ff4492777.ts' for writing
[hls @ 0xaaab0e279420] Opening '/config/cache/transcodes/e29222e76729f032467e0a962c8ff4492778.ts' for writing
frame=57077 fps=262 q=28.0 size=N/A time=00:39:32.62 bitrate=N/A speed=10.9x    
[hls @ 0xaaab0e279420] Opening '/config/cache/transcodes/e29222e76729f032467e0a962c8ff4492779.ts' for writing
[hls @ 0xaaab0e279420] Opening '/config/cache/transcodes/e29222e76729f032467e0a962c8ff4492780.ts' for writing
[hls @ 0xaaab0e279420] Opening '/config/cache/transcodes/e29222e76729f032467e0a962c8ff4492781.ts' for writing
[hls @ 0xaaab0e279420] Opening '/config/cache/transcodes/e29222e76729f032467e0a962c8ff4492782.ts' for writing
frame=57326 fps=263 q=28.0 size=N/A time=00:39:43.00 bitrate=N/A speed=10.9x    
[hls @ 0xaaab0e279420] Opening '/config/cache/transcodes/e29222e76729f032467e0a962c8ff4492783.ts' for writing
[hls @ 0xaaab0e279420] Opening '/config/cache/transcodes/e29222e76729f032467e0a962c8ff4492784.ts' for writing
[hls @ 0xaaab0e279420] Opening '/config/cache/transcodes/e29222e76729f032467e0a962c8ff4492785.ts' for writing
[hls @ 0xaaab0e279420] Opening '/config/cache/transcodes/e29222e76729f032467e0a962c8ff4492786.ts' for writing
frame=57601 fps=264 q=28.0 size=N/A time=00:39:54.50 bitrate=N/A speed=  11x    
[hls @ 0xaaab0e279420] Opening '/config/cache/transcodes/e29222e76729f032467e0a962c8ff4492787.ts' for writing
[hls @ 0xaaab0e279420] Opening '/config/cache/transcodes/e29222e76729f032467e0a962c8ff4492788.ts' for writing
[hls @ 0xaaab0e279420] Opening '/config/cache/transcodes/e29222e76729f032467e0a962c8ff4492789.ts' for writing
frame=57877 fps=264 q=28.0 size=N/A time=00:40:05.95 bitrate=N/A speed=  11x    
[hls @ 0xaaab0e279420] Opening '/config/cache/transcodes/e29222e76729f032467e0a962c8ff4492790.ts' for writing
[hls @ 0xaaab0e279420] Opening '/config/cache/transcodes/e29222e76729f032467e0a962c8ff4492791.ts' for writing
[hls @ 0xaaab0e279420] Opening '/config/cache/transcodes/e29222e76729f032467e0a962c8ff4492792.ts' for writing
[hls @ 0xaaab0e279420] Opening '/config/cache/transcodes/e29222e76729f032467e0a962c8ff4492793.ts' for writing
frame=58150 fps=265 q=28.0 size=N/A time=00:40:17.33 bitrate=N/A speed=  11x    
[hls @ 0xaaab0e279420] Opening '/config/cache/transcodes/e29222e76729f032467e0a962c8ff4492794.ts' for writing
[hls @ 0xaaab0e279420] Opening '/config/cache/transcodes/e29222e76729f032467e0a962c8ff4492795.ts' for writing
[hls @ 0xaaab0e279420] Opening '/config/cache/transcodes/e29222e76729f032467e0a962c8ff4492796.ts' for writing
[hls @ 0xaaab0e279420] Opening '/config/cache/transcodes/e29222e76729f032467e0a962c8ff4492797.ts' for writing
frame=58428 fps=265 q=28.0 size=N/A time=00:40:28.91 bitrate=N/A speed=  11x    
[hls @ 0xaaab0e279420] Opening '/config/cache/transcodes/e29222e76729f032467e0a962c8ff4492798.ts' for writing
[hls @ 0xaaab0e279420] Opening '/config/cache/transcodes/e29222e76729f032467e0a962c8ff4492799.ts' for writing
[hls @ 0xaaab0e279420] Opening '/config/cache/transcodes/e29222e76729f032467e0a962c8ff4492800.ts' for writing
frame=58669 fps=266 q=28.0 size=N/A time=00:40:38.95 bitrate=N/A speed=11.1x    
[hls @ 0xaaab0e279420] Opening '/config/cache/transcodes/e29222e76729f032467e0a962c8ff4492801.ts' for writing
[hls @ 0xaaab0e279420] Opening '/config/cache/transcodes/e29222e76729f032467e0a962c8ff4492802.ts' for writing
[hls @ 0xaaab0e279420] Opening '/config/cache/transcodes/e29222e76729f032467e0a962c8ff4492803.ts' for writing
[hls @ 0xaaab0e279420] Opening '/config/cache/transcodes/e29222e76729f032467e0a962c8ff4492804.ts' for writing
frame=58921 fps=267 q=28.0 size=N/A time=00:40:49.45 bitrate=N/A speed=11.1x    
[hls @ 0xaaab0e279420] Opening '/config/cache/transcodes/e29222e76729f032467e0a962c8ff4492805.ts' for writing
[hls @ 0xaaab0e279420] Opening '/config/cache/transcodes/e29222e76729f032467e0a962c8ff4492806.ts' for writing
[hls @ 0xaaab0e279420] Opening '/config/cache/transcodes/e29222e76729f032467e0a962c8ff4492807.ts' for writing
frame=59134 fps=267 q=28.0 size=N/A time=00:40:58.33 bitrate=N/A speed=11.1x    
[hls @ 0xaaab0e279420] Opening '/config/cache/transcodes/e29222e76729f032467e0a962c8ff4492808.ts' for writing
[hls @ 0xaaab0e279420] Opening '/config/cache/transcodes/e29222e76729f032467e0a962c8ff4492809.ts' for writing
[hls @ 0xaaab0e279420] Opening '/config/cache/transcodes/e29222e76729f032467e0a962c8ff4492810.ts' for writing
frame=59329 fps=267 q=28.0 size=N/A time=00:41:06.45 bitrate=N/A speed=11.1x    
[hls @ 0xaaab0e279420] Opening '/config/cache/transcodes/e29222e76729f032467e0a962c8ff4492811.ts' for writing
[hls @ 0xaaab0e279420] Opening '/config/cache/transcodes/e29222e76729f032467e0a962c8ff4492812.ts' for writing
frame=59537 fps=267 q=28.0 size=N/A time=00:41:15.12 bitrate=N/A speed=11.1x    
[hls @ 0xaaab0e279420] Opening '/config/cache/transcodes/e29222e76729f032467e0a962c8ff4492813.ts' for writing
[hls @ 0xaaab0e279420] Opening '/config/cache/transcodes/e29222e76729f032467e0a962c8ff4492814.ts' for writing
frame=59682 fps=268 q=28.0 size=N/A time=00:41:21.16 bitrate=N/A speed=11.1x    
[hls @ 0xaaab0e279420] Opening '/config/cache/transcodes/e29222e76729f032467e0a962c8ff4492815.ts' for writing
[hls @ 0xaaab0e279420] Opening '/config/cache/transcodes/e29222e76729f032467e0a962c8ff4492816.ts' for writing
[hls @ 0xaaab0e279420] Opening '/config/cache/transcodes/e29222e76729f032467e0a962c8ff4492817.ts' for writing
frame=59850 fps=268 q=28.0 size=N/A time=00:41:28.16 bitrate=N/A speed=11.1x    
[hls @ 0xaaab0e279420] Opening '/config/cache/transcodes/e29222e76729f032467e0a962c8ff4492818.ts' for writing
[hls @ 0xaaab0e279420] Opening '/config/cache/transcodes/e29222e76729f032467e0a962c8ff4492819.ts' for writing
frame=59997 fps=268 q=28.0 size=N/A time=00:41:34.33 bitrate=N/A speed=11.1x    
[hls @ 0xaaab0e279420] Opening '/config/cache/transcodes/e29222e76729f032467e0a962c8ff4492820.ts' for writing
[hls @ 0xaaab0e279420] Opening '/config/cache/transcodes/e29222e76729f032467e0a962c8ff4492821.ts' for writing
[hls @ 0xaaab0e279420] Opening '/config/cache/transcodes/e29222e76729f032467e0a962c8ff4492822.ts' for writing
frame=60212 fps=268 q=28.0 size=N/A time=00:41:43.25 bitrate=N/A speed=11.1x    
[hls @ 0xaaab0e279420] Opening '/config/cache/transcodes/e29222e76729f032467e0a962c8ff4492823.ts' for writing
[hls @ 0xaaab0e279420] Opening '/config/cache/transcodes/e29222e76729f032467e0a962c8ff4492824.ts' for writing
frame=60386 fps=268 q=28.0 size=N/A time=00:41:50.50 bitrate=N/A speed=11.2x    
[hls @ 0xaaab0e279420] Opening '/config/cache/transcodes/e29222e76729f032467e0a962c8ff4492825.ts' for writing
[hls @ 0xaaab0e279420] Opening '/config/cache/transcodes/e29222e76729f032467e0a962c8ff4492826.ts' for writing
[hls @ 0xaaab0e279420] Opening '/config/cache/transcodes/e29222e76729f032467e0a962c8ff4492827.ts' for writing
frame=60594 fps=269 q=28.0 size=N/A time=00:41:59.16 bitrate=N/A speed=11.2x    
[hls @ 0xaaab0e279420] Opening '/config/cache/transcodes/e29222e76729f032467e0a962c8ff4492828.ts' for writing
[hls @ 0xaaab0e279420] Opening '/config/cache/transcodes/e29222e76729f032467e0a962c8ff4492829.ts' for writing
[hls @ 0xaaab0e279420] Opening '/config/cache/transcodes/e29222e76729f032467e0a962c8ff4492830.ts' for writing
frame=60831 fps=269 q=28.0 size=N/A time=00:42:09.04 bitrate=N/A speed=11.2x    
[hls @ 0xaaab0e279420] Opening '/config/cache/transcodes/e29222e76729f032467e0a962c8ff4492831.ts' for writing
[hls @ 0xaaab0e279420] Opening '/config/cache/transcodes/e29222e76729f032467e0a962c8ff4492832.ts' for writing
[hls @ 0xaaab0e279420] Opening '/config/cache/transcodes/e29222e76729f032467e0a962c8ff4492833.ts' for writing
[hls @ 0xaaab0e279420] Opening '/config/cache/transcodes/e29222e76729f032467e0a962c8ff4492834.ts' for writing
frame=61058 fps=269 q=28.0 size=N/A time=00:42:18.50 bitrate=N/A speed=11.2x    
[hls @ 0xaaab0e279420] Opening '/config/cache/transcodes/e29222e76729f032467e0a962c8ff4492835.ts' for writing
[hls @ 0xaaab0e279420] Opening '/config/cache/transcodes/e29222e76729f032467e0a962c8ff4492836.ts' for writing
[hls @ 0xaaab0e279420] Opening '/config/cache/transcodes/e29222e76729f032467e0a962c8ff4492837.ts' for writing
[hls @ 0xaaab0e279420] Opening '/config/cache/transcodes/e29222e76729f032467e0a962c8ff4492838.ts' for writing
frame=61414 fps=270 q=28.0 size=N/A time=00:42:33.33 bitrate=N/A speed=11.2x    
[hls @ 0xaaab0e279420] Opening '/config/cache/transcodes/e29222e76729f032467e0a962c8ff4492839.ts' for writing
[hls @ 0xaaab0e279420] Opening '/config/cache/transcodes/e29222e76729f032467e0a962c8ff4492840.ts' for writing
[hls @ 0xaaab0e279420] Opening '/config/cache/transcodes/e29222e76729f032467e0a962c8ff4492841.ts' for writing
[hls @ 0xaaab0e279420] Opening '/config/cache/transcodes/e29222e76729f032467e0a962c8ff4492842.ts' for writing
[hls @ 0xaaab0e279420] Opening '/config/cache/transcodes/e29222e76729f032467e0a962c8ff4492843.ts' for writing
[hls @ 0xaaab0e279420] Opening '/config/cache/transcodes/e29222e76729f032467e0a962c8ff4492844.ts' for writing
frame=61806 fps=272 q=28.0 size=N/A time=00:42:49.66 bitrate=N/A speed=11.3x    
[hls @ 0xaaab0e279420] Opening '/config/cache/transcodes/e29222e76729f032467e0a962c8ff4492845.ts' for writing
[hls @ 0xaaab0e279420] Opening '/config/cache/transcodes/e29222e76729f032467e0a962c8ff4492846.ts' for writing
[hls @ 0xaaab0e279420] Opening '/config/cache/transcodes/e29222e76729f032467e0a962c8ff4492847.ts' for writing
[hls @ 0xaaab0e279420] Opening '/config/cache/transcodes/e29222e76729f032467e0a962c8ff4492848.ts' for writing
[hls @ 0xaaab0e279420] Opening '/config/cache/transcodes/e29222e76729f032467e0a962c8ff4492849.ts' for writing
frame=62189 fps=273 q=28.0 size=N/A time=00:43:05.62 bitrate=N/A speed=11.3x    
[hls @ 0xaaab0e279420] Opening '/config/cache/transcodes/e29222e76729f032467e0a962c8ff4492850.ts' for writing
[hls @ 0xaaab0e279420] Opening '/config/cache/transcodes/e29222e76729f032467e0a962c8ff4492851.ts' for writing
[hls @ 0xaaab0e279420] Opening '/config/cache/transcodes/e29222e76729f032467e0a962c8ff4492852.ts' for writing
[hls @ 0xaaab0e279420] Opening '/config/cache/transcodes/e29222e76729f032467e0a962c8ff4492853.ts' for writing
[hls @ 0xaaab0e279420] Opening '/config/cache/transcodes/e29222e76729f032467e0a962c8ff4492854.ts' for writing
[hls @ 0xaaab0e279420] Opening '/config/cache/transcodes/e29222e76729f032467e0a962c8ff4492855.ts' for writing
frame=62584 fps=274 q=28.0 size=N/A time=00:43:22.08 bitrate=N/A speed=11.4x    
[hls @ 0xaaab0e279420] Opening '/config/cache/transcodes/e29222e76729f032467e0a962c8ff4492856.ts' for writing
[hls @ 0xaaab0e279420] Opening '/config/cache/transcodes/e29222e76729f032467e0a962c8ff4492857.ts' for writing
[hls @ 0xaaab0e279420] Opening '/config/cache/transcodes/e29222e76729f032467e0a962c8ff4492858.ts' for writing
[hls @ 0xaaab0e279420] Opening '/config/cache/transcodes/e29222e76729f032467e0a962c8ff4492859.ts' for writing
[hls @ 0xaaab0e279420] Opening '/config/cache/transcodes/e29222e76729f032467e0a962c8ff4492860.ts' for writing
frame=62985 fps=275 q=28.0 size=N/A time=00:43:38.79 bitrate=N/A speed=11.4x    
[hls @ 0xaaab0e279420] Opening '/config/cache/transcodes/e29222e76729f032467e0a962c8ff4492861.ts' for writing
[hls @ 0xaaab0e279420] Opening '/config/cache/transcodes/e29222e76729f032467e0a962c8ff4492862.ts' for writing
[hls @ 0xaaab0e279420] Opening '/config/cache/transcodes/e29222e76729f032467e0a962c8ff4492863.ts' for writing
[hls @ 0xaaab0e279420] Opening '/config/cache/transcodes/e29222e76729f032467e0a962c8ff4492864.ts' for writing
[hls @ 0xaaab0e279420] Opening '/config/cache/transcodes/e29222e76729f032467e0a962c8ff4492865.ts' for writing
frame=63354 fps=276 q=28.0 size=N/A time=00:43:54.16 bitrate=N/A speed=11.5x    
[hls @ 0xaaab0e279420] Opening '/config/cache/transcodes/e29222e76729f032467e0a962c8ff4492866.ts' for writing
[hls @ 0xaaab0e279420] Opening '/config/cache/transcodes/e29222e76729f032467e0a962c8ff4492867.ts' for writing
[hls @ 0xaaab0e279420] Opening '/config/cache/transcodes/e29222e76729f032467e0a962c8ff4492868.ts' for writing
[hls @ 0xaaab0e279420] Opening '/config/cache/transcodes/e29222e76729f032467e0a962c8ff4492869.ts' for writing
[hls @ 0xaaab0e279420] Opening '/config/cache/transcodes/e29222e76729f032467e0a962c8ff4492870.ts' for writing
[hls @ 0xaaab0e279420] Opening '/config/cache/transcodes/e29222e76729f032467e0a962c8ff4492871.ts' for writing
frame=63757 fps=277 q=28.0 size=N/A time=00:44:10.95 bitrate=N/A speed=11.5x    
[hls @ 0xaaab0e279420] Opening '/config/cache/transcodes/e29222e76729f032467e0a962c8ff4492872.ts' for writing
[hls @ 0xaaab0e279420] Opening '/config/cache/transcodes/e29222e76729f032467e0a962c8ff4492873.ts' for writing
[hls @ 0xaaab0e279420] Opening '/config/cache/transcodes/e29222e76729f032467e0a962c8ff4492874.ts' for writing
[hls @ 0xaaab0e279420] Opening '/config/cache/transcodes/e29222e76729f032467e0a962c8ff4492875.ts' for writing
[hls @ 0xaaab0e279420] Opening '/config/cache/transcodes/e29222e76729f032467e0a962c8ff4492876.ts' for writing
frame=64149 fps=278 q=28.0 size=N/A time=00:44:27.29 bitrate=N/A speed=11.6x    
[hls @ 0xaaab0e279420] Opening '/config/cache/transcodes/e29222e76729f032467e0a962c8ff4492877.ts' for writing
[hls @ 0xaaab0e279420] Opening '/config/cache/transcodes/e29222e76729f032467e0a962c8ff4492878.ts' for writing
[hls @ 0xaaab0e279420] Opening '/config/cache/transcodes/e29222e76729f032467e0a962c8ff4492879.ts' for writing
[out#0/hls @ 0xaaab0e27ab40] video:1262368KiB audio:83940KiB subtitle:0KiB other streams:0KiB global headers:0KiB muxing overhead: unknown
frame=64264 fps=279 q=-1.0 Lsize=N/A time=00:44:32.08 bitrate=N/A speed=11.6x    
[libx264 @ 0xaaab0e1f01b0] frame I:893   Avg QP:18.70  size: 80150
[libx264 @ 0xaaab0e1f01b0] frame P:20080 Avg QP:22.22  size: 32767
[libx264 @ 0xaaab0e1f01b0] frame B:43291 Avg QP:24.51  size: 13008
[libx264 @ 0xaaab0e1f01b0] consecutive B-frames:  7.4%  6.2%  6.3% 80.1%
[libx264 @ 0xaaab0e1f01b0] mb I  I16..4: 18.8% 51.8% 29.5%
[libx264 @ 0xaaab0e1f01b0] mb P  I16..4: 12.4% 34.8%  5.5%  P16..4: 14.5%  7.2%  3.1%  0.0%  0.0%    skip:22.5%
[libx264 @ 0xaaab0e1f01b0] mb B  I16..4:  2.8%  8.7%  0.8%  B16..8: 15.5%  6.5%  0.8%  direct: 5.7%  skip:59.3%  L0:41.7% L1:44.5% BI:13.9%
[libx264 @ 0xaaab0e1f01b0] 8x8 transform intra:66.8% inter:46.3%
[libx264 @ 0xaaab0e1f01b0] coded y,uvDC,uvAC intra: 43.1% 53.9% 17.6% inter: 7.2% 15.6% 0.7%
[libx264 @ 0xaaab0e1f01b0] i16 v,h,dc,p: 32% 30% 11% 26%
[libx264 @ 0xaaab0e1f01b0] i8 v,h,dc,ddl,ddr,vr,hd,vl,hu: 14% 20% 18%  5% 10%  7%  9%  6% 11%
[libx264 @ 0xaaab0e1f01b0] i4 v,h,dc,ddl,ddr,vr,hd,vl,hu: 20% 24% 13%  5% 10%  6%  7%  5%  9%
[libx264 @ 0xaaab0e1f01b0] i8c dc,h,v,p: 39% 25% 20% 15%
[libx264 @ 0xaaab0e1f01b0] Weighted P-Frames: Y:8.4% UV:5.9%
[libx264 @ 0xaaab0e1f01b0] kb/s:3862.06