{"Protocol":0,"Id":"f30a09d10448a95aa11ef49293ee7501","Path":"/data/media/movies/The Super Mario Galaxy Movie (2026)/The Super Mario Galaxy Movie 2026 1080p Webrip HEVC x265-RMTeam.mkv","EncoderPath":null,"EncoderProtocol":null,"Type":0,"Container":"mkv","Size":2519138614,"Name":"The Super Mario Galaxy Movie 2026 1080p Webrip HEVC x265-RMTeam","IsRemote":false,"ETag":"a1f0514568590bdde9e93229cfe4b209","RunTimeTicks":58810500000,"ReadAtNativeFramerate":false,"IgnoreDts":false,"IgnoreIndex":false,"GenPtsInput":false,"SupportsTranscoding":true,"SupportsDirectStream":true,"SupportsDirectPlay":true,"IsInfiniteStream":false,"UseMostCompatibleTranscodingProfile":false,"RequiresOpening":false,"OpenToken":null,"RequiresClosing":false,"LiveStreamId":null,"BufferMs":null,"RequiresLooping":false,"SupportsProbing":true,"VideoType":0,"IsoType":null,"Video3DFormat":null,"MediaStreams":[{"Codec":"hevc","CodecTag":null,"Language":null,"ColorRange":null,"ColorSpace":null,"ColorTransfer":null,"ColorPrimaries":null,"DvVersionMajor":null,"DvVersionMinor":null,"DvProfile":null,"DvLevel":null,"RpuPresentFlag":null,"ElPresentFlag":null,"BlPresentFlag":null,"DvBlSignalCompatibilityId":null,"Rotation":null,"Comment":null,"TimeBase":"1/1000","CodecTimeBase":null,"Title":null,"Hdr10PlusPresentFlag":null,"VideoRange":1,"VideoRangeType":1,"VideoDoViTitle":null,"AudioSpatialFormat":0,"LocalizedUndefined":null,"LocalizedDefault":null,"LocalizedForced":null,"LocalizedExternal":null,"LocalizedHearingImpaired":null,"DisplayTitle":"1080p HEVC SDR","NalLengthSize":null,"IsInterlaced":false,"IsAVC":false,"ChannelLayout":null,"BitRate":3426787,"BitDepth":8,"RefFrames":1,"PacketLength":null,"Channels":null,"SampleRate":null,"IsDefault":true,"IsForced":false,"IsHearingImpaired":false,"Height":804,"Width":1920,"AverageFrameRate":24,"RealFrameRate":24,"ReferenceFrameRate":24,"Profile":"Main","Type":1,"AspectRatio":"2.40:1","Index":0,"Score":null,"IsExternal":false,"DeliveryMethod":null,"DeliveryUrl":null,"IsExternalUrl":null,"IsTextSubtitleStream":false,"SupportsExternalStream":false,"Path":null,"PixelFormat":"yuv420p","Level":120,"IsAnamorphic":false},{"Codec":"aac","CodecTag":null,"Language":"eng","ColorRange":null,"ColorSpace":null,"ColorTransfer":null,"ColorPrimaries":null,"DvVersionMajor":null,"DvVersionMinor":null,"DvProfile":null,"DvLevel":null,"RpuPresentFlag":null,"ElPresentFlag":null,"BlPresentFlag":null,"DvBlSignalCompatibilityId":null,"Rotation":null,"Comment":null,"TimeBase":"1/1000","CodecTimeBase":null,"Title":"SyncUP","Hdr10PlusPresentFlag":null,"VideoRange":0,"VideoRangeType":0,"VideoDoViTitle":null,"AudioSpatialFormat":0,"LocalizedUndefined":null,"LocalizedDefault":"Default","LocalizedForced":null,"LocalizedExternal":"External","LocalizedHearingImpaired":null,"DisplayTitle":"SyncUP - English - AAC - Stereo - Default","NalLengthSize":null,"IsInterlaced":false,"IsAVC":false,"ChannelLayout":"stereo","BitRate":320000,"BitDepth":null,"RefFrames":null,"PacketLength":null,"Channels":2,"SampleRate":48000,"IsDefault":true,"IsForced":false,"IsHearingImpaired":false,"Height":null,"Width":null,"AverageFrameRate":null,"RealFrameRate":null,"ReferenceFrameRate":null,"Profile":"LC","Type":0,"AspectRatio":null,"Index":1,"Score":null,"IsExternal":false,"DeliveryMethod":null,"DeliveryUrl":null,"IsExternalUrl":null,"IsTextSubtitleStream":false,"SupportsExternalStream":false,"Path":null,"PixelFormat":null,"Level":0,"IsAnamorphic":null},{"Codec":"aac","CodecTag":null,"Language":"rus","ColorRange":null,"ColorSpace":null,"ColorTransfer":null,"ColorPrimaries":null,"DvVersionMajor":null,"DvVersionMinor":null,"DvProfile":null,"DvLevel":null,"RpuPresentFlag":null,"ElPresentFlag":null,"BlPresentFlag":null,"DvBlSignalCompatibilityId":null,"Rotation":null,"Comment":null,"TimeBase":"1/1000","CodecTimeBase":null,"Title":"????","Hdr10PlusPresentFlag":null,"VideoRange":0,"VideoRangeType":0,"VideoDoViTitle":null,"AudioSpatialFormat":0,"LocalizedUndefined":null,"LocalizedDefault":"Default","LocalizedForced":null,"LocalizedExternal":"External","LocalizedHearingImpaired":null,"DisplayTitle":"???? - Russian - AAC - 5.1","NalLengthSize":null,"IsInterlaced":false,"IsAVC":false,"ChannelLayout":"5.1","BitRate":448000,"BitDepth":null,"RefFrames":null,"PacketLength":null,"Channels":6,"SampleRate":48000,"IsDefault":false,"IsForced":false,"IsHearingImpaired":false,"Height":null,"Width":null,"AverageFrameRate":null,"RealFrameRate":null,"ReferenceFrameRate":null,"Profile":"LC","Type":0,"AspectRatio":null,"Index":2,"Score":null,"IsExternal":false,"DeliveryMethod":null,"DeliveryUrl":null,"IsExternalUrl":null,"IsTextSubtitleStream":false,"SupportsExternalStream":false,"Path":null,"PixelFormat":null,"Level":0,"IsAnamorphic":null},{"Codec":"aac","CodecTag":null,"Language":"spa","ColorRange":null,"ColorSpace":null,"ColorTransfer":null,"ColorPrimaries":null,"DvVersionMajor":null,"DvVersionMinor":null,"DvProfile":null,"DvLevel":null,"RpuPresentFlag":null,"ElPresentFlag":null,"BlPresentFlag":null,"DvBlSignalCompatibilityId":null,"Rotation":null,"Comment":null,"TimeBase":"1/1000","CodecTimeBase":null,"Title":"LMHD","Hdr10PlusPresentFlag":null,"VideoRange":0,"VideoRangeType":0,"VideoDoViTitle":null,"AudioSpatialFormat":0,"LocalizedUndefined":null,"LocalizedDefault":"Default","LocalizedForced":null,"LocalizedExternal":"External","LocalizedHearingImpaired":null,"DisplayTitle":"LMHD - Spanish - AAC - Stereo","NalLengthSize":null,"IsInterlaced":false,"IsAVC":false,"ChannelLayout":"stereo","BitRate":320000,"BitDepth":null,"RefFrames":null,"PacketLength":null,"Channels":2,"SampleRate":48000,"IsDefault":false,"IsForced":false,"IsHearingImpaired":false,"Height":null,"Width":null,"AverageFrameRate":null,"RealFrameRate":null,"ReferenceFrameRate":null,"Profile":"LC","Type":0,"AspectRatio":null,"Index":3,"Score":null,"IsExternal":false,"DeliveryMethod":null,"DeliveryUrl":null,"IsExternalUrl":null,"IsTextSubtitleStream":false,"SupportsExternalStream":false,"Path":null,"PixelFormat":null,"Level":0,"IsAnamorphic":null},{"Codec":"aac","CodecTag":null,"Language":"deu","ColorRange":null,"ColorSpace":null,"ColorTransfer":null,"ColorPrimaries":null,"DvVersionMajor":null,"DvVersionMinor":null,"DvProfile":null,"DvLevel":null,"RpuPresentFlag":null,"ElPresentFlag":null,"BlPresentFlag":null,"DvBlSignalCompatibilityId":null,"Rotation":null,"Comment":null,"TimeBase":"1/1000","CodecTimeBase":null,"Title":"Ghost","Hdr10PlusPresentFlag":null,"VideoRange":0,"VideoRangeType":0,"VideoDoViTitle":null,"AudioSpatialFormat":0,"LocalizedUndefined":null,"LocalizedDefault":"Default","LocalizedForced":null,"LocalizedExternal":"External","LocalizedHearingImpaired":null,"DisplayTitle":"Ghost - German - AAC - Stereo","NalLengthSize":null,"IsInterlaced":false,"IsAVC":false,"ChannelLayout":"stereo","BitRate":320000,"BitDepth":null,"RefFrames":null,"PacketLength":null,"Channels":2,"SampleRate":48000,"IsDefault":false,"IsForced":false,"IsHearingImpaired":false,"Height":null,"Width":null,"AverageFrameRate":null,"RealFrameRate":null,"ReferenceFrameRate":null,"Profile":"LC","Type":0,"AspectRatio":null,"Index":4,"Score":null,"IsExternal":false,"DeliveryMethod":null,"DeliveryUrl":null,"IsExternalUrl":null,"IsTextSubtitleStream":false,"SupportsExternalStream":false,"Path":null,"PixelFormat":null,"Level":0,"IsAnamorphic":null},{"Codec":"subrip","CodecTag":null,"Language":"eng","ColorRange":null,"ColorSpace":null,"ColorTransfer":null,"ColorPrimaries":null,"DvVersionMajor":null,"DvVersionMinor":null,"DvProfile":null,"DvLevel":null,"RpuPresentFlag":null,"ElPresentFlag":null,"BlPresentFlag":null,"DvBlSignalCompatibilityId":null,"Rotation":null,"Comment":null,"TimeBase":"1/1000","CodecTimeBase":null,"Title":null,"Hdr10PlusPresentFlag":null,"VideoRange":0,"VideoRangeType":0,"VideoDoViTitle":null,"AudioSpatialFormat":0,"LocalizedUndefined":"Undefined","LocalizedDefault":"Default","LocalizedForced":"Forced","LocalizedExternal":"External","LocalizedHearingImpaired":"Hearing Impaired","DisplayTitle":"English - SUBRIP","NalLengthSize":null,"IsInterlaced":false,"IsAVC":false,"ChannelLayout":null,"BitRate":null,"BitDepth":null,"RefFrames":null,"PacketLength":null,"Channels":null,"SampleRate":null,"IsDefault":false,"IsForced":false,"IsHearingImpaired":false,"Height":0,"Width":0,"AverageFrameRate":null,"RealFrameRate":null,"ReferenceFrameRate":null,"Profile":null,"Type":2,"AspectRatio":null,"Index":5,"Score":null,"IsExternal":false,"DeliveryMethod":null,"DeliveryUrl":null,"IsExternalUrl":null,"IsTextSubtitleStream":true,"SupportsExternalStream":true,"Path":null,"PixelFormat":null,"Level":0,"IsAnamorphic":null}],"MediaAttachments":[],"Formats":[],"Bitrate":4834787,"FallbackMaxStreamingBitrate":null,"Timestamp":null,"RequiredHttpHeaders":{},"TranscodingUrl":null,"TranscodingSubProtocol":0,"TranscodingContainer":null,"AnalyzeDurationMs":null,"DefaultAudioStreamIndex":null,"DefaultSubtitleStreamIndex":null,"HasSegments":false}

/usr/lib/jellyfin-ffmpeg/ffmpeg -analyzeduration 200M -probesize 1G -fflags +genpts  -i file:"/data/media/movies/The Super Mario Galaxy Movie (2026)/The Super Mario Galaxy Movie 2026 1080p Webrip HEVC x265-RMTeam.mkv" -map_metadata -1 -map_chapters -1 -threads 0 -map 0:0 -map 0:1 -map -0:s -codec:v:0 copy -tag:v:0 hvc1 -bsf:v hevc_mp4toannexb -start_at_zero -codec:a:0 copy -copyts -avoid_negative_ts disabled -max_muxing_queue_size 2048 -f hls -max_delay 5000000 -hls_time 6 -hls_segment_type fmp4 -hls_fmp4_init_filename "678f3a84224662b67ff4c25be5757a34-1.mp4" -start_number 0 -hls_segment_filename "/config/cache/transcodes/678f3a84224662b67ff4c25be5757a34%d.mp4" -hls_playlist_type vod -hls_list_size 0 -hls_segment_options movflags=+frag_discont -y "/config/cache/transcodes/678f3a84224662b67ff4c25be5757a34.m3u8"


ffmpeg version 7.1.3-Jellyfin Copyright (c) 2000-2025 the FFmpeg developers
  built with gcc 13 (Ubuntu 13.3.0-6ubuntu2~24.04.1)
  configuration: --prefix=/usr/lib/jellyfin-ffmpeg --target-os=linux --extra-version=Jellyfin --disable-doc --disable-ffplay --disable-static --disable-libxcb --disable-sdl2 --disable-xlib --enable-lto=auto --enable-gpl --enable-version3 --enable-shared --enable-gmp --enable-gnutls --enable-chromaprint --enable-opencl --enable-libdrm --enable-libxml2 --enable-libass --enable-libfreetype --enable-libfribidi --enable-libfontconfig --enable-libharfbuzz --enable-libbluray --enable-libmp3lame --enable-libopus --enable-libtheora --enable-libvorbis --enable-libopenmpt --enable-libdav1d --enable-libsvtav1 --enable-libwebp --enable-libvpx --enable-libx264 --enable-libx265 --enable-libzvbi --enable-libzimg --enable-libfdk-aac --arch=arm64 --cross-prefix=/usr/bin/aarch64-linux-gnu- --toolchain=hardened --enable-cross-compile --enable-rkmpp --enable-rkrga --enable-ffnvcodec --enable-cuda --enable-cuda-llvm --enable-cuvid --enable-nvdec --enable-nvenc
  libavutil      59. 39.100 / 59. 39.100
  libavcodec     61. 19.101 / 61. 19.101
  libavformat    61.  7.100 / 61.  7.100
  libavdevice    61.  3.100 / 61.  3.100
  libavfilter    10.  4.100 / 10.  4.100
  libswscale      8.  3.100 /  8.  3.100
  libswresample   5.  3.100 /  5.  3.100
  libpostproc    58.  3.100 / 58.  3.100
Input #0, matroska,webm, from 'file:/data/media/movies/The Super Mario Galaxy Movie (2026)/The Super Mario Galaxy Movie 2026 1080p Webrip HEVC x265-RMTeam.mkv':
  Metadata:
    title           : The Super Mario Galaxy Movie - RMTeam, https://RMZ.cr
    DESCRIPTION     : Encoded By RMTeam, https://rapidmoviez.cr
    ENCODER         : Lavf57.71.100
  Duration: 01:38:01.05, start: 0.000000, bitrate: 3426 kb/s
  Stream #0:0: Video: hevc (Main), yuv420p(tv, progressive), 1920x804 [SAR 1:1 DAR 160:67], 24 fps, 24 tbr, 1k tbn (default)
      Metadata:
        BPS             : 14368229
        NUMBER_OF_FRAMES: 141144
        NUMBER_OF_BYTES : 10562444933
        _STATISTICS_WRITING_APP: mkvmerge v95.0 ('Goodbye Stranger') 64-bit
        _STATISTICS_WRITING_DATE_UTC: 2026-04-11 02:32:06
        _STATISTICS_TAGS: BPS DURATION NUMBER_OF_FRAMES NUMBER_OF_BYTES
        ENCODER         : Lavc57.89.100 libx265
        DURATION        : 01:38:01.021000000
  Stream #0:1(eng): Audio: aac (LC), 48000 Hz, stereo, fltp (default)
      Metadata:
        title           : SyncUP
        BPS             : 320000
        NUMBER_OF_FRAMES: 183782
        NUMBER_OF_BYTES : 235240960
        _STATISTICS_WRITING_APP: mkvmerge v95.0 ('Goodbye Stranger') 64-bit
        _STATISTICS_WRITING_DATE_UTC: 2026-04-11 02:32:06
        _STATISTICS_TAGS: BPS DURATION NUMBER_OF_FRAMES NUMBER_OF_BYTES
        ENCODER         : Lavc57.89.100 aac
        DURATION        : 01:38:01.050000000
  Stream #0:2(rus): Audio: aac (LC), 48000 Hz, 5.1, fltp
      Metadata:
        title           : ????
        BPS             : 448000
        NUMBER_OF_FRAMES: 183781
        NUMBER_OF_BYTES : 329335552
        _STATISTICS_WRITING_APP: mkvmerge v95.0 ('Goodbye Stranger') 64-bit
        _STATISTICS_WRITING_DATE_UTC: 2026-04-11 02:32:06
        _STATISTICS_TAGS: BPS DURATION NUMBER_OF_FRAMES NUMBER_OF_BYTES
        ENCODER         : Lavc57.89.100 aac
        DURATION        : 01:38:01.013000000
  Stream #0:3(spa): Audio: aac (LC), 48000 Hz, stereo, fltp
      Metadata:
        title           : LMHD
        BPS             : 320000
        NUMBER_OF_FRAMES: 183782
        NUMBER_OF_BYTES : 235240960
        _STATISTICS_WRITING_APP: mkvmerge v95.0 ('Goodbye Stranger') 64-bit
        _STATISTICS_WRITING_DATE_UTC: 2026-04-11 02:32:06
        _STATISTICS_TAGS: BPS DURATION NUMBER_OF_FRAMES NUMBER_OF_BYTES
        ENCODER         : Lavc57.89.100 aac
        DURATION        : 01:38:01.050000000
  Stream #0:4(ger): Audio: aac (LC), 48000 Hz, stereo, fltp
      Metadata:
        title           : Ghost
        BPS             : 320000
        NUMBER_OF_FRAMES: 183782
        NUMBER_OF_BYTES : 235240960
        _STATISTICS_WRITING_APP: mkvmerge v95.0 ('Goodbye Stranger') 64-bit
        _STATISTICS_WRITING_DATE_UTC: 2026-04-11 02:32:06
        _STATISTICS_TAGS: BPS DURATION NUMBER_OF_FRAMES NUMBER_OF_BYTES
        ENCODER         : Lavc57.89.100 aac
        DURATION        : 01:38:01.050000000
  Stream #0:5(eng): Subtitle: subrip (srt)
      Metadata:
        BPS             : 28
        NUMBER_OF_FRAMES: 757
        NUMBER_OF_BYTES : 19901
        _STATISTICS_WRITING_APP: mkvmerge v95.0 ('Goodbye Stranger') 64-bit
        _STATISTICS_WRITING_DATE_UTC: 2026-04-11 02:32:06
        _STATISTICS_TAGS: BPS DURATION NUMBER_OF_FRAMES NUMBER_OF_BYTES
        DURATION        : 01:33:50.558000000
Stream mapping:
  Stream #0:0 -> #0:0 (copy)
  Stream #0:1 -> #0:1 (copy)
[hls @ 0xaaab238eed00] Opening '/config/cache/transcodes/678f3a84224662b67ff4c25be5757a34-1.mp4' for writing
Output #0, hls, to '/config/cache/transcodes/678f3a84224662b67ff4c25be5757a34.m3u8':
  Metadata:
    encoder         : Lavf61.7.100
  Stream #0:0: Video: hevc (Main) (hvc1 / 0x31637668), yuv420p(tv, progressive), 1920x804 [SAR 1:1 DAR 160:67], q=2-31, 24 fps, 24 tbr, 16k tbn (default)
  Stream #0:1: Audio: aac (LC), 48000 Hz, stereo, fltp (default)
Press [q] to stop, [?] for help
[hls @ 0xaaab238eed00] Opening '/config/cache/transcodes/678f3a84224662b67ff4c25be5757a340.mp4' for writing
[hls @ 0xaaab238eed00] Opening '/config/cache/transcodes/678f3a84224662b67ff4c25be5757a341.mp4' for writing
[hls @ 0xaaab238eed00] Opening '/config/cache/transcodes/678f3a84224662b67ff4c25be5757a342.mp4' for writing
[hls @ 0xaaab238eed00] Opening '/config/cache/transcodes/678f3a84224662b67ff4c25be5757a343.mp4' for writing
[hls @ 0xaaab238eed00] Opening '/config/cache/transcodes/678f3a84224662b67ff4c25be5757a344.mp4' for writing
[hls @ 0xaaab238eed00] Opening '/config/cache/transcodes/678f3a84224662b67ff4c25be5757a345.mp4' for writing
[hls @ 0xaaab238eed00] Opening '/config/cache/transcodes/678f3a84224662b67ff4c25be5757a346.mp4' for writing
[hls @ 0xaaab238eed00] Opening '/config/cache/transcodes/678f3a84224662b67ff4c25be5757a347.mp4' for writing
[hls @ 0xaaab238eed00] Opening '/config/cache/transcodes/678f3a84224662b67ff4c25be5757a348.mp4' for writing
[hls @ 0xaaab238eed00] Opening '/config/cache/transcodes/678f3a84224662b67ff4c25be5757a349.mp4' for writing
[hls @ 0xaaab238eed00] Opening '/config/cache/transcodes/678f3a84224662b67ff4c25be5757a3410.mp4' for writing
[hls @ 0xaaab238eed00] Opening '/config/cache/transcodes/678f3a84224662b67ff4c25be5757a3411.mp4' for writing
[hls @ 0xaaab238eed00] Opening '/config/cache/transcodes/678f3a84224662b67ff4c25be5757a3412.mp4' for writing
[hls @ 0xaaab238eed00] Opening '/config/cache/transcodes/678f3a84224662b67ff4c25be5757a3413.mp4' for writing
[hls @ 0xaaab238eed00] Opening '/config/cache/transcodes/678f3a84224662b67ff4c25be5757a3414.mp4' for writing
[hls @ 0xaaab238eed00] Opening '/config/cache/transcodes/678f3a84224662b67ff4c25be5757a3415.mp4' for writing
[hls @ 0xaaab238eed00] Opening '/config/cache/transcodes/678f3a84224662b67ff4c25be5757a3416.mp4' for writing
[hls @ 0xaaab238eed00] Opening '/config/cache/transcodes/678f3a84224662b67ff4c25be5757a3417.mp4' for writing
[hls @ 0xaaab238eed00] Opening '/config/cache/transcodes/678f3a84224662b67ff4c25be5757a3418.mp4' for writing
[hls @ 0xaaab238eed00] Opening '/config/cache/transcodes/678f3a84224662b67ff4c25be5757a3419.mp4' for writing
[hls @ 0xaaab238eed00] Opening '/config/cache/transcodes/678f3a84224662b67ff4c25be5757a3420.mp4' for writing
[hls @ 0xaaab238eed00] Opening '/config/cache/transcodes/678f3a84224662b67ff4c25be5757a3421.mp4' for writing
[hls @ 0xaaab238eed00] Opening '/config/cache/transcodes/678f3a84224662b67ff4c25be5757a3422.mp4' for writing
[hls @ 0xaaab238eed00] Opening '/config/cache/transcodes/678f3a84224662b67ff4c25be5757a3423.mp4' for writing
[hls @ 0xaaab238eed00] Opening '/config/cache/transcodes/678f3a84224662b67ff4c25be5757a3424.mp4' for writing
[hls @ 0xaaab238eed00] Opening '/config/cache/transcodes/678f3a84224662b67ff4c25be5757a3425.mp4' for writing
[hls @ 0xaaab238eed00] Opening '/config/cache/transcodes/678f3a84224662b67ff4c25be5757a3426.mp4' for writing
[hls @ 0xaaab238eed00] Opening '/config/cache/transcodes/678f3a84224662b67ff4c25be5757a3427.mp4' for writing
[hls @ 0xaaab238eed00] Opening '/config/cache/transcodes/678f3a84224662b67ff4c25be5757a3428.mp4' for writing
[hls @ 0xaaab238eed00] Opening '/config/cache/transcodes/678f3a84224662b67ff4c25be5757a3429.mp4' for writing
[hls @ 0xaaab238eed00] Opening '/config/cache/transcodes/678f3a84224662b67ff4c25be5757a3430.mp4' for writing
[hls @ 0xaaab238eed00] Opening '/config/cache/transcodes/678f3a84224662b67ff4c25be5757a3431.mp4' for writing
[hls @ 0xaaab238eed00] Opening '/config/cache/transcodes/678f3a84224662b67ff4c25be5757a3432.mp4' for writing
[hls @ 0xaaab238eed00] Opening '/config/cache/transcodes/678f3a84224662b67ff4c25be5757a3433.mp4' for writing
[hls @ 0xaaab238eed00] Opening '/config/cache/transcodes/678f3a84224662b67ff4c25be5757a3434.mp4' for writing
[hls @ 0xaaab238eed00] Opening '/config/cache/transcodes/678f3a84224662b67ff4c25be5757a3435.mp4' for writing
[hls @ 0xaaab238eed00] Opening '/config/cache/transcodes/678f3a84224662b67ff4c25be5757a3436.mp4' for writing
[hls @ 0xaaab238eed00] Opening '/config/cache/transcodes/678f3a84224662b67ff4c25be5757a3437.mp4' for writing
[hls @ 0xaaab238eed00] Opening '/config/cache/transcodes/678f3a84224662b67ff4c25be5757a3438.mp4' for writing
[hls @ 0xaaab238eed00] Opening '/config/cache/transcodes/678f3a84224662b67ff4c25be5757a3439.mp4' for writing
[hls @ 0xaaab238eed00] Opening '/config/cache/transcodes/678f3a84224662b67ff4c25be5757a3440.mp4' for writing
[hls @ 0xaaab238eed00] Opening '/config/cache/transcodes/678f3a84224662b67ff4c25be5757a3441.mp4' for writing
[hls @ 0xaaab238eed00] Opening '/config/cache/transcodes/678f3a84224662b67ff4c25be5757a3442.mp4' for writing
[hls @ 0xaaab238eed00] Opening '/config/cache/transcodes/678f3a84224662b67ff4c25be5757a3443.mp4' for writing
[hls @ 0xaaab238eed00] Opening '/config/cache/transcodes/678f3a84224662b67ff4c25be5757a3444.mp4' for writing
[hls @ 0xaaab238eed00] Opening '/config/cache/transcodes/678f3a84224662b67ff4c25be5757a3445.mp4' for writing
[hls @ 0xaaab238eed00] Opening '/config/cache/transcodes/678f3a84224662b67ff4c25be5757a3446.mp4' for writing
[hls @ 0xaaab238eed00] Opening '/config/cache/transcodes/678f3a84224662b67ff4c25be5757a3447.mp4' for writing
[hls @ 0xaaab238eed00] Opening '/config/cache/transcodes/678f3a84224662b67ff4c25be5757a3448.mp4' for writing
[hls @ 0xaaab238eed00] Opening '/config/cache/transcodes/678f3a84224662b67ff4c25be5757a3449.mp4' for writing
[hls @ 0xaaab238eed00] Opening '/config/cache/transcodes/678f3a84224662b67ff4c25be5757a3450.mp4' for writing
[hls @ 0xaaab238eed00] Opening '/config/cache/transcodes/678f3a84224662b67ff4c25be5757a3451.mp4' for writing
[hls @ 0xaaab238eed00] Opening '/config/cache/transcodes/678f3a84224662b67ff4c25be5757a3452.mp4' for writing
[hls @ 0xaaab238eed00] Opening '/config/cache/transcodes/678f3a84224662b67ff4c25be5757a3453.mp4' for writing
[hls @ 0xaaab238eed00] Opening '/config/cache/transcodes/678f3a84224662b67ff4c25be5757a3454.mp4' for writing
[hls @ 0xaaab238eed00] Opening '/config/cache/transcodes/678f3a84224662b67ff4c25be5757a3455.mp4' for writing
[hls @ 0xaaab238eed00] Opening '/config/cache/transcodes/678f3a84224662b67ff4c25be5757a3456.mp4' for writing
[hls @ 0xaaab238eed00] Opening '/config/cache/transcodes/678f3a84224662b67ff4c25be5757a3457.mp4' for writing
[hls @ 0xaaab238eed00] Opening '/config/cache/transcodes/678f3a84224662b67ff4c25be5757a3458.mp4' for writing
[hls @ 0xaaab238eed00] Opening '/config/cache/transcodes/678f3a84224662b67ff4c25be5757a3459.mp4' for writing
[hls @ 0xaaab238eed00] Opening '/config/cache/transcodes/678f3a84224662b67ff4c25be5757a3460.mp4' for writing
[hls @ 0xaaab238eed00] Opening '/config/cache/transcodes/678f3a84224662b67ff4c25be5757a3461.mp4' for writing
[hls @ 0xaaab238eed00] Opening '/config/cache/transcodes/678f3a84224662b67ff4c25be5757a3462.mp4' for writing
[hls @ 0xaaab238eed00] Opening '/config/cache/transcodes/678f3a84224662b67ff4c25be5757a3463.mp4' for writing
[hls @ 0xaaab238eed00] Opening '/config/cache/transcodes/678f3a84224662b67ff4c25be5757a3464.mp4' for writing
[hls @ 0xaaab238eed00] Opening '/config/cache/transcodes/678f3a84224662b67ff4c25be5757a3465.mp4' for writing
[hls @ 0xaaab238eed00] Opening '/config/cache/transcodes/678f3a84224662b67ff4c25be5757a3466.mp4' for writing
[hls @ 0xaaab238eed00] Opening '/config/cache/transcodes/678f3a84224662b67ff4c25be5757a3467.mp4' for writing
[hls @ 0xaaab238eed00] Opening '/config/cache/transcodes/678f3a84224662b67ff4c25be5757a3468.mp4' for writing
[hls @ 0xaaab238eed00] Opening '/config/cache/transcodes/678f3a84224662b67ff4c25be5757a3469.mp4' for writing
[hls @ 0xaaab238eed00] Opening '/config/cache/transcodes/678f3a84224662b67ff4c25be5757a3470.mp4' for writing
[hls @ 0xaaab238eed00] Opening '/config/cache/transcodes/678f3a84224662b67ff4c25be5757a3471.mp4' for writing
[hls @ 0xaaab238eed00] Opening '/config/cache/transcodes/678f3a84224662b67ff4c25be5757a3472.mp4' for writing
[hls @ 0xaaab238eed00] Opening '/config/cache/transcodes/678f3a84224662b67ff4c25be5757a3473.mp4' for writing
[hls @ 0xaaab238eed00] Opening '/config/cache/transcodes/678f3a84224662b67ff4c25be5757a3474.mp4' for writing
[hls @ 0xaaab238eed00] Opening '/config/cache/transcodes/678f3a84224662b67ff4c25be5757a3475.mp4' for writing
[hls @ 0xaaab238eed00] Opening '/config/cache/transcodes/678f3a84224662b67ff4c25be5757a3476.mp4' for writing
[hls @ 0xaaab238eed00] Opening '/config/cache/transcodes/678f3a84224662b67ff4c25be5757a3477.mp4' for writing
[hls @ 0xaaab238eed00] Opening '/config/cache/transcodes/678f3a84224662b67ff4c25be5757a3478.mp4' for writing
[hls @ 0xaaab238eed00] Opening '/config/cache/transcodes/678f3a84224662b67ff4c25be5757a3479.mp4' for writing
[hls @ 0xaaab238eed00] Opening '/config/cache/transcodes/678f3a84224662b67ff4c25be5757a3480.mp4' for writing
[hls @ 0xaaab238eed00] Opening '/config/cache/transcodes/678f3a84224662b67ff4c25be5757a3481.mp4' for writing
[hls @ 0xaaab238eed00] Opening '/config/cache/transcodes/678f3a84224662b67ff4c25be5757a3482.mp4' for writing
[hls @ 0xaaab238eed00] Opening '/config/cache/transcodes/678f3a84224662b67ff4c25be5757a3483.mp4' for writing
[hls @ 0xaaab238eed00] Opening '/config/cache/transcodes/678f3a84224662b67ff4c25be5757a3484.mp4' for writing
[hls @ 0xaaab238eed00] Opening '/config/cache/transcodes/678f3a84224662b67ff4c25be5757a3485.mp4' for writing
[hls @ 0xaaab238eed00] Opening '/config/cache/transcodes/678f3a84224662b67ff4c25be5757a3486.mp4' for writing
[hls @ 0xaaab238eed00] Opening '/config/cache/transcodes/678f3a84224662b67ff4c25be5757a3487.mp4' for writing
[hls @ 0xaaab238eed00] Opening '/config/cache/transcodes/678f3a84224662b67ff4c25be5757a3488.mp4' for writing
[hls @ 0xaaab238eed00] Opening '/config/cache/transcodes/678f3a84224662b67ff4c25be5757a3489.mp4' for writing
[hls @ 0xaaab238eed00] Opening '/config/cache/transcodes/678f3a84224662b67ff4c25be5757a3490.mp4' for writing
[hls @ 0xaaab238eed00] Opening '/config/cache/transcodes/678f3a84224662b67ff4c25be5757a3491.mp4' for writing
[hls @ 0xaaab238eed00] Opening '/config/cache/transcodes/678f3a84224662b67ff4c25be5757a3492.mp4' for writing
[hls @ 0xaaab238eed00] Opening '/config/cache/transcodes/678f3a84224662b67ff4c25be5757a3493.mp4' for writing
[hls @ 0xaaab238eed00] Opening '/config/cache/transcodes/678f3a84224662b67ff4c25be5757a3494.mp4' for writing
[hls @ 0xaaab238eed00] Opening '/config/cache/transcodes/678f3a84224662b67ff4c25be5757a3495.mp4' for writing
[hls @ 0xaaab238eed00] Opening '/config/cache/transcodes/678f3a84224662b67ff4c25be5757a3496.mp4' for writing
[hls @ 0xaaab238eed00] Opening '/config/cache/transcodes/678f3a84224662b67ff4c25be5757a3497.mp4' for writing
[hls @ 0xaaab238eed00] Opening '/config/cache/transcodes/678f3a84224662b67ff4c25be5757a3498.mp4' for writing
[hls @ 0xaaab238eed00] Opening '/config/cache/transcodes/678f3a84224662b67ff4c25be5757a3499.mp4' for writing
[hls @ 0xaaab238eed00] Opening '/config/cache/transcodes/678f3a84224662b67ff4c25be5757a34100.mp4' for writing
[hls @ 0xaaab238eed00] Opening '/config/cache/transcodes/678f3a84224662b67ff4c25be5757a34101.mp4' for writing
[hls @ 0xaaab238eed00] Opening '/config/cache/transcodes/678f3a84224662b67ff4c25be5757a34102.mp4' for writing
[hls @ 0xaaab238eed00] Opening '/config/cache/transcodes/678f3a84224662b67ff4c25be5757a34103.mp4' for writing
[hls @ 0xaaab238eed00] Opening '/config/cache/transcodes/678f3a84224662b67ff4c25be5757a34104.mp4' for writing
[hls @ 0xaaab238eed00] Opening '/config/cache/transcodes/678f3a84224662b67ff4c25be5757a34105.mp4' for writing
[hls @ 0xaaab238eed00] Opening '/config/cache/transcodes/678f3a84224662b67ff4c25be5757a34106.mp4' for writing
[hls @ 0xaaab238eed00] Opening '/config/cache/transcodes/678f3a84224662b67ff4c25be5757a34107.mp4' for writing
[hls @ 0xaaab238eed00] Opening '/config/cache/transcodes/678f3a84224662b67ff4c25be5757a34108.mp4' for writing
[hls @ 0xaaab238eed00] Opening '/config/cache/transcodes/678f3a84224662b67ff4c25be5757a34109.mp4' for writing
[hls @ 0xaaab238eed00] Opening '/config/cache/transcodes/678f3a84224662b67ff4c25be5757a34110.mp4' for writing
[hls @ 0xaaab238eed00] Opening '/config/cache/transcodes/678f3a84224662b67ff4c25be5757a34111.mp4' for writing
[hls @ 0xaaab238eed00] Opening '/config/cache/transcodes/678f3a84224662b67ff4c25be5757a34112.mp4' for writing
[hls @ 0xaaab238eed00] Opening '/config/cache/transcodes/678f3a84224662b67ff4c25be5757a34113.mp4' for writing
[hls @ 0xaaab238eed00] Opening '/config/cache/transcodes/678f3a84224662b67ff4c25be5757a34114.mp4' for writing
[hls @ 0xaaab238eed00] Opening '/config/cache/transcodes/678f3a84224662b67ff4c25be5757a34115.mp4' for writing
[hls @ 0xaaab238eed00] Opening '/config/cache/transcodes/678f3a84224662b67ff4c25be5757a34116.mp4' for writing
[hls @ 0xaaab238eed00] Opening '/config/cache/transcodes/678f3a84224662b67ff4c25be5757a34117.mp4' for writing
[hls @ 0xaaab238eed00] Opening '/config/cache/transcodes/678f3a84224662b67ff4c25be5757a34118.mp4' for writing
[hls @ 0xaaab238eed00] Opening '/config/cache/transcodes/678f3a84224662b67ff4c25be5757a34119.mp4' for writing
[hls @ 0xaaab238eed00] Opening '/config/cache/transcodes/678f3a84224662b67ff4c25be5757a34120.mp4' for writing
[hls @ 0xaaab238eed00] Opening '/config/cache/transcodes/678f3a84224662b67ff4c25be5757a34121.mp4' for writing
[hls @ 0xaaab238eed00] Opening '/config/cache/transcodes/678f3a84224662b67ff4c25be5757a34122.mp4' for writing
[hls @ 0xaaab238eed00] Opening '/config/cache/transcodes/678f3a84224662b67ff4c25be5757a34123.mp4' for writing
[hls @ 0xaaab238eed00] Opening '/config/cache/transcodes/678f3a84224662b67ff4c25be5757a34124.mp4' for writing
[hls @ 0xaaab238eed00] Opening '/config/cache/transcodes/678f3a84224662b67ff4c25be5757a34125.mp4' for writing
[hls @ 0xaaab238eed00] Opening '/config/cache/transcodes/678f3a84224662b67ff4c25be5757a34126.mp4' for writing
[hls @ 0xaaab238eed00] Opening '/config/cache/transcodes/678f3a84224662b67ff4c25be5757a34127.mp4' for writing
[hls @ 0xaaab238eed00] Opening '/config/cache/transcodes/678f3a84224662b67ff4c25be5757a34128.mp4' for writing
[hls @ 0xaaab238eed00] Opening '/config/cache/transcodes/678f3a84224662b67ff4c25be5757a34129.mp4' for writing
[hls @ 0xaaab238eed00] Opening '/config/cache/transcodes/678f3a84224662b67ff4c25be5757a34130.mp4' for writing
[hls @ 0xaaab238eed00] Opening '/config/cache/transcodes/678f3a84224662b67ff4c25be5757a34131.mp4' for writing
[hls @ 0xaaab238eed00] Opening '/config/cache/transcodes/678f3a84224662b67ff4c25be5757a34132.mp4' for writing
[hls @ 0xaaab238eed00] Opening '/config/cache/transcodes/678f3a84224662b67ff4c25be5757a34133.mp4' for writing
[hls @ 0xaaab238eed00] Opening '/config/cache/transcodes/678f3a84224662b67ff4c25be5757a34134.mp4' for writing
[hls @ 0xaaab238eed00] Opening '/config/cache/transcodes/678f3a84224662b67ff4c25be5757a34135.mp4' for writing
[hls @ 0xaaab238eed00] Opening '/config/cache/transcodes/678f3a84224662b67ff4c25be5757a34136.mp4' for writing
[hls @ 0xaaab238eed00] Opening '/config/cache/transcodes/678f3a84224662b67ff4c25be5757a34137.mp4' for writing
[hls @ 0xaaab238eed00] Opening '/config/cache/transcodes/678f3a84224662b67ff4c25be5757a34138.mp4' for writing
[hls @ 0xaaab238eed00] Opening '/config/cache/transcodes/678f3a84224662b67ff4c25be5757a34139.mp4' for writing
[hls @ 0xaaab238eed00] Opening '/config/cache/transcodes/678f3a84224662b67ff4c25be5757a34140.mp4' for writing
[hls @ 0xaaab238eed00] Opening '/config/cache/transcodes/678f3a84224662b67ff4c25be5757a34141.mp4' for writing
[hls @ 0xaaab238eed00] Opening '/config/cache/transcodes/678f3a84224662b67ff4c25be5757a34142.mp4' for writing
[hls @ 0xaaab238eed00] Opening '/config/cache/transcodes/678f3a84224662b67ff4c25be5757a34143.mp4' for writing
[hls @ 0xaaab238eed00] Opening '/config/cache/transcodes/678f3a84224662b67ff4c25be5757a34144.mp4' for writing
[hls @ 0xaaab238eed00] Opening '/config/cache/transcodes/678f3a84224662b67ff4c25be5757a34145.mp4' for writing
[hls @ 0xaaab238eed00] Opening '/config/cache/transcodes/678f3a84224662b67ff4c25be5757a34146.mp4' for writing
[hls @ 0xaaab238eed00] Opening '/config/cache/transcodes/678f3a84224662b67ff4c25be5757a34147.mp4' for writing
[hls @ 0xaaab238eed00] Opening '/config/cache/transcodes/678f3a84224662b67ff4c25be5757a34148.mp4' for writing
[hls @ 0xaaab238eed00] Opening '/config/cache/transcodes/678f3a84224662b67ff4c25be5757a34149.mp4' for writing
[hls @ 0xaaab238eed00] Opening '/config/cache/transcodes/678f3a84224662b67ff4c25be5757a34150.mp4' for writing
[hls @ 0xaaab238eed00] Opening '/config/cache/transcodes/678f3a84224662b67ff4c25be5757a34151.mp4' for writing
[hls @ 0xaaab238eed00] Opening '/config/cache/transcodes/678f3a84224662b67ff4c25be5757a34152.mp4' for writing
[hls @ 0xaaab238eed00] Opening '/config/cache/transcodes/678f3a84224662b67ff4c25be5757a34153.mp4' for writing
[hls @ 0xaaab238eed00] Opening '/config/cache/transcodes/678f3a84224662b67ff4c25be5757a34154.mp4' for writing
[hls @ 0xaaab238eed00] Opening '/config/cache/transcodes/678f3a84224662b67ff4c25be5757a34155.mp4' for writing
[hls @ 0xaaab238eed00] Opening '/config/cache/transcodes/678f3a84224662b67ff4c25be5757a34156.mp4' for writing
[hls @ 0xaaab238eed00] Opening '/config/cache/transcodes/678f3a84224662b67ff4c25be5757a34157.mp4' for writing
[hls @ 0xaaab238eed00] Opening '/config/cache/transcodes/678f3a84224662b67ff4c25be5757a34158.mp4' for writing
[hls @ 0xaaab238eed00] Opening '/config/cache/transcodes/678f3a84224662b67ff4c25be5757a34159.mp4' for writing
[hls @ 0xaaab238eed00] Opening '/config/cache/transcodes/678f3a84224662b67ff4c25be5757a34160.mp4' for writing
[hls @ 0xaaab238eed00] Opening '/config/cache/transcodes/678f3a84224662b67ff4c25be5757a34161.mp4' for writing
[hls @ 0xaaab238eed00] Opening '/config/cache/transcodes/678f3a84224662b67ff4c25be5757a34162.mp4' for writing
[hls @ 0xaaab238eed00] Opening '/config/cache/transcodes/678f3a84224662b67ff4c25be5757a34163.mp4' for writing
[hls @ 0xaaab238eed00] Opening '/config/cache/transcodes/678f3a84224662b67ff4c25be5757a34164.mp4' for writing
[hls @ 0xaaab238eed00] Opening '/config/cache/transcodes/678f3a84224662b67ff4c25be5757a34165.mp4' for writing
[hls @ 0xaaab238eed00] Opening '/config/cache/transcodes/678f3a84224662b67ff4c25be5757a34166.mp4' for writing
frame=24363 fps=0.0 q=-1.0 size=N/A time=00:00:00.00 bitrate=N/A speed=   0x    
[hls @ 0xaaab238eed00] Opening '/config/cache/transcodes/678f3a84224662b67ff4c25be5757a34167.mp4' for writing
[hls @ 0xaaab238eed00] Opening '/config/cache/transcodes/678f3a84224662b67ff4c25be5757a34168.mp4' for writing
[hls @ 0xaaab238eed00] Opening '/config/cache/transcodes/678f3a84224662b67ff4c25be5757a34169.mp4' for writing
[hls @ 0xaaab238eed00] Opening '/config/cache/transcodes/678f3a84224662b67ff4c25be5757a34170.mp4' for writing
[hls @ 0xaaab238eed00] Opening '/config/cache/transcodes/678f3a84224662b67ff4c25be5757a34171.mp4' for writing
[hls @ 0xaaab238eed00] Opening '/config/cache/transcodes/678f3a84224662b67ff4c25be5757a34172.mp4' for writing
[hls @ 0xaaab238eed00] Opening '/config/cache/transcodes/678f3a84224662b67ff4c25be5757a34173.mp4' for writing
[hls @ 0xaaab238eed00] Opening '/config/cache/transcodes/678f3a84224662b67ff4c25be5757a34174.mp4' for writing
[hls @ 0xaaab238eed00] Opening '/config/cache/transcodes/678f3a84224662b67ff4c25be5757a34175.mp4' for writing
[hls @ 0xaaab238eed00] Opening '/config/cache/transcodes/678f3a84224662b67ff4c25be5757a34176.mp4' for writing
[hls @ 0xaaab238eed00] Opening '/config/cache/transcodes/678f3a84224662b67ff4c25be5757a34177.mp4' for writing
[hls @ 0xaaab238eed00] Opening '/config/cache/transcodes/678f3a84224662b67ff4c25be5757a34178.mp4' for writing
[hls @ 0xaaab238eed00] Opening '/config/cache/transcodes/678f3a84224662b67ff4c25be5757a34179.mp4' for writing
[hls @ 0xaaab238eed00] Opening '/config/cache/transcodes/678f3a84224662b67ff4c25be5757a34180.mp4' for writing
[hls @ 0xaaab238eed00] Opening '/config/cache/transcodes/678f3a84224662b67ff4c25be5757a34181.mp4' for writing
[hls @ 0xaaab238eed00] Opening '/config/cache/transcodes/678f3a84224662b67ff4c25be5757a34182.mp4' for writing
[hls @ 0xaaab238eed00] Opening '/config/cache/transcodes/678f3a84224662b67ff4c25be5757a34183.mp4' for writing
[hls @ 0xaaab238eed00] Opening '/config/cache/transcodes/678f3a84224662b67ff4c25be5757a34184.mp4' for writing
[hls @ 0xaaab238eed00] Opening '/config/cache/transcodes/678f3a84224662b67ff4c25be5757a34185.mp4' for writing
[hls @ 0xaaab238eed00] Opening '/config/cache/transcodes/678f3a84224662b67ff4c25be5757a34186.mp4' for writing
[hls @ 0xaaab238eed00] Opening '/config/cache/transcodes/678f3a84224662b67ff4c25be5757a34187.mp4' for writing
[hls @ 0xaaab238eed00] Opening '/config/cache/transcodes/678f3a84224662b67ff4c25be5757a34188.mp4' for writing
[hls @ 0xaaab238eed00] Opening '/config/cache/transcodes/678f3a84224662b67ff4c25be5757a34189.mp4' for writing
[hls @ 0xaaab238eed00] Opening '/config/cache/transcodes/678f3a84224662b67ff4c25be5757a34190.mp4' for writing
[hls @ 0xaaab238eed00] Opening '/config/cache/transcodes/678f3a84224662b67ff4c25be5757a34191.mp4' for writing
[hls @ 0xaaab238eed00] Opening '/config/cache/transcodes/678f3a84224662b67ff4c25be5757a34192.mp4' for writing
[hls @ 0xaaab238eed00] Opening '/config/cache/transcodes/678f3a84224662b67ff4c25be5757a34193.mp4' for writing
[hls @ 0xaaab238eed00] Opening '/config/cache/transcodes/678f3a84224662b67ff4c25be5757a34194.mp4' for writing
[hls @ 0xaaab238eed00] Opening '/config/cache/transcodes/678f3a84224662b67ff4c25be5757a34195.mp4' for writing
[hls @ 0xaaab238eed00] Opening '/config/cache/transcodes/678f3a84224662b67ff4c25be5757a34196.mp4' for writing
[hls @ 0xaaab238eed00] Opening '/config/cache/transcodes/678f3a84224662b67ff4c25be5757a34197.mp4' for writing
[hls @ 0xaaab238eed00] Opening '/config/cache/transcodes/678f3a84224662b67ff4c25be5757a34198.mp4' for writing
[hls @ 0xaaab238eed00] Opening '/config/cache/transcodes/678f3a84224662b67ff4c25be5757a34199.mp4' for writing
[hls @ 0xaaab238eed00] Opening '/config/cache/transcodes/678f3a84224662b67ff4c25be5757a34200.mp4' for writing
[hls @ 0xaaab238eed00] Opening '/config/cache/transcodes/678f3a84224662b67ff4c25be5757a34201.mp4' for writing
[hls @ 0xaaab238eed00] Opening '/config/cache/transcodes/678f3a84224662b67ff4c25be5757a34202.mp4' for writing
[hls @ 0xaaab238eed00] Opening '/config/cache/transcodes/678f3a84224662b67ff4c25be5757a34203.mp4' for writing
[hls @ 0xaaab238eed00] Opening '/config/cache/transcodes/678f3a84224662b67ff4c25be5757a34204.mp4' for writing
[hls @ 0xaaab238eed00] Opening '/config/cache/transcodes/678f3a84224662b67ff4c25be5757a34205.mp4' for writing
[hls @ 0xaaab238eed00] Opening '/config/cache/transcodes/678f3a84224662b67ff4c25be5757a34206.mp4' for writing
[hls @ 0xaaab238eed00] Opening '/config/cache/transcodes/678f3a84224662b67ff4c25be5757a34207.mp4' for writing
[hls @ 0xaaab238eed00] Opening '/config/cache/transcodes/678f3a84224662b67ff4c25be5757a34208.mp4' for writing
[hls @ 0xaaab238eed00] Opening '/config/cache/transcodes/678f3a84224662b67ff4c25be5757a34209.mp4' for writing
[hls @ 0xaaab238eed00] Opening '/config/cache/transcodes/678f3a84224662b67ff4c25be5757a34210.mp4' for writing
[hls @ 0xaaab238eed00] Opening '/config/cache/transcodes/678f3a84224662b67ff4c25be5757a34211.mp4' for writing
[hls @ 0xaaab238eed00] Opening '/config/cache/transcodes/678f3a84224662b67ff4c25be5757a34212.mp4' for writing
[hls @ 0xaaab238eed00] Opening '/config/cache/transcodes/678f3a84224662b67ff4c25be5757a34213.mp4' for writing
[hls @ 0xaaab238eed00] Opening '/config/cache/transcodes/678f3a84224662b67ff4c25be5757a34214.mp4' for writing
[hls @ 0xaaab238eed00] Opening '/config/cache/transcodes/678f3a84224662b67ff4c25be5757a34215.mp4' for writing
[hls @ 0xaaab238eed00] Opening '/config/cache/transcodes/678f3a84224662b67ff4c25be5757a34216.mp4' for writing
[hls @ 0xaaab238eed00] Opening '/config/cache/transcodes/678f3a84224662b67ff4c25be5757a34217.mp4' for writing
[hls @ 0xaaab238eed00] Opening '/config/cache/transcodes/678f3a84224662b67ff4c25be5757a34218.mp4' for writing
[hls @ 0xaaab238eed00] Opening '/config/cache/transcodes/678f3a84224662b67ff4c25be5757a34219.mp4' for writing
[hls @ 0xaaab238eed00] Opening '/config/cache/transcodes/678f3a84224662b67ff4c25be5757a34220.mp4' for writing
[hls @ 0xaaab238eed00] Opening '/config/cache/transcodes/678f3a84224662b67ff4c25be5757a34221.mp4' for writing
[hls @ 0xaaab238eed00] Opening '/config/cache/transcodes/678f3a84224662b67ff4c25be5757a34222.mp4' for writing
[hls @ 0xaaab238eed00] Opening '/config/cache/transcodes/678f3a84224662b67ff4c25be5757a34223.mp4' for writing
[hls @ 0xaaab238eed00] Opening '/config/cache/transcodes/678f3a84224662b67ff4c25be5757a34224.mp4' for writing
[hls @ 0xaaab238eed00] Opening '/config/cache/transcodes/678f3a84224662b67ff4c25be5757a34225.mp4' for writing
[hls @ 0xaaab238eed00] Opening '/config/cache/transcodes/678f3a84224662b67ff4c25be5757a34226.mp4' for writing
[hls @ 0xaaab238eed00] Opening '/config/cache/transcodes/678f3a84224662b67ff4c25be5757a34227.mp4' for writing
[hls @ 0xaaab238eed00] Opening '/config/cache/transcodes/678f3a84224662b67ff4c25be5757a34228.mp4' for writing
[hls @ 0xaaab238eed00] Opening '/config/cache/transcodes/678f3a84224662b67ff4c25be5757a34229.mp4' for writing
[hls @ 0xaaab238eed00] Opening '/config/cache/transcodes/678f3a84224662b67ff4c25be5757a34230.mp4' for writing
[hls @ 0xaaab238eed00] Opening '/config/cache/transcodes/678f3a84224662b67ff4c25be5757a34231.mp4' for writing
[hls @ 0xaaab238eed00] Opening '/config/cache/transcodes/678f3a84224662b67ff4c25be5757a34232.mp4' for writing
[hls @ 0xaaab238eed00] Opening '/config/cache/transcodes/678f3a84224662b67ff4c25be5757a34233.mp4' for writing
[hls @ 0xaaab238eed00] Opening '/config/cache/transcodes/678f3a84224662b67ff4c25be5757a34234.mp4' for writing
[hls @ 0xaaab238eed00] Opening '/config/cache/transcodes/678f3a84224662b67ff4c25be5757a34235.mp4' for writing
[hls @ 0xaaab238eed00] Opening '/config/cache/transcodes/678f3a84224662b67ff4c25be5757a34236.mp4' for writing
[hls @ 0xaaab238eed00] Opening '/config/cache/transcodes/678f3a84224662b67ff4c25be5757a34237.mp4' for writing
[hls @ 0xaaab238eed00] Opening '/config/cache/transcodes/678f3a84224662b67ff4c25be5757a34238.mp4' for writing
[hls @ 0xaaab238eed00] Opening '/config/cache/transcodes/678f3a84224662b67ff4c25be5757a34239.mp4' for writing
[hls @ 0xaaab238eed00] Opening '/config/cache/transcodes/678f3a84224662b67ff4c25be5757a34240.mp4' for writing
[hls @ 0xaaab238eed00] Opening '/config/cache/transcodes/678f3a84224662b67ff4c25be5757a34241.mp4' for writing
[hls @ 0xaaab238eed00] Opening '/config/cache/transcodes/678f3a84224662b67ff4c25be5757a34242.mp4' for writing
[hls @ 0xaaab238eed00] Opening '/config/cache/transcodes/678f3a84224662b67ff4c25be5757a34243.mp4' for writing
[hls @ 0xaaab238eed00] Opening '/config/cache/transcodes/678f3a84224662b67ff4c25be5757a34244.mp4' for writing
[hls @ 0xaaab238eed00] Opening '/config/cache/transcodes/678f3a84224662b67ff4c25be5757a34245.mp4' for writing
[hls @ 0xaaab238eed00] Opening '/config/cache/transcodes/678f3a84224662b67ff4c25be5757a34246.mp4' for writing
[hls @ 0xaaab238eed00] Opening '/config/cache/transcodes/678f3a84224662b67ff4c25be5757a34247.mp4' for writing
[hls @ 0xaaab238eed00] Opening '/config/cache/transcodes/678f3a84224662b67ff4c25be5757a34248.mp4' for writing
[hls @ 0xaaab238eed00] Opening '/config/cache/transcodes/678f3a84224662b67ff4c25be5757a34249.mp4' for writing
[hls @ 0xaaab238eed00] Opening '/config/cache/transcodes/678f3a84224662b67ff4c25be5757a34250.mp4' for writing
[hls @ 0xaaab238eed00] Opening '/config/cache/transcodes/678f3a84224662b67ff4c25be5757a34251.mp4' for writing
[hls @ 0xaaab238eed00] Opening '/config/cache/transcodes/678f3a84224662b67ff4c25be5757a34252.mp4' for writing
[hls @ 0xaaab238eed00] Opening '/config/cache/transcodes/678f3a84224662b67ff4c25be5757a34253.mp4' for writing
[hls @ 0xaaab238eed00] Opening '/config/cache/transcodes/678f3a84224662b67ff4c25be5757a34254.mp4' for writing
[hls @ 0xaaab238eed00] Opening '/config/cache/transcodes/678f3a84224662b67ff4c25be5757a34255.mp4' for writing
[hls @ 0xaaab238eed00] Opening '/config/cache/transcodes/678f3a84224662b67ff4c25be5757a34256.mp4' for writing
[hls @ 0xaaab238eed00] Opening '/config/cache/transcodes/678f3a84224662b67ff4c25be5757a34257.mp4' for writing
[hls @ 0xaaab238eed00] Opening '/config/cache/transcodes/678f3a84224662b67ff4c25be5757a34258.mp4' for writing
[hls @ 0xaaab238eed00] Opening '/config/cache/transcodes/678f3a84224662b67ff4c25be5757a34259.mp4' for writing
[hls @ 0xaaab238eed00] Opening '/config/cache/transcodes/678f3a84224662b67ff4c25be5757a34260.mp4' for writing
[hls @ 0xaaab238eed00] Opening '/config/cache/transcodes/678f3a84224662b67ff4c25be5757a34261.mp4' for writing
[hls @ 0xaaab238eed00] Opening '/config/cache/transcodes/678f3a84224662b67ff4c25be5757a34262.mp4' for writing
[hls @ 0xaaab238eed00] Opening '/config/cache/transcodes/678f3a84224662b67ff4c25be5757a34263.mp4' for writing
[hls @ 0xaaab238eed00] Opening '/config/cache/transcodes/678f3a84224662b67ff4c25be5757a34264.mp4' for writing
[hls @ 0xaaab238eed00] Opening '/config/cache/transcodes/678f3a84224662b67ff4c25be5757a34265.mp4' for writing
[hls @ 0xaaab238eed00] Opening '/config/cache/transcodes/678f3a84224662b67ff4c25be5757a34266.mp4' for writing
[hls @ 0xaaab238eed00] Opening '/config/cache/transcodes/678f3a84224662b67ff4c25be5757a34267.mp4' for writing
[hls @ 0xaaab238eed00] Opening '/config/cache/transcodes/678f3a84224662b67ff4c25be5757a34268.mp4' for writing
[hls @ 0xaaab238eed00] Opening '/config/cache/transcodes/678f3a84224662b67ff4c25be5757a34269.mp4' for writing
[hls @ 0xaaab238eed00] Opening '/config/cache/transcodes/678f3a84224662b67ff4c25be5757a34270.mp4' for writing
[hls @ 0xaaab238eed00] Opening '/config/cache/transcodes/678f3a84224662b67ff4c25be5757a34271.mp4' for writing
[hls @ 0xaaab238eed00] Opening '/config/cache/transcodes/678f3a84224662b67ff4c25be5757a34272.mp4' for writing
[hls @ 0xaaab238eed00] Opening '/config/cache/transcodes/678f3a84224662b67ff4c25be5757a34273.mp4' for writing
[hls @ 0xaaab238eed00] Opening '/config/cache/transcodes/678f3a84224662b67ff4c25be5757a34274.mp4' for writing
[hls @ 0xaaab238eed00] Opening '/config/cache/transcodes/678f3a84224662b67ff4c25be5757a34275.mp4' for writing
[hls @ 0xaaab238eed00] Opening '/config/cache/transcodes/678f3a84224662b67ff4c25be5757a34276.mp4' for writing
[hls @ 0xaaab238eed00] Opening '/config/cache/transcodes/678f3a84224662b67ff4c25be5757a34277.mp4' for writing
[hls @ 0xaaab238eed00] Opening '/config/cache/transcodes/678f3a84224662b67ff4c25be5757a34278.mp4' for writing
[hls @ 0xaaab238eed00] Opening '/config/cache/transcodes/678f3a84224662b67ff4c25be5757a34279.mp4' for writing
[hls @ 0xaaab238eed00] Opening '/config/cache/transcodes/678f3a84224662b67ff4c25be5757a34280.mp4' for writing
[hls @ 0xaaab238eed00] Opening '/config/cache/transcodes/678f3a84224662b67ff4c25be5757a34281.mp4' for writing
[hls @ 0xaaab238eed00] Opening '/config/cache/transcodes/678f3a84224662b67ff4c25be5757a34282.mp4' for writing
[hls @ 0xaaab238eed00] Opening '/config/cache/transcodes/678f3a84224662b67ff4c25be5757a34283.mp4' for writing
[hls @ 0xaaab238eed00] Opening '/config/cache/transcodes/678f3a84224662b67ff4c25be5757a34284.mp4' for writing
[hls @ 0xaaab238eed00] Opening '/config/cache/transcodes/678f3a84224662b67ff4c25be5757a34285.mp4' for writing
[hls @ 0xaaab238eed00] Opening '/config/cache/transcodes/678f3a84224662b67ff4c25be5757a34286.mp4' for writing
[hls @ 0xaaab238eed00] Opening '/config/cache/transcodes/678f3a84224662b67ff4c25be5757a34287.mp4' for writing
[hls @ 0xaaab238eed00] Opening '/config/cache/transcodes/678f3a84224662b67ff4c25be5757a34288.mp4' for writing
[hls @ 0xaaab238eed00] Opening '/config/cache/transcodes/678f3a84224662b67ff4c25be5757a34289.mp4' for writing
[hls @ 0xaaab238eed00] Opening '/config/cache/transcodes/678f3a84224662b67ff4c25be5757a34290.mp4' for writing
[hls @ 0xaaab238eed00] Opening '/config/cache/transcodes/678f3a84224662b67ff4c25be5757a34291.mp4' for writing
[hls @ 0xaaab238eed00] Opening '/config/cache/transcodes/678f3a84224662b67ff4c25be5757a34292.mp4' for writing
[hls @ 0xaaab238eed00] Opening '/config/cache/transcodes/678f3a84224662b67ff4c25be5757a34293.mp4' for writing
[hls @ 0xaaab238eed00] Opening '/config/cache/transcodes/678f3a84224662b67ff4c25be5757a34294.mp4' for writing
[hls @ 0xaaab238eed00] Opening '/config/cache/transcodes/678f3a84224662b67ff4c25be5757a34295.mp4' for writing
[hls @ 0xaaab238eed00] Opening '/config/cache/transcodes/678f3a84224662b67ff4c25be5757a34296.mp4' for writing
[hls @ 0xaaab238eed00] Opening '/config/cache/transcodes/678f3a84224662b67ff4c25be5757a34297.mp4' for writing
[hls @ 0xaaab238eed00] Opening '/config/cache/transcodes/678f3a84224662b67ff4c25be5757a34298.mp4' for writing
[hls @ 0xaaab238eed00] Opening '/config/cache/transcodes/678f3a84224662b67ff4c25be5757a34299.mp4' for writing
[hls @ 0xaaab238eed00] Opening '/config/cache/transcodes/678f3a84224662b67ff4c25be5757a34300.mp4' for writing
[hls @ 0xaaab238eed00] Opening '/config/cache/transcodes/678f3a84224662b67ff4c25be5757a34301.mp4' for writing
[hls @ 0xaaab238eed00] Opening '/config/cache/transcodes/678f3a84224662b67ff4c25be5757a34302.mp4' for writing
[hls @ 0xaaab238eed00] Opening '/config/cache/transcodes/678f3a84224662b67ff4c25be5757a34303.mp4' for writing
[hls @ 0xaaab238eed00] Opening '/config/cache/transcodes/678f3a84224662b67ff4c25be5757a34304.mp4' for writing
[hls @ 0xaaab238eed00] Opening '/config/cache/transcodes/678f3a84224662b67ff4c25be5757a34305.mp4' for writing
[hls @ 0xaaab238eed00] Opening '/config/cache/transcodes/678f3a84224662b67ff4c25be5757a34306.mp4' for writing
[hls @ 0xaaab238eed00] Opening '/config/cache/transcodes/678f3a84224662b67ff4c25be5757a34307.mp4' for writing
[hls @ 0xaaab238eed00] Opening '/config/cache/transcodes/678f3a84224662b67ff4c25be5757a34308.mp4' for writing
[hls @ 0xaaab238eed00] Opening '/config/cache/transcodes/678f3a84224662b67ff4c25be5757a34309.mp4' for writing
[hls @ 0xaaab238eed00] Opening '/config/cache/transcodes/678f3a84224662b67ff4c25be5757a34310.mp4' for writing
[hls @ 0xaaab238eed00] Opening '/config/cache/transcodes/678f3a84224662b67ff4c25be5757a34311.mp4' for writing
[hls @ 0xaaab238eed00] Opening '/config/cache/transcodes/678f3a84224662b67ff4c25be5757a34312.mp4' for writing
[hls @ 0xaaab238eed00] Opening '/config/cache/transcodes/678f3a84224662b67ff4c25be5757a34313.mp4' for writing
[hls @ 0xaaab238eed00] Opening '/config/cache/transcodes/678f3a84224662b67ff4c25be5757a34314.mp4' for writing
[hls @ 0xaaab238eed00] Opening '/config/cache/transcodes/678f3a84224662b67ff4c25be5757a34315.mp4' for writing
[hls @ 0xaaab238eed00] Opening '/config/cache/transcodes/678f3a84224662b67ff4c25be5757a34316.mp4' for writing
[hls @ 0xaaab238eed00] Opening '/config/cache/transcodes/678f3a84224662b67ff4c25be5757a34317.mp4' for writing
[hls @ 0xaaab238eed00] Opening '/config/cache/transcodes/678f3a84224662b67ff4c25be5757a34318.mp4' for writing
[hls @ 0xaaab238eed00] Opening '/config/cache/transcodes/678f3a84224662b67ff4c25be5757a34319.mp4' for writing
[hls @ 0xaaab238eed00] Opening '/config/cache/transcodes/678f3a84224662b67ff4c25be5757a34320.mp4' for writing
[hls @ 0xaaab238eed00] Opening '/config/cache/transcodes/678f3a84224662b67ff4c25be5757a34321.mp4' for writing
[hls @ 0xaaab238eed00] Opening '/config/cache/transcodes/678f3a84224662b67ff4c25be5757a34322.mp4' for writing
[hls @ 0xaaab238eed00] Opening '/config/cache/transcodes/678f3a84224662b67ff4c25be5757a34323.mp4' for writing
[hls @ 0xaaab238eed00] Opening '/config/cache/transcodes/678f3a84224662b67ff4c25be5757a34324.mp4' for writing
[hls @ 0xaaab238eed00] Opening '/config/cache/transcodes/678f3a84224662b67ff4c25be5757a34325.mp4' for writing
[hls @ 0xaaab238eed00] Opening '/config/cache/transcodes/678f3a84224662b67ff4c25be5757a34326.mp4' for writing
[hls @ 0xaaab238eed00] Opening '/config/cache/transcodes/678f3a84224662b67ff4c25be5757a34327.mp4' for writing
[hls @ 0xaaab238eed00] Opening '/config/cache/transcodes/678f3a84224662b67ff4c25be5757a34328.mp4' for writing
[hls @ 0xaaab238eed00] Opening '/config/cache/transcodes/678f3a84224662b67ff4c25be5757a34329.mp4' for writing
frame=47550 fps=47461 q=-1.0 size=N/A time=00:16:06.18 bitrate=N/A speed= 964x    
[hls @ 0xaaab238eed00] Opening '/config/cache/transcodes/678f3a84224662b67ff4c25be5757a34330.mp4' for writing
[hls @ 0xaaab238eed00] Opening '/config/cache/transcodes/678f3a84224662b67ff4c25be5757a34331.mp4' for writing
[hls @ 0xaaab238eed00] Opening '/config/cache/transcodes/678f3a84224662b67ff4c25be5757a34332.mp4' for writing
[hls @ 0xaaab238eed00] Opening '/config/cache/transcodes/678f3a84224662b67ff4c25be5757a34333.mp4' for writing
[hls @ 0xaaab238eed00] Opening '/config/cache/transcodes/678f3a84224662b67ff4c25be5757a34334.mp4' for writing
[hls @ 0xaaab238eed00] Opening '/config/cache/transcodes/678f3a84224662b67ff4c25be5757a34335.mp4' for writing
[hls @ 0xaaab238eed00] Opening '/config/cache/transcodes/678f3a84224662b67ff4c25be5757a34336.mp4' for writing
[hls @ 0xaaab238eed00] Opening '/config/cache/transcodes/678f3a84224662b67ff4c25be5757a34337.mp4' for writing
[hls @ 0xaaab238eed00] Opening '/config/cache/transcodes/678f3a84224662b67ff4c25be5757a34338.mp4' for writing
[hls @ 0xaaab238eed00] Opening '/config/cache/transcodes/678f3a84224662b67ff4c25be5757a34339.mp4' for writing
[hls @ 0xaaab238eed00] Opening '/config/cache/transcodes/678f3a84224662b67ff4c25be5757a34340.mp4' for writing
[hls @ 0xaaab238eed00] Opening '/config/cache/transcodes/678f3a84224662b67ff4c25be5757a34341.mp4' for writing
[hls @ 0xaaab238eed00] Opening '/config/cache/transcodes/678f3a84224662b67ff4c25be5757a34342.mp4' for writing
[hls @ 0xaaab238eed00] Opening '/config/cache/transcodes/678f3a84224662b67ff4c25be5757a34343.mp4' for writing
[hls @ 0xaaab238eed00] Opening '/config/cache/transcodes/678f3a84224662b67ff4c25be5757a34344.mp4' for writing
[hls @ 0xaaab238eed00] Opening '/config/cache/transcodes/678f3a84224662b67ff4c25be5757a34345.mp4' for writing
[hls @ 0xaaab238eed00] Opening '/config/cache/transcodes/678f3a84224662b67ff4c25be5757a34346.mp4' for writing
[hls @ 0xaaab238eed00] Opening '/config/cache/transcodes/678f3a84224662b67ff4c25be5757a34347.mp4' for writing
[hls @ 0xaaab238eed00] Opening '/config/cache/transcodes/678f3a84224662b67ff4c25be5757a34348.mp4' for writing
[hls @ 0xaaab238eed00] Opening '/config/cache/transcodes/678f3a84224662b67ff4c25be5757a34349.mp4' for writing
[hls @ 0xaaab238eed00] Opening '/config/cache/transcodes/678f3a84224662b67ff4c25be5757a34350.mp4' for writing
[hls @ 0xaaab238eed00] Opening '/config/cache/transcodes/678f3a84224662b67ff4c25be5757a34351.mp4' for writing
[hls @ 0xaaab238eed00] Opening '/config/cache/transcodes/678f3a84224662b67ff4c25be5757a34352.mp4' for writing
[hls @ 0xaaab238eed00] Opening '/config/cache/transcodes/678f3a84224662b67ff4c25be5757a34353.mp4' for writing
[hls @ 0xaaab238eed00] Opening '/config/cache/transcodes/678f3a84224662b67ff4c25be5757a34354.mp4' for writing
[hls @ 0xaaab238eed00] Opening '/config/cache/transcodes/678f3a84224662b67ff4c25be5757a34355.mp4' for writing
[hls @ 0xaaab238eed00] Opening '/config/cache/transcodes/678f3a84224662b67ff4c25be5757a34356.mp4' for writing
[hls @ 0xaaab238eed00] Opening '/config/cache/transcodes/678f3a84224662b67ff4c25be5757a34357.mp4' for writing
[hls @ 0xaaab238eed00] Opening '/config/cache/transcodes/678f3a84224662b67ff4c25be5757a34358.mp4' for writing
[hls @ 0xaaab238eed00] Opening '/config/cache/transcodes/678f3a84224662b67ff4c25be5757a34359.mp4' for writing
[hls @ 0xaaab238eed00] Opening '/config/cache/transcodes/678f3a84224662b67ff4c25be5757a34360.mp4' for writing
[hls @ 0xaaab238eed00] Opening '/config/cache/transcodes/678f3a84224662b67ff4c25be5757a34361.mp4' for writing
[hls @ 0xaaab238eed00] Opening '/config/cache/transcodes/678f3a84224662b67ff4c25be5757a34362.mp4' for writing
[hls @ 0xaaab238eed00] Opening '/config/cache/transcodes/678f3a84224662b67ff4c25be5757a34363.mp4' for writing
[hls @ 0xaaab238eed00] Opening '/config/cache/transcodes/678f3a84224662b67ff4c25be5757a34364.mp4' for writing
[hls @ 0xaaab238eed00] Opening '/config/cache/transcodes/678f3a84224662b67ff4c25be5757a34365.mp4' for writing
[hls @ 0xaaab238eed00] Opening '/config/cache/transcodes/678f3a84224662b67ff4c25be5757a34366.mp4' for writing
[hls @ 0xaaab238eed00] Opening '/config/cache/transcodes/678f3a84224662b67ff4c25be5757a34367.mp4' for writing
[hls @ 0xaaab238eed00] Opening '/config/cache/transcodes/678f3a84224662b67ff4c25be5757a34368.mp4' for writing
[hls @ 0xaaab238eed00] Opening '/config/cache/transcodes/678f3a84224662b67ff4c25be5757a34369.mp4' for writing
[hls @ 0xaaab238eed00] Opening '/config/cache/transcodes/678f3a84224662b67ff4c25be5757a34370.mp4' for writing
[hls @ 0xaaab238eed00] Opening '/config/cache/transcodes/678f3a84224662b67ff4c25be5757a34371.mp4' for writing
[hls @ 0xaaab238eed00] Opening '/config/cache/transcodes/678f3a84224662b67ff4c25be5757a34372.mp4' for writing
[hls @ 0xaaab238eed00] Opening '/config/cache/transcodes/678f3a84224662b67ff4c25be5757a34373.mp4' for writing
[hls @ 0xaaab238eed00] Opening '/config/cache/transcodes/678f3a84224662b67ff4c25be5757a34374.mp4' for writing
[hls @ 0xaaab238eed00] Opening '/config/cache/transcodes/678f3a84224662b67ff4c25be5757a34375.mp4' for writing
[hls @ 0xaaab238eed00] Opening '/config/cache/transcodes/678f3a84224662b67ff4c25be5757a34376.mp4' for writing
[hls @ 0xaaab238eed00] Opening '/config/cache/transcodes/678f3a84224662b67ff4c25be5757a34377.mp4' for writing
[hls @ 0xaaab238eed00] Opening '/config/cache/transcodes/678f3a84224662b67ff4c25be5757a34378.mp4' for writing
[hls @ 0xaaab238eed00] Opening '/config/cache/transcodes/678f3a84224662b67ff4c25be5757a34379.mp4' for writing
[hls @ 0xaaab238eed00] Opening '/config/cache/transcodes/678f3a84224662b67ff4c25be5757a34380.mp4' for writing
[hls @ 0xaaab238eed00] Opening '/config/cache/transcodes/678f3a84224662b67ff4c25be5757a34381.mp4' for writing
[hls @ 0xaaab238eed00] Opening '/config/cache/transcodes/678f3a84224662b67ff4c25be5757a34382.mp4' for writing
[hls @ 0xaaab238eed00] Opening '/config/cache/transcodes/678f3a84224662b67ff4c25be5757a34383.mp4' for writing
[hls @ 0xaaab238eed00] Opening '/config/cache/transcodes/678f3a84224662b67ff4c25be5757a34384.mp4' for writing
[hls @ 0xaaab238eed00] Opening '/config/cache/transcodes/678f3a84224662b67ff4c25be5757a34385.mp4' for writing
[hls @ 0xaaab238eed00] Opening '/config/cache/transcodes/678f3a84224662b67ff4c25be5757a34386.mp4' for writing
[hls @ 0xaaab238eed00] Opening '/config/cache/transcodes/678f3a84224662b67ff4c25be5757a34387.mp4' for writing
[hls @ 0xaaab238eed00] Opening '/config/cache/transcodes/678f3a84224662b67ff4c25be5757a34388.mp4' for writing
[hls @ 0xaaab238eed00] Opening '/config/cache/transcodes/678f3a84224662b67ff4c25be5757a34389.mp4' for writing
[hls @ 0xaaab238eed00] Opening '/config/cache/transcodes/678f3a84224662b67ff4c25be5757a34390.mp4' for writing
[hls @ 0xaaab238eed00] Opening '/config/cache/transcodes/678f3a84224662b67ff4c25be5757a34391.mp4' for writing
[hls @ 0xaaab238eed00] Opening '/config/cache/transcodes/678f3a84224662b67ff4c25be5757a34392.mp4' for writing
[hls @ 0xaaab238eed00] Opening '/config/cache/transcodes/678f3a84224662b67ff4c25be5757a34393.mp4' for writing
[hls @ 0xaaab238eed00] Opening '/config/cache/transcodes/678f3a84224662b67ff4c25be5757a34394.mp4' for writing
[hls @ 0xaaab238eed00] Opening '/config/cache/transcodes/678f3a84224662b67ff4c25be5757a34395.mp4' for writing
[hls @ 0xaaab238eed00] Opening '/config/cache/transcodes/678f3a84224662b67ff4c25be5757a34396.mp4' for writing
[hls @ 0xaaab238eed00] Opening '/config/cache/transcodes/678f3a84224662b67ff4c25be5757a34397.mp4' for writing
[hls @ 0xaaab238eed00] Opening '/config/cache/transcodes/678f3a84224662b67ff4c25be5757a34398.mp4' for writing
[hls @ 0xaaab238eed00] Opening '/config/cache/transcodes/678f3a84224662b67ff4c25be5757a34399.mp4' for writing
[hls @ 0xaaab238eed00] Opening '/config/cache/transcodes/678f3a84224662b67ff4c25be5757a34400.mp4' for writing
[hls @ 0xaaab238eed00] Opening '/config/cache/transcodes/678f3a84224662b67ff4c25be5757a34401.mp4' for writing
[hls @ 0xaaab238eed00] Opening '/config/cache/transcodes/678f3a84224662b67ff4c25be5757a34402.mp4' for writing
[hls @ 0xaaab238eed00] Opening '/config/cache/transcodes/678f3a84224662b67ff4c25be5757a34403.mp4' for writing
[hls @ 0xaaab238eed00] Opening '/config/cache/transcodes/678f3a84224662b67ff4c25be5757a34404.mp4' for writing
[hls @ 0xaaab238eed00] Opening '/config/cache/transcodes/678f3a84224662b67ff4c25be5757a34405.mp4' for writing
[hls @ 0xaaab238eed00] Opening '/config/cache/transcodes/678f3a84224662b67ff4c25be5757a34406.mp4' for writing
[hls @ 0xaaab238eed00] Opening '/config/cache/transcodes/678f3a84224662b67ff4c25be5757a34407.mp4' for writing
[hls @ 0xaaab238eed00] Opening '/config/cache/transcodes/678f3a84224662b67ff4c25be5757a34408.mp4' for writing
[hls @ 0xaaab238eed00] Opening '/config/cache/transcodes/678f3a84224662b67ff4c25be5757a34409.mp4' for writing
[hls @ 0xaaab238eed00] Opening '/config/cache/transcodes/678f3a84224662b67ff4c25be5757a34410.mp4' for writing
[hls @ 0xaaab238eed00] Opening '/config/cache/transcodes/678f3a84224662b67ff4c25be5757a34411.mp4' for writing
[hls @ 0xaaab238eed00] Opening '/config/cache/transcodes/678f3a84224662b67ff4c25be5757a34412.mp4' for writing
[hls @ 0xaaab238eed00] Opening '/config/cache/transcodes/678f3a84224662b67ff4c25be5757a34413.mp4' for writing
[hls @ 0xaaab238eed00] Opening '/config/cache/transcodes/678f3a84224662b67ff4c25be5757a34414.mp4' for writing
[hls @ 0xaaab238eed00] Opening '/config/cache/transcodes/678f3a84224662b67ff4c25be5757a34415.mp4' for writing
[hls @ 0xaaab238eed00] Opening '/config/cache/transcodes/678f3a84224662b67ff4c25be5757a34416.mp4' for writing
[hls @ 0xaaab238eed00] Opening '/config/cache/transcodes/678f3a84224662b67ff4c25be5757a34417.mp4' for writing
[hls @ 0xaaab238eed00] Opening '/config/cache/transcodes/678f3a84224662b67ff4c25be5757a34418.mp4' for writing
[hls @ 0xaaab238eed00] Opening '/config/cache/transcodes/678f3a84224662b67ff4c25be5757a34419.mp4' for writing
[hls @ 0xaaab238eed00] Opening '/config/cache/transcodes/678f3a84224662b67ff4c25be5757a34420.mp4' for writing
[hls @ 0xaaab238eed00] Opening '/config/cache/transcodes/678f3a84224662b67ff4c25be5757a34421.mp4' for writing
[hls @ 0xaaab238eed00] Opening '/config/cache/transcodes/678f3a84224662b67ff4c25be5757a34422.mp4' for writing
[hls @ 0xaaab238eed00] Opening '/config/cache/transcodes/678f3a84224662b67ff4c25be5757a34423.mp4' for writing
[hls @ 0xaaab238eed00] Opening '/config/cache/transcodes/678f3a84224662b67ff4c25be5757a34424.mp4' for writing
[hls @ 0xaaab238eed00] Opening '/config/cache/transcodes/678f3a84224662b67ff4c25be5757a34425.mp4' for writing
[hls @ 0xaaab238eed00] Opening '/config/cache/transcodes/678f3a84224662b67ff4c25be5757a34426.mp4' for writing
[hls @ 0xaaab238eed00] Opening '/config/cache/transcodes/678f3a84224662b67ff4c25be5757a34427.mp4' for writing
[hls @ 0xaaab238eed00] Opening '/config/cache/transcodes/678f3a84224662b67ff4c25be5757a34428.mp4' for writing
[hls @ 0xaaab238eed00] Opening '/config/cache/transcodes/678f3a84224662b67ff4c25be5757a34429.mp4' for writing
[hls @ 0xaaab238eed00] Opening '/config/cache/transcodes/678f3a84224662b67ff4c25be5757a34430.mp4' for writing
[hls @ 0xaaab238eed00] Opening '/config/cache/transcodes/678f3a84224662b67ff4c25be5757a34431.mp4' for writing
[hls @ 0xaaab238eed00] Opening '/config/cache/transcodes/678f3a84224662b67ff4c25be5757a34432.mp4' for writing
[hls @ 0xaaab238eed00] Opening '/config/cache/transcodes/678f3a84224662b67ff4c25be5757a34433.mp4' for writing
[hls @ 0xaaab238eed00] Opening '/config/cache/transcodes/678f3a84224662b67ff4c25be5757a34434.mp4' for writing
[hls @ 0xaaab238eed00] Opening '/config/cache/transcodes/678f3a84224662b67ff4c25be5757a34435.mp4' for writing
[hls @ 0xaaab238eed00] Opening '/config/cache/transcodes/678f3a84224662b67ff4c25be5757a34436.mp4' for writing
[hls @ 0xaaab238eed00] Opening '/config/cache/transcodes/678f3a84224662b67ff4c25be5757a34437.mp4' for writing
[hls @ 0xaaab238eed00] Opening '/config/cache/transcodes/678f3a84224662b67ff4c25be5757a34438.mp4' for writing
[hls @ 0xaaab238eed00] Opening '/config/cache/transcodes/678f3a84224662b67ff4c25be5757a34439.mp4' for writing
[hls @ 0xaaab238eed00] Opening '/config/cache/transcodes/678f3a84224662b67ff4c25be5757a34440.mp4' for writing
[hls @ 0xaaab238eed00] Opening '/config/cache/transcodes/678f3a84224662b67ff4c25be5757a34441.mp4' for writing
[hls @ 0xaaab238eed00] Opening '/config/cache/transcodes/678f3a84224662b67ff4c25be5757a34442.mp4' for writing
[hls @ 0xaaab238eed00] Opening '/config/cache/transcodes/678f3a84224662b67ff4c25be5757a34443.mp4' for writing
[hls @ 0xaaab238eed00] Opening '/config/cache/transcodes/678f3a84224662b67ff4c25be5757a34444.mp4' for writing
[hls @ 0xaaab238eed00] Opening '/config/cache/transcodes/678f3a84224662b67ff4c25be5757a34445.mp4' for writing
[hls @ 0xaaab238eed00] Opening '/config/cache/transcodes/678f3a84224662b67ff4c25be5757a34446.mp4' for writing
[hls @ 0xaaab238eed00] Opening '/config/cache/transcodes/678f3a84224662b67ff4c25be5757a34447.mp4' for writing
[hls @ 0xaaab238eed00] Opening '/config/cache/transcodes/678f3a84224662b67ff4c25be5757a34448.mp4' for writing
[hls @ 0xaaab238eed00] Opening '/config/cache/transcodes/678f3a84224662b67ff4c25be5757a34449.mp4' for writing
[hls @ 0xaaab238eed00] Opening '/config/cache/transcodes/678f3a84224662b67ff4c25be5757a34450.mp4' for writing
[hls @ 0xaaab238eed00] Opening '/config/cache/transcodes/678f3a84224662b67ff4c25be5757a34451.mp4' for writing
[hls @ 0xaaab238eed00] Opening '/config/cache/transcodes/678f3a84224662b67ff4c25be5757a34452.mp4' for writing
[hls @ 0xaaab238eed00] Opening '/config/cache/transcodes/678f3a84224662b67ff4c25be5757a34453.mp4' for writing
[hls @ 0xaaab238eed00] Opening '/config/cache/transcodes/678f3a84224662b67ff4c25be5757a34454.mp4' for writing
[hls @ 0xaaab238eed00] Opening '/config/cache/transcodes/678f3a84224662b67ff4c25be5757a34455.mp4' for writing
[hls @ 0xaaab238eed00] Opening '/config/cache/transcodes/678f3a84224662b67ff4c25be5757a34456.mp4' for writing
[hls @ 0xaaab238eed00] Opening '/config/cache/transcodes/678f3a84224662b67ff4c25be5757a34457.mp4' for writing
[hls @ 0xaaab238eed00] Opening '/config/cache/transcodes/678f3a84224662b67ff4c25be5757a34458.mp4' for writing
[hls @ 0xaaab238eed00] Opening '/config/cache/transcodes/678f3a84224662b67ff4c25be5757a34459.mp4' for writing
[hls @ 0xaaab238eed00] Opening '/config/cache/transcodes/678f3a84224662b67ff4c25be5757a34460.mp4' for writing
[hls @ 0xaaab238eed00] Opening '/config/cache/transcodes/678f3a84224662b67ff4c25be5757a34461.mp4' for writing
[hls @ 0xaaab238eed00] Opening '/config/cache/transcodes/678f3a84224662b67ff4c25be5757a34462.mp4' for writing
[hls @ 0xaaab238eed00] Opening '/config/cache/transcodes/678f3a84224662b67ff4c25be5757a34463.mp4' for writing
[hls @ 0xaaab238eed00] Opening '/config/cache/transcodes/678f3a84224662b67ff4c25be5757a34464.mp4' for writing
[hls @ 0xaaab238eed00] Opening '/config/cache/transcodes/678f3a84224662b67ff4c25be5757a34465.mp4' for writing
[hls @ 0xaaab238eed00] Opening '/config/cache/transcodes/678f3a84224662b67ff4c25be5757a34466.mp4' for writing
[hls @ 0xaaab238eed00] Opening '/config/cache/transcodes/678f3a84224662b67ff4c25be5757a34467.mp4' for writing
[hls @ 0xaaab238eed00] Opening '/config/cache/transcodes/678f3a84224662b67ff4c25be5757a34468.mp4' for writing
[hls @ 0xaaab238eed00] Opening '/config/cache/transcodes/678f3a84224662b67ff4c25be5757a34469.mp4' for writing
[hls @ 0xaaab238eed00] Opening '/config/cache/transcodes/678f3a84224662b67ff4c25be5757a34470.mp4' for writing
[hls @ 0xaaab238eed00] Opening '/config/cache/transcodes/678f3a84224662b67ff4c25be5757a34471.mp4' for writing
[hls @ 0xaaab238eed00] Opening '/config/cache/transcodes/678f3a84224662b67ff4c25be5757a34472.mp4' for writing
[hls @ 0xaaab238eed00] Opening '/config/cache/transcodes/678f3a84224662b67ff4c25be5757a34473.mp4' for writing
frame=68618 fps=45662 q=-1.0 size=N/A time=00:30:44.01 bitrate=N/A speed=1.23e+03x    
[hls @ 0xaaab238eed00] Opening '/config/cache/transcodes/678f3a84224662b67ff4c25be5757a34474.mp4' for writing
[hls @ 0xaaab238eed00] Opening '/config/cache/transcodes/678f3a84224662b67ff4c25be5757a34475.mp4' for writing
[hls @ 0xaaab238eed00] Opening '/config/cache/transcodes/678f3a84224662b67ff4c25be5757a34476.mp4' for writing
[hls @ 0xaaab238eed00] Opening '/config/cache/transcodes/678f3a84224662b67ff4c25be5757a34477.mp4' for writing
[hls @ 0xaaab238eed00] Opening '/config/cache/transcodes/678f3a84224662b67ff4c25be5757a34478.mp4' for writing
[hls @ 0xaaab238eed00] Opening '/config/cache/transcodes/678f3a84224662b67ff4c25be5757a34479.mp4' for writing
[hls @ 0xaaab238eed00] Opening '/config/cache/transcodes/678f3a84224662b67ff4c25be5757a34480.mp4' for writing
[hls @ 0xaaab238eed00] Opening '/config/cache/transcodes/678f3a84224662b67ff4c25be5757a34481.mp4' for writing
[hls @ 0xaaab238eed00] Opening '/config/cache/transcodes/678f3a84224662b67ff4c25be5757a34482.mp4' for writing
[hls @ 0xaaab238eed00] Opening '/config/cache/transcodes/678f3a84224662b67ff4c25be5757a34483.mp4' for writing
[hls @ 0xaaab238eed00] Opening '/config/cache/transcodes/678f3a84224662b67ff4c25be5757a34484.mp4' for writing
[hls @ 0xaaab238eed00] Opening '/config/cache/transcodes/678f3a84224662b67ff4c25be5757a34485.mp4' for writing
[hls @ 0xaaab238eed00] Opening '/config/cache/transcodes/678f3a84224662b67ff4c25be5757a34486.mp4' for writing
[hls @ 0xaaab238eed00] Opening '/config/cache/transcodes/678f3a84224662b67ff4c25be5757a34487.mp4' for writing
[hls @ 0xaaab238eed00] Opening '/config/cache/transcodes/678f3a84224662b67ff4c25be5757a34488.mp4' for writing
[hls @ 0xaaab238eed00] Opening '/config/cache/transcodes/678f3a84224662b67ff4c25be5757a34489.mp4' for writing
[hls @ 0xaaab238eed00] Opening '/config/cache/transcodes/678f3a84224662b67ff4c25be5757a34490.mp4' for writing
[hls @ 0xaaab238eed00] Opening '/config/cache/transcodes/678f3a84224662b67ff4c25be5757a34491.mp4' for writing
[hls @ 0xaaab238eed00] Opening '/config/cache/transcodes/678f3a84224662b67ff4c25be5757a34492.mp4' for writing
[hls @ 0xaaab238eed00] Opening '/config/cache/transcodes/678f3a84224662b67ff4c25be5757a34493.mp4' for writing
[hls @ 0xaaab238eed00] Opening '/config/cache/transcodes/678f3a84224662b67ff4c25be5757a34494.mp4' for writing
[hls @ 0xaaab238eed00] Opening '/config/cache/transcodes/678f3a84224662b67ff4c25be5757a34495.mp4' for writing
[hls @ 0xaaab238eed00] Opening '/config/cache/transcodes/678f3a84224662b67ff4c25be5757a34496.mp4' for writing
[hls @ 0xaaab238eed00] Opening '/config/cache/transcodes/678f3a84224662b67ff4c25be5757a34497.mp4' for writing
[hls @ 0xaaab238eed00] Opening '/config/cache/transcodes/678f3a84224662b67ff4c25be5757a34498.mp4' for writing
[hls @ 0xaaab238eed00] Opening '/config/cache/transcodes/678f3a84224662b67ff4c25be5757a34499.mp4' for writing
[hls @ 0xaaab238eed00] Opening '/config/cache/transcodes/678f3a84224662b67ff4c25be5757a34500.mp4' for writing
[hls @ 0xaaab238eed00] Opening '/config/cache/transcodes/678f3a84224662b67ff4c25be5757a34501.mp4' for writing
[hls @ 0xaaab238eed00] Opening '/config/cache/transcodes/678f3a84224662b67ff4c25be5757a34502.mp4' for writing
[hls @ 0xaaab238eed00] Opening '/config/cache/transcodes/678f3a84224662b67ff4c25be5757a34503.mp4' for writing
[hls @ 0xaaab238eed00] Opening '/config/cache/transcodes/678f3a84224662b67ff4c25be5757a34504.mp4' for writing
[hls @ 0xaaab238eed00] Opening '/config/cache/transcodes/678f3a84224662b67ff4c25be5757a34505.mp4' for writing
[hls @ 0xaaab238eed00] Opening '/config/cache/transcodes/678f3a84224662b67ff4c25be5757a34506.mp4' for writing
[hls @ 0xaaab238eed00] Opening '/config/cache/transcodes/678f3a84224662b67ff4c25be5757a34507.mp4' for writing
[hls @ 0xaaab238eed00] Opening '/config/cache/transcodes/678f3a84224662b67ff4c25be5757a34508.mp4' for writing
[hls @ 0xaaab238eed00] Opening '/config/cache/transcodes/678f3a84224662b67ff4c25be5757a34509.mp4' for writing
[hls @ 0xaaab238eed00] Opening '/config/cache/transcodes/678f3a84224662b67ff4c25be5757a34510.mp4' for writing
[hls @ 0xaaab238eed00] Opening '/config/cache/transcodes/678f3a84224662b67ff4c25be5757a34511.mp4' for writing
[hls @ 0xaaab238eed00] Opening '/config/cache/transcodes/678f3a84224662b67ff4c25be5757a34512.mp4' for writing
[hls @ 0xaaab238eed00] Opening '/config/cache/transcodes/678f3a84224662b67ff4c25be5757a34513.mp4' for writing
[hls @ 0xaaab238eed00] Opening '/config/cache/transcodes/678f3a84224662b67ff4c25be5757a34514.mp4' for writing
[hls @ 0xaaab238eed00] Opening '/config/cache/transcodes/678f3a84224662b67ff4c25be5757a34515.mp4' for writing
[hls @ 0xaaab238eed00] Opening '/config/cache/transcodes/678f3a84224662b67ff4c25be5757a34516.mp4' for writing
[hls @ 0xaaab238eed00] Opening '/config/cache/transcodes/678f3a84224662b67ff4c25be5757a34517.mp4' for writing
[hls @ 0xaaab238eed00] Opening '/config/cache/transcodes/678f3a84224662b67ff4c25be5757a34518.mp4' for writing
[hls @ 0xaaab238eed00] Opening '/config/cache/transcodes/678f3a84224662b67ff4c25be5757a34519.mp4' for writing
[hls @ 0xaaab238eed00] Opening '/config/cache/transcodes/678f3a84224662b67ff4c25be5757a34520.mp4' for writing
[hls @ 0xaaab238eed00] Opening '/config/cache/transcodes/678f3a84224662b67ff4c25be5757a34521.mp4' for writing
[hls @ 0xaaab238eed00] Opening '/config/cache/transcodes/678f3a84224662b67ff4c25be5757a34522.mp4' for writing
[hls @ 0xaaab238eed00] Opening '/config/cache/transcodes/678f3a84224662b67ff4c25be5757a34523.mp4' for writing
[hls @ 0xaaab238eed00] Opening '/config/cache/transcodes/678f3a84224662b67ff4c25be5757a34524.mp4' for writing
[hls @ 0xaaab238eed00] Opening '/config/cache/transcodes/678f3a84224662b67ff4c25be5757a34525.mp4' for writing
[hls @ 0xaaab238eed00] Opening '/config/cache/transcodes/678f3a84224662b67ff4c25be5757a34526.mp4' for writing
[hls @ 0xaaab238eed00] Opening '/config/cache/transcodes/678f3a84224662b67ff4c25be5757a34527.mp4' for writing
[hls @ 0xaaab238eed00] Opening '/config/cache/transcodes/678f3a84224662b67ff4c25be5757a34528.mp4' for writing
[hls @ 0xaaab238eed00] Opening '/config/cache/transcodes/678f3a84224662b67ff4c25be5757a34529.mp4' for writing
[hls @ 0xaaab238eed00] Opening '/config/cache/transcodes/678f3a84224662b67ff4c25be5757a34530.mp4' for writing
[hls @ 0xaaab238eed00] Opening '/config/cache/transcodes/678f3a84224662b67ff4c25be5757a34531.mp4' for writing
[hls @ 0xaaab238eed00] Opening '/config/cache/transcodes/678f3a84224662b67ff4c25be5757a34532.mp4' for writing
[hls @ 0xaaab238eed00] Opening '/config/cache/transcodes/678f3a84224662b67ff4c25be5757a34533.mp4' for writing
[hls @ 0xaaab238eed00] Opening '/config/cache/transcodes/678f3a84224662b67ff4c25be5757a34534.mp4' for writing
[hls @ 0xaaab238eed00] Opening '/config/cache/transcodes/678f3a84224662b67ff4c25be5757a34535.mp4' for writing
[hls @ 0xaaab238eed00] Opening '/config/cache/transcodes/678f3a84224662b67ff4c25be5757a34536.mp4' for writing
[hls @ 0xaaab238eed00] Opening '/config/cache/transcodes/678f3a84224662b67ff4c25be5757a34537.mp4' for writing
[hls @ 0xaaab238eed00] Opening '/config/cache/transcodes/678f3a84224662b67ff4c25be5757a34538.mp4' for writing
[hls @ 0xaaab238eed00] Opening '/config/cache/transcodes/678f3a84224662b67ff4c25be5757a34539.mp4' for writing
[hls @ 0xaaab238eed00] Opening '/config/cache/transcodes/678f3a84224662b67ff4c25be5757a34540.mp4' for writing
[hls @ 0xaaab238eed00] Opening '/config/cache/transcodes/678f3a84224662b67ff4c25be5757a34541.mp4' for writing
[hls @ 0xaaab238eed00] Opening '/config/cache/transcodes/678f3a84224662b67ff4c25be5757a34542.mp4' for writing
[hls @ 0xaaab238eed00] Opening '/config/cache/transcodes/678f3a84224662b67ff4c25be5757a34543.mp4' for writing
[hls @ 0xaaab238eed00] Opening '/config/cache/transcodes/678f3a84224662b67ff4c25be5757a34544.mp4' for writing
[hls @ 0xaaab238eed00] Opening '/config/cache/transcodes/678f3a84224662b67ff4c25be5757a34545.mp4' for writing
[hls @ 0xaaab238eed00] Opening '/config/cache/transcodes/678f3a84224662b67ff4c25be5757a34546.mp4' for writing
[hls @ 0xaaab238eed00] Opening '/config/cache/transcodes/678f3a84224662b67ff4c25be5757a34547.mp4' for writing
[hls @ 0xaaab238eed00] Opening '/config/cache/transcodes/678f3a84224662b67ff4c25be5757a34548.mp4' for writing
[hls @ 0xaaab238eed00] Opening '/config/cache/transcodes/678f3a84224662b67ff4c25be5757a34549.mp4' for writing
[hls @ 0xaaab238eed00] Opening '/config/cache/transcodes/678f3a84224662b67ff4c25be5757a34550.mp4' for writing
[hls @ 0xaaab238eed00] Opening '/config/cache/transcodes/678f3a84224662b67ff4c25be5757a34551.mp4' for writing
[hls @ 0xaaab238eed00] Opening '/config/cache/transcodes/678f3a84224662b67ff4c25be5757a34552.mp4' for writing
[hls @ 0xaaab238eed00] Opening '/config/cache/transcodes/678f3a84224662b67ff4c25be5757a34553.mp4' for writing
[hls @ 0xaaab238eed00] Opening '/config/cache/transcodes/678f3a84224662b67ff4c25be5757a34554.mp4' for writing
[hls @ 0xaaab238eed00] Opening '/config/cache/transcodes/678f3a84224662b67ff4c25be5757a34555.mp4' for writing
[hls @ 0xaaab238eed00] Opening '/config/cache/transcodes/678f3a84224662b67ff4c25be5757a34556.mp4' for writing
[hls @ 0xaaab238eed00] Opening '/config/cache/transcodes/678f3a84224662b67ff4c25be5757a34557.mp4' for writing
[hls @ 0xaaab238eed00] Opening '/config/cache/transcodes/678f3a84224662b67ff4c25be5757a34558.mp4' for writing
[hls @ 0xaaab238eed00] Opening '/config/cache/transcodes/678f3a84224662b67ff4c25be5757a34559.mp4' for writing
[hls @ 0xaaab238eed00] Opening '/config/cache/transcodes/678f3a84224662b67ff4c25be5757a34560.mp4' for writing
[hls @ 0xaaab238eed00] Opening '/config/cache/transcodes/678f3a84224662b67ff4c25be5757a34561.mp4' for writing
[hls @ 0xaaab238eed00] Opening '/config/cache/transcodes/678f3a84224662b67ff4c25be5757a34562.mp4' for writing
[hls @ 0xaaab238eed00] Opening '/config/cache/transcodes/678f3a84224662b67ff4c25be5757a34563.mp4' for writing
[hls @ 0xaaab238eed00] Opening '/config/cache/transcodes/678f3a84224662b67ff4c25be5757a34564.mp4' for writing
[hls @ 0xaaab238eed00] Opening '/config/cache/transcodes/678f3a84224662b67ff4c25be5757a34565.mp4' for writing
[hls @ 0xaaab238eed00] Opening '/config/cache/transcodes/678f3a84224662b67ff4c25be5757a34566.mp4' for writing
[hls @ 0xaaab238eed00] Opening '/config/cache/transcodes/678f3a84224662b67ff4c25be5757a34567.mp4' for writing
[hls @ 0xaaab238eed00] Opening '/config/cache/transcodes/678f3a84224662b67ff4c25be5757a34568.mp4' for writing
[hls @ 0xaaab238eed00] Opening '/config/cache/transcodes/678f3a84224662b67ff4c25be5757a34569.mp4' for writing
[hls @ 0xaaab238eed00] Opening '/config/cache/transcodes/678f3a84224662b67ff4c25be5757a34570.mp4' for writing
[hls @ 0xaaab238eed00] Opening '/config/cache/transcodes/678f3a84224662b67ff4c25be5757a34571.mp4' for writing
[hls @ 0xaaab238eed00] Opening '/config/cache/transcodes/678f3a84224662b67ff4c25be5757a34572.mp4' for writing
[hls @ 0xaaab238eed00] Opening '/config/cache/transcodes/678f3a84224662b67ff4c25be5757a34573.mp4' for writing
[hls @ 0xaaab238eed00] Opening '/config/cache/transcodes/678f3a84224662b67ff4c25be5757a34574.mp4' for writing
[hls @ 0xaaab238eed00] Opening '/config/cache/transcodes/678f3a84224662b67ff4c25be5757a34575.mp4' for writing
[hls @ 0xaaab238eed00] Opening '/config/cache/transcodes/678f3a84224662b67ff4c25be5757a34576.mp4' for writing
[hls @ 0xaaab238eed00] Opening '/config/cache/transcodes/678f3a84224662b67ff4c25be5757a34577.mp4' for writing
[hls @ 0xaaab238eed00] Opening '/config/cache/transcodes/678f3a84224662b67ff4c25be5757a34578.mp4' for writing
[hls @ 0xaaab238eed00] Opening '/config/cache/transcodes/678f3a84224662b67ff4c25be5757a34579.mp4' for writing
[hls @ 0xaaab238eed00] Opening '/config/cache/transcodes/678f3a84224662b67ff4c25be5757a34580.mp4' for writing
[hls @ 0xaaab238eed00] Opening '/config/cache/transcodes/678f3a84224662b67ff4c25be5757a34581.mp4' for writing
[hls @ 0xaaab238eed00] Opening '/config/cache/transcodes/678f3a84224662b67ff4c25be5757a34582.mp4' for writing
[hls @ 0xaaab238eed00] Opening '/config/cache/transcodes/678f3a84224662b67ff4c25be5757a34583.mp4' for writing
[hls @ 0xaaab238eed00] Opening '/config/cache/transcodes/678f3a84224662b67ff4c25be5757a34584.mp4' for writing
[hls @ 0xaaab238eed00] Opening '/config/cache/transcodes/678f3a84224662b67ff4c25be5757a34585.mp4' for writing
[hls @ 0xaaab238eed00] Opening '/config/cache/transcodes/678f3a84224662b67ff4c25be5757a34586.mp4' for writing
[hls @ 0xaaab238eed00] Opening '/config/cache/transcodes/678f3a84224662b67ff4c25be5757a34587.mp4' for writing
[hls @ 0xaaab238eed00] Opening '/config/cache/transcodes/678f3a84224662b67ff4c25be5757a34588.mp4' for writing
[hls @ 0xaaab238eed00] Opening '/config/cache/transcodes/678f3a84224662b67ff4c25be5757a34589.mp4' for writing
[hls @ 0xaaab238eed00] Opening '/config/cache/transcodes/678f3a84224662b67ff4c25be5757a34590.mp4' for writing
[hls @ 0xaaab238eed00] Opening '/config/cache/transcodes/678f3a84224662b67ff4c25be5757a34591.mp4' for writing
[hls @ 0xaaab238eed00] Opening '/config/cache/transcodes/678f3a84224662b67ff4c25be5757a34592.mp4' for writing
[hls @ 0xaaab238eed00] Opening '/config/cache/transcodes/678f3a84224662b67ff4c25be5757a34593.mp4' for writing
[hls @ 0xaaab238eed00] Opening '/config/cache/transcodes/678f3a84224662b67ff4c25be5757a34594.mp4' for writing
[hls @ 0xaaab238eed00] Opening '/config/cache/transcodes/678f3a84224662b67ff4c25be5757a34595.mp4' for writing
[hls @ 0xaaab238eed00] Opening '/config/cache/transcodes/678f3a84224662b67ff4c25be5757a34596.mp4' for writing
[hls @ 0xaaab238eed00] Opening '/config/cache/transcodes/678f3a84224662b67ff4c25be5757a34597.mp4' for writing
[hls @ 0xaaab238eed00] Opening '/config/cache/transcodes/678f3a84224662b67ff4c25be5757a34598.mp4' for writing
[hls @ 0xaaab238eed00] Opening '/config/cache/transcodes/678f3a84224662b67ff4c25be5757a34599.mp4' for writing
[hls @ 0xaaab238eed00] Opening '/config/cache/transcodes/678f3a84224662b67ff4c25be5757a34600.mp4' for writing
[hls @ 0xaaab238eed00] Opening '/config/cache/transcodes/678f3a84224662b67ff4c25be5757a34601.mp4' for writing
[hls @ 0xaaab238eed00] Opening '/config/cache/transcodes/678f3a84224662b67ff4c25be5757a34602.mp4' for writing
[hls @ 0xaaab238eed00] Opening '/config/cache/transcodes/678f3a84224662b67ff4c25be5757a34603.mp4' for writing
[hls @ 0xaaab238eed00] Opening '/config/cache/transcodes/678f3a84224662b67ff4c25be5757a34604.mp4' for writing
[hls @ 0xaaab238eed00] Opening '/config/cache/transcodes/678f3a84224662b67ff4c25be5757a34605.mp4' for writing
[hls @ 0xaaab238eed00] Opening '/config/cache/transcodes/678f3a84224662b67ff4c25be5757a34606.mp4' for writing
[hls @ 0xaaab238eed00] Opening '/config/cache/transcodes/678f3a84224662b67ff4c25be5757a34607.mp4' for writing
[hls @ 0xaaab238eed00] Opening '/config/cache/transcodes/678f3a84224662b67ff4c25be5757a34608.mp4' for writing
[hls @ 0xaaab238eed00] Opening '/config/cache/transcodes/678f3a84224662b67ff4c25be5757a34609.mp4' for writing
[hls @ 0xaaab238eed00] Opening '/config/cache/transcodes/678f3a84224662b67ff4c25be5757a34610.mp4' for writing
[hls @ 0xaaab238eed00] Opening '/config/cache/transcodes/678f3a84224662b67ff4c25be5757a34611.mp4' for writing
[hls @ 0xaaab238eed00] Opening '/config/cache/transcodes/678f3a84224662b67ff4c25be5757a34612.mp4' for writing
[hls @ 0xaaab238eed00] Opening '/config/cache/transcodes/678f3a84224662b67ff4c25be5757a34613.mp4' for writing
[hls @ 0xaaab238eed00] Opening '/config/cache/transcodes/678f3a84224662b67ff4c25be5757a34614.mp4' for writing
[hls @ 0xaaab238eed00] Opening '/config/cache/transcodes/678f3a84224662b67ff4c25be5757a34615.mp4' for writing
[hls @ 0xaaab238eed00] Opening '/config/cache/transcodes/678f3a84224662b67ff4c25be5757a34616.mp4' for writing
[hls @ 0xaaab238eed00] Opening '/config/cache/transcodes/678f3a84224662b67ff4c25be5757a34617.mp4' for writing
[hls @ 0xaaab238eed00] Opening '/config/cache/transcodes/678f3a84224662b67ff4c25be5757a34618.mp4' for writing
[hls @ 0xaaab238eed00] Opening '/config/cache/transcodes/678f3a84224662b67ff4c25be5757a34619.mp4' for writing
[hls @ 0xaaab238eed00] Opening '/config/cache/transcodes/678f3a84224662b67ff4c25be5757a34620.mp4' for writing
frame=89629 fps=44749 q=-1.0 size=N/A time=00:45:19.46 bitrate=N/A speed=1.36e+03x    
[hls @ 0xaaab238eed00] Opening '/config/cache/transcodes/678f3a84224662b67ff4c25be5757a34621.mp4' for writing
[hls @ 0xaaab238eed00] Opening '/config/cache/transcodes/678f3a84224662b67ff4c25be5757a34622.mp4' for writing
[hls @ 0xaaab238eed00] Opening '/config/cache/transcodes/678f3a84224662b67ff4c25be5757a34623.mp4' for writing
[hls @ 0xaaab238eed00] Opening '/config/cache/transcodes/678f3a84224662b67ff4c25be5757a34624.mp4' for writing
[hls @ 0xaaab238eed00] Opening '/config/cache/transcodes/678f3a84224662b67ff4c25be5757a34625.mp4' for writing
[hls @ 0xaaab238eed00] Opening '/config/cache/transcodes/678f3a84224662b67ff4c25be5757a34626.mp4' for writing
[hls @ 0xaaab238eed00] Opening '/config/cache/transcodes/678f3a84224662b67ff4c25be5757a34627.mp4' for writing
[hls @ 0xaaab238eed00] Opening '/config/cache/transcodes/678f3a84224662b67ff4c25be5757a34628.mp4' for writing
[hls @ 0xaaab238eed00] Opening '/config/cache/transcodes/678f3a84224662b67ff4c25be5757a34629.mp4' for writing
[hls @ 0xaaab238eed00] Opening '/config/cache/transcodes/678f3a84224662b67ff4c25be5757a34630.mp4' for writing
[hls @ 0xaaab238eed00] Opening '/config/cache/transcodes/678f3a84224662b67ff4c25be5757a34631.mp4' for writing
[hls @ 0xaaab238eed00] Opening '/config/cache/transcodes/678f3a84224662b67ff4c25be5757a34632.mp4' for writing
[hls @ 0xaaab238eed00] Opening '/config/cache/transcodes/678f3a84224662b67ff4c25be5757a34633.mp4' for writing
[hls @ 0xaaab238eed00] Opening '/config/cache/transcodes/678f3a84224662b67ff4c25be5757a34634.mp4' for writing
[hls @ 0xaaab238eed00] Opening '/config/cache/transcodes/678f3a84224662b67ff4c25be5757a34635.mp4' for writing
[hls @ 0xaaab238eed00] Opening '/config/cache/transcodes/678f3a84224662b67ff4c25be5757a34636.mp4' for writing
[hls @ 0xaaab238eed00] Opening '/config/cache/transcodes/678f3a84224662b67ff4c25be5757a34637.mp4' for writing
[hls @ 0xaaab238eed00] Opening '/config/cache/transcodes/678f3a84224662b67ff4c25be5757a34638.mp4' for writing
[hls @ 0xaaab238eed00] Opening '/config/cache/transcodes/678f3a84224662b67ff4c25be5757a34639.mp4' for writing
[hls @ 0xaaab238eed00] Opening '/config/cache/transcodes/678f3a84224662b67ff4c25be5757a34640.mp4' for writing
[hls @ 0xaaab238eed00] Opening '/config/cache/transcodes/678f3a84224662b67ff4c25be5757a34641.mp4' for writing
[hls @ 0xaaab238eed00] Opening '/config/cache/transcodes/678f3a84224662b67ff4c25be5757a34642.mp4' for writing
[hls @ 0xaaab238eed00] Opening '/config/cache/transcodes/678f3a84224662b67ff4c25be5757a34643.mp4' for writing
[hls @ 0xaaab238eed00] Opening '/config/cache/transcodes/678f3a84224662b67ff4c25be5757a34644.mp4' for writing
[hls @ 0xaaab238eed00] Opening '/config/cache/transcodes/678f3a84224662b67ff4c25be5757a34645.mp4' for writing
[hls @ 0xaaab238eed00] Opening '/config/cache/transcodes/678f3a84224662b67ff4c25be5757a34646.mp4' for writing
[hls @ 0xaaab238eed00] Opening '/config/cache/transcodes/678f3a84224662b67ff4c25be5757a34647.mp4' for writing
[hls @ 0xaaab238eed00] Opening '/config/cache/transcodes/678f3a84224662b67ff4c25be5757a34648.mp4' for writing
[hls @ 0xaaab238eed00] Opening '/config/cache/transcodes/678f3a84224662b67ff4c25be5757a34649.mp4' for writing
[hls @ 0xaaab238eed00] Opening '/config/cache/transcodes/678f3a84224662b67ff4c25be5757a34650.mp4' for writing
[hls @ 0xaaab238eed00] Opening '/config/cache/transcodes/678f3a84224662b67ff4c25be5757a34651.mp4' for writing
[hls @ 0xaaab238eed00] Opening '/config/cache/transcodes/678f3a84224662b67ff4c25be5757a34652.mp4' for writing
[hls @ 0xaaab238eed00] Opening '/config/cache/transcodes/678f3a84224662b67ff4c25be5757a34653.mp4' for writing
[hls @ 0xaaab238eed00] Opening '/config/cache/transcodes/678f3a84224662b67ff4c25be5757a34654.mp4' for writing
[hls @ 0xaaab238eed00] Opening '/config/cache/transcodes/678f3a84224662b67ff4c25be5757a34655.mp4' for writing
[hls @ 0xaaab238eed00] Opening '/config/cache/transcodes/678f3a84224662b67ff4c25be5757a34656.mp4' for writing
[hls @ 0xaaab238eed00] Opening '/config/cache/transcodes/678f3a84224662b67ff4c25be5757a34657.mp4' for writing
[hls @ 0xaaab238eed00] Opening '/config/cache/transcodes/678f3a84224662b67ff4c25be5757a34658.mp4' for writing
[hls @ 0xaaab238eed00] Opening '/config/cache/transcodes/678f3a84224662b67ff4c25be5757a34659.mp4' for writing
[hls @ 0xaaab238eed00] Opening '/config/cache/transcodes/678f3a84224662b67ff4c25be5757a34660.mp4' for writing
[hls @ 0xaaab238eed00] Opening '/config/cache/transcodes/678f3a84224662b67ff4c25be5757a34661.mp4' for writing
[hls @ 0xaaab238eed00] Opening '/config/cache/transcodes/678f3a84224662b67ff4c25be5757a34662.mp4' for writing
[hls @ 0xaaab238eed00] Opening '/config/cache/transcodes/678f3a84224662b67ff4c25be5757a34663.mp4' for writing
[hls @ 0xaaab238eed00] Opening '/config/cache/transcodes/678f3a84224662b67ff4c25be5757a34664.mp4' for writing
[hls @ 0xaaab238eed00] Opening '/config/cache/transcodes/678f3a84224662b67ff4c25be5757a34665.mp4' for writing
[hls @ 0xaaab238eed00] Opening '/config/cache/transcodes/678f3a84224662b67ff4c25be5757a34666.mp4' for writing
[hls @ 0xaaab238eed00] Opening '/config/cache/transcodes/678f3a84224662b67ff4c25be5757a34667.mp4' for writing
[hls @ 0xaaab238eed00] Opening '/config/cache/transcodes/678f3a84224662b67ff4c25be5757a34668.mp4' for writing
[hls @ 0xaaab238eed00] Opening '/config/cache/transcodes/678f3a84224662b67ff4c25be5757a34669.mp4' for writing
[hls @ 0xaaab238eed00] Opening '/config/cache/transcodes/678f3a84224662b67ff4c25be5757a34670.mp4' for writing
[hls @ 0xaaab238eed00] Opening '/config/cache/transcodes/678f3a84224662b67ff4c25be5757a34671.mp4' for writing
[hls @ 0xaaab238eed00] Opening '/config/cache/transcodes/678f3a84224662b67ff4c25be5757a34672.mp4' for writing
[hls @ 0xaaab238eed00] Opening '/config/cache/transcodes/678f3a84224662b67ff4c25be5757a34673.mp4' for writing
[hls @ 0xaaab238eed00] Opening '/config/cache/transcodes/678f3a84224662b67ff4c25be5757a34674.mp4' for writing
[hls @ 0xaaab238eed00] Opening '/config/cache/transcodes/678f3a84224662b67ff4c25be5757a34675.mp4' for writing
[hls @ 0xaaab238eed00] Opening '/config/cache/transcodes/678f3a84224662b67ff4c25be5757a34676.mp4' for writing
[hls @ 0xaaab238eed00] Opening '/config/cache/transcodes/678f3a84224662b67ff4c25be5757a34677.mp4' for writing
[hls @ 0xaaab238eed00] Opening '/config/cache/transcodes/678f3a84224662b67ff4c25be5757a34678.mp4' for writing
[hls @ 0xaaab238eed00] Opening '/config/cache/transcodes/678f3a84224662b67ff4c25be5757a34679.mp4' for writing
[hls @ 0xaaab238eed00] Opening '/config/cache/transcodes/678f3a84224662b67ff4c25be5757a34680.mp4' for writing
[hls @ 0xaaab238eed00] Opening '/config/cache/transcodes/678f3a84224662b67ff4c25be5757a34681.mp4' for writing
[hls @ 0xaaab238eed00] Opening '/config/cache/transcodes/678f3a84224662b67ff4c25be5757a34682.mp4' for writing
[hls @ 0xaaab238eed00] Opening '/config/cache/transcodes/678f3a84224662b67ff4c25be5757a34683.mp4' for writing
[hls @ 0xaaab238eed00] Opening '/config/cache/transcodes/678f3a84224662b67ff4c25be5757a34684.mp4' for writing
[hls @ 0xaaab238eed00] Opening '/config/cache/transcodes/678f3a84224662b67ff4c25be5757a34685.mp4' for writing
[hls @ 0xaaab238eed00] Opening '/config/cache/transcodes/678f3a84224662b67ff4c25be5757a34686.mp4' for writing
[hls @ 0xaaab238eed00] Opening '/config/cache/transcodes/678f3a84224662b67ff4c25be5757a34687.mp4' for writing
[hls @ 0xaaab238eed00] Opening '/config/cache/transcodes/678f3a84224662b67ff4c25be5757a34688.mp4' for writing
[hls @ 0xaaab238eed00] Opening '/config/cache/transcodes/678f3a84224662b67ff4c25be5757a34689.mp4' for writing
[hls @ 0xaaab238eed00] Opening '/config/cache/transcodes/678f3a84224662b67ff4c25be5757a34690.mp4' for writing
[hls @ 0xaaab238eed00] Opening '/config/cache/transcodes/678f3a84224662b67ff4c25be5757a34691.mp4' for writing
[hls @ 0xaaab238eed00] Opening '/config/cache/transcodes/678f3a84224662b67ff4c25be5757a34692.mp4' for writing
[hls @ 0xaaab238eed00] Opening '/config/cache/transcodes/678f3a84224662b67ff4c25be5757a34693.mp4' for writing
[hls @ 0xaaab238eed00] Opening '/config/cache/transcodes/678f3a84224662b67ff4c25be5757a34694.mp4' for writing
[hls @ 0xaaab238eed00] Opening '/config/cache/transcodes/678f3a84224662b67ff4c25be5757a34695.mp4' for writing
[hls @ 0xaaab238eed00] Opening '/config/cache/transcodes/678f3a84224662b67ff4c25be5757a34696.mp4' for writing
[hls @ 0xaaab238eed00] Opening '/config/cache/transcodes/678f3a84224662b67ff4c25be5757a34697.mp4' for writing
[hls @ 0xaaab238eed00] Opening '/config/cache/transcodes/678f3a84224662b67ff4c25be5757a34698.mp4' for writing
[hls @ 0xaaab238eed00] Opening '/config/cache/transcodes/678f3a84224662b67ff4c25be5757a34699.mp4' for writing
[hls @ 0xaaab238eed00] Opening '/config/cache/transcodes/678f3a84224662b67ff4c25be5757a34700.mp4' for writing
[hls @ 0xaaab238eed00] Opening '/config/cache/transcodes/678f3a84224662b67ff4c25be5757a34701.mp4' for writing
[hls @ 0xaaab238eed00] Opening '/config/cache/transcodes/678f3a84224662b67ff4c25be5757a34702.mp4' for writing
[hls @ 0xaaab238eed00] Opening '/config/cache/transcodes/678f3a84224662b67ff4c25be5757a34703.mp4' for writing
[hls @ 0xaaab238eed00] Opening '/config/cache/transcodes/678f3a84224662b67ff4c25be5757a34704.mp4' for writing
[hls @ 0xaaab238eed00] Opening '/config/cache/transcodes/678f3a84224662b67ff4c25be5757a34705.mp4' for writing
[hls @ 0xaaab238eed00] Opening '/config/cache/transcodes/678f3a84224662b67ff4c25be5757a34706.mp4' for writing
[hls @ 0xaaab238eed00] Opening '/config/cache/transcodes/678f3a84224662b67ff4c25be5757a34707.mp4' for writing
[hls @ 0xaaab238eed00] Opening '/config/cache/transcodes/678f3a84224662b67ff4c25be5757a34708.mp4' for writing
[hls @ 0xaaab238eed00] Opening '/config/cache/transcodes/678f3a84224662b67ff4c25be5757a34709.mp4' for writing
[hls @ 0xaaab238eed00] Opening '/config/cache/transcodes/678f3a84224662b67ff4c25be5757a34710.mp4' for writing
[hls @ 0xaaab238eed00] Opening '/config/cache/transcodes/678f3a84224662b67ff4c25be5757a34711.mp4' for writing
[hls @ 0xaaab238eed00] Opening '/config/cache/transcodes/678f3a84224662b67ff4c25be5757a34712.mp4' for writing
[hls @ 0xaaab238eed00] Opening '/config/cache/transcodes/678f3a84224662b67ff4c25be5757a34713.mp4' for writing
[hls @ 0xaaab238eed00] Opening '/config/cache/transcodes/678f3a84224662b67ff4c25be5757a34714.mp4' for writing
[hls @ 0xaaab238eed00] Opening '/config/cache/transcodes/678f3a84224662b67ff4c25be5757a34715.mp4' for writing
[hls @ 0xaaab238eed00] Opening '/config/cache/transcodes/678f3a84224662b67ff4c25be5757a34716.mp4' for writing
[hls @ 0xaaab238eed00] Opening '/config/cache/transcodes/678f3a84224662b67ff4c25be5757a34717.mp4' for writing
[hls @ 0xaaab238eed00] Opening '/config/cache/transcodes/678f3a84224662b67ff4c25be5757a34718.mp4' for writing
[hls @ 0xaaab238eed00] Opening '/config/cache/transcodes/678f3a84224662b67ff4c25be5757a34719.mp4' for writing
[hls @ 0xaaab238eed00] Opening '/config/cache/transcodes/678f3a84224662b67ff4c25be5757a34720.mp4' for writing
[hls @ 0xaaab238eed00] Opening '/config/cache/transcodes/678f3a84224662b67ff4c25be5757a34721.mp4' for writing
[hls @ 0xaaab238eed00] Opening '/config/cache/transcodes/678f3a84224662b67ff4c25be5757a34722.mp4' for writing
[hls @ 0xaaab238eed00] Opening '/config/cache/transcodes/678f3a84224662b67ff4c25be5757a34723.mp4' for writing
[hls @ 0xaaab238eed00] Opening '/config/cache/transcodes/678f3a84224662b67ff4c25be5757a34724.mp4' for writing
[hls @ 0xaaab238eed00] Opening '/config/cache/transcodes/678f3a84224662b67ff4c25be5757a34725.mp4' for writing
[hls @ 0xaaab238eed00] Opening '/config/cache/transcodes/678f3a84224662b67ff4c25be5757a34726.mp4' for writing
[hls @ 0xaaab238eed00] Opening '/config/cache/transcodes/678f3a84224662b67ff4c25be5757a34727.mp4' for writing
[hls @ 0xaaab238eed00] Opening '/config/cache/transcodes/678f3a84224662b67ff4c25be5757a34728.mp4' for writing
[hls @ 0xaaab238eed00] Opening '/config/cache/transcodes/678f3a84224662b67ff4c25be5757a34729.mp4' for writing
[hls @ 0xaaab238eed00] Opening '/config/cache/transcodes/678f3a84224662b67ff4c25be5757a34730.mp4' for writing
[hls @ 0xaaab238eed00] Opening '/config/cache/transcodes/678f3a84224662b67ff4c25be5757a34731.mp4' for writing
[hls @ 0xaaab238eed00] Opening '/config/cache/transcodes/678f3a84224662b67ff4c25be5757a34732.mp4' for writing
[hls @ 0xaaab238eed00] Opening '/config/cache/transcodes/678f3a84224662b67ff4c25be5757a34733.mp4' for writing
[hls @ 0xaaab238eed00] Opening '/config/cache/transcodes/678f3a84224662b67ff4c25be5757a34734.mp4' for writing
[hls @ 0xaaab238eed00] Opening '/config/cache/transcodes/678f3a84224662b67ff4c25be5757a34735.mp4' for writing
[hls @ 0xaaab238eed00] Opening '/config/cache/transcodes/678f3a84224662b67ff4c25be5757a34736.mp4' for writing
[hls @ 0xaaab238eed00] Opening '/config/cache/transcodes/678f3a84224662b67ff4c25be5757a34737.mp4' for writing
[hls @ 0xaaab238eed00] Opening '/config/cache/transcodes/678f3a84224662b67ff4c25be5757a34738.mp4' for writing
[hls @ 0xaaab238eed00] Opening '/config/cache/transcodes/678f3a84224662b67ff4c25be5757a34739.mp4' for writing
[hls @ 0xaaab238eed00] Opening '/config/cache/transcodes/678f3a84224662b67ff4c25be5757a34740.mp4' for writing
[hls @ 0xaaab238eed00] Opening '/config/cache/transcodes/678f3a84224662b67ff4c25be5757a34741.mp4' for writing
[hls @ 0xaaab238eed00] Opening '/config/cache/transcodes/678f3a84224662b67ff4c25be5757a34742.mp4' for writing
[hls @ 0xaaab238eed00] Opening '/config/cache/transcodes/678f3a84224662b67ff4c25be5757a34743.mp4' for writing
[hls @ 0xaaab238eed00] Opening '/config/cache/transcodes/678f3a84224662b67ff4c25be5757a34744.mp4' for writing
[hls @ 0xaaab238eed00] Opening '/config/cache/transcodes/678f3a84224662b67ff4c25be5757a34745.mp4' for writing
[hls @ 0xaaab238eed00] Opening '/config/cache/transcodes/678f3a84224662b67ff4c25be5757a34746.mp4' for writing
[hls @ 0xaaab238eed00] Opening '/config/cache/transcodes/678f3a84224662b67ff4c25be5757a34747.mp4' for writing
[hls @ 0xaaab238eed00] Opening '/config/cache/transcodes/678f3a84224662b67ff4c25be5757a34748.mp4' for writing
[hls @ 0xaaab238eed00] Opening '/config/cache/transcodes/678f3a84224662b67ff4c25be5757a34749.mp4' for writing
[hls @ 0xaaab238eed00] Opening '/config/cache/transcodes/678f3a84224662b67ff4c25be5757a34750.mp4' for writing
[hls @ 0xaaab238eed00] Opening '/config/cache/transcodes/678f3a84224662b67ff4c25be5757a34751.mp4' for writing
frame=108358 fps=43278 q=-1.0 size=N/A time=00:58:19.84 bitrate=N/A speed=1.4e+03x    
[hls @ 0xaaab238eed00] Opening '/config/cache/transcodes/678f3a84224662b67ff4c25be5757a34752.mp4' for writing
[hls @ 0xaaab238eed00] Opening '/config/cache/transcodes/678f3a84224662b67ff4c25be5757a34753.mp4' for writing
[hls @ 0xaaab238eed00] Opening '/config/cache/transcodes/678f3a84224662b67ff4c25be5757a34754.mp4' for writing
[hls @ 0xaaab238eed00] Opening '/config/cache/transcodes/678f3a84224662b67ff4c25be5757a34755.mp4' for writing
[hls @ 0xaaab238eed00] Opening '/config/cache/transcodes/678f3a84224662b67ff4c25be5757a34756.mp4' for writing
[hls @ 0xaaab238eed00] Opening '/config/cache/transcodes/678f3a84224662b67ff4c25be5757a34757.mp4' for writing
[hls @ 0xaaab238eed00] Opening '/config/cache/transcodes/678f3a84224662b67ff4c25be5757a34758.mp4' for writing
[hls @ 0xaaab238eed00] Opening '/config/cache/transcodes/678f3a84224662b67ff4c25be5757a34759.mp4' for writing
[hls @ 0xaaab238eed00] Opening '/config/cache/transcodes/678f3a84224662b67ff4c25be5757a34760.mp4' for writing
[hls @ 0xaaab238eed00] Opening '/config/cache/transcodes/678f3a84224662b67ff4c25be5757a34761.mp4' for writing
[hls @ 0xaaab238eed00] Opening '/config/cache/transcodes/678f3a84224662b67ff4c25be5757a34762.mp4' for writing
[hls @ 0xaaab238eed00] Opening '/config/cache/transcodes/678f3a84224662b67ff4c25be5757a34763.mp4' for writing
[hls @ 0xaaab238eed00] Opening '/config/cache/transcodes/678f3a84224662b67ff4c25be5757a34764.mp4' for writing
[hls @ 0xaaab238eed00] Opening '/config/cache/transcodes/678f3a84224662b67ff4c25be5757a34765.mp4' for writing
[hls @ 0xaaab238eed00] Opening '/config/cache/transcodes/678f3a84224662b67ff4c25be5757a34766.mp4' for writing
[hls @ 0xaaab238eed00] Opening '/config/cache/transcodes/678f3a84224662b67ff4c25be5757a34767.mp4' for writing
[hls @ 0xaaab238eed00] Opening '/config/cache/transcodes/678f3a84224662b67ff4c25be5757a34768.mp4' for writing
[hls @ 0xaaab238eed00] Opening '/config/cache/transcodes/678f3a84224662b67ff4c25be5757a34769.mp4' for writing
[hls @ 0xaaab238eed00] Opening '/config/cache/transcodes/678f3a84224662b67ff4c25be5757a34770.mp4' for writing
[hls @ 0xaaab238eed00] Opening '/config/cache/transcodes/678f3a84224662b67ff4c25be5757a34771.mp4' for writing
[hls @ 0xaaab238eed00] Opening '/config/cache/transcodes/678f3a84224662b67ff4c25be5757a34772.mp4' for writing
[hls @ 0xaaab238eed00] Opening '/config/cache/transcodes/678f3a84224662b67ff4c25be5757a34773.mp4' for writing
[hls @ 0xaaab238eed00] Opening '/config/cache/transcodes/678f3a84224662b67ff4c25be5757a34774.mp4' for writing
[hls @ 0xaaab238eed00] Opening '/config/cache/transcodes/678f3a84224662b67ff4c25be5757a34775.mp4' for writing
[hls @ 0xaaab238eed00] Opening '/config/cache/transcodes/678f3a84224662b67ff4c25be5757a34776.mp4' for writing
[hls @ 0xaaab238eed00] Opening '/config/cache/transcodes/678f3a84224662b67ff4c25be5757a34777.mp4' for writing
[hls @ 0xaaab238eed00] Opening '/config/cache/transcodes/678f3a84224662b67ff4c25be5757a34778.mp4' for writing
[hls @ 0xaaab238eed00] Opening '/config/cache/transcodes/678f3a84224662b67ff4c25be5757a34779.mp4' for writing
[hls @ 0xaaab238eed00] Opening '/config/cache/transcodes/678f3a84224662b67ff4c25be5757a34780.mp4' for writing
[hls @ 0xaaab238eed00] Opening '/config/cache/transcodes/678f3a84224662b67ff4c25be5757a34781.mp4' for writing
[hls @ 0xaaab238eed00] Opening '/config/cache/transcodes/678f3a84224662b67ff4c25be5757a34782.mp4' for writing
[hls @ 0xaaab238eed00] Opening '/config/cache/transcodes/678f3a84224662b67ff4c25be5757a34783.mp4' for writing
[hls @ 0xaaab238eed00] Opening '/config/cache/transcodes/678f3a84224662b67ff4c25be5757a34784.mp4' for writing
[hls @ 0xaaab238eed00] Opening '/config/cache/transcodes/678f3a84224662b67ff4c25be5757a34785.mp4' for writing
[hls @ 0xaaab238eed00] Opening '/config/cache/transcodes/678f3a84224662b67ff4c25be5757a34786.mp4' for writing
[hls @ 0xaaab238eed00] Opening '/config/cache/transcodes/678f3a84224662b67ff4c25be5757a34787.mp4' for writing
[hls @ 0xaaab238eed00] Opening '/config/cache/transcodes/678f3a84224662b67ff4c25be5757a34788.mp4' for writing
[hls @ 0xaaab238eed00] Opening '/config/cache/transcodes/678f3a84224662b67ff4c25be5757a34789.mp4' for writing
[hls @ 0xaaab238eed00] Opening '/config/cache/transcodes/678f3a84224662b67ff4c25be5757a34790.mp4' for writing
[hls @ 0xaaab238eed00] Opening '/config/cache/transcodes/678f3a84224662b67ff4c25be5757a34791.mp4' for writing
[hls @ 0xaaab238eed00] Opening '/config/cache/transcodes/678f3a84224662b67ff4c25be5757a34792.mp4' for writing
[hls @ 0xaaab238eed00] Opening '/config/cache/transcodes/678f3a84224662b67ff4c25be5757a34793.mp4' for writing
[hls @ 0xaaab238eed00] Opening '/config/cache/transcodes/678f3a84224662b67ff4c25be5757a34794.mp4' for writing
[hls @ 0xaaab238eed00] Opening '/config/cache/transcodes/678f3a84224662b67ff4c25be5757a34795.mp4' for writing
[hls @ 0xaaab238eed00] Opening '/config/cache/transcodes/678f3a84224662b67ff4c25be5757a34796.mp4' for writing
[hls @ 0xaaab238eed00] Opening '/config/cache/transcodes/678f3a84224662b67ff4c25be5757a34797.mp4' for writing
[hls @ 0xaaab238eed00] Opening '/config/cache/transcodes/678f3a84224662b67ff4c25be5757a34798.mp4' for writing
[hls @ 0xaaab238eed00] Opening '/config/cache/transcodes/678f3a84224662b67ff4c25be5757a34799.mp4' for writing
[hls @ 0xaaab238eed00] Opening '/config/cache/transcodes/678f3a84224662b67ff4c25be5757a34800.mp4' for writing
[hls @ 0xaaab238eed00] Opening '/config/cache/transcodes/678f3a84224662b67ff4c25be5757a34801.mp4' for writing
[hls @ 0xaaab238eed00] Opening '/config/cache/transcodes/678f3a84224662b67ff4c25be5757a34802.mp4' for writing
[hls @ 0xaaab238eed00] Opening '/config/cache/transcodes/678f3a84224662b67ff4c25be5757a34803.mp4' for writing
[hls @ 0xaaab238eed00] Opening '/config/cache/transcodes/678f3a84224662b67ff4c25be5757a34804.mp4' for writing
[hls @ 0xaaab238eed00] Opening '/config/cache/transcodes/678f3a84224662b67ff4c25be5757a34805.mp4' for writing
[hls @ 0xaaab238eed00] Opening '/config/cache/transcodes/678f3a84224662b67ff4c25be5757a34806.mp4' for writing
[hls @ 0xaaab238eed00] Opening '/config/cache/transcodes/678f3a84224662b67ff4c25be5757a34807.mp4' for writing
[hls @ 0xaaab238eed00] Opening '/config/cache/transcodes/678f3a84224662b67ff4c25be5757a34808.mp4' for writing
[hls @ 0xaaab238eed00] Opening '/config/cache/transcodes/678f3a84224662b67ff4c25be5757a34809.mp4' for writing
[hls @ 0xaaab238eed00] Opening '/config/cache/transcodes/678f3a84224662b67ff4c25be5757a34810.mp4' for writing
[hls @ 0xaaab238eed00] Opening '/config/cache/transcodes/678f3a84224662b67ff4c25be5757a34811.mp4' for writing
[hls @ 0xaaab238eed00] Opening '/config/cache/transcodes/678f3a84224662b67ff4c25be5757a34812.mp4' for writing
[hls @ 0xaaab238eed00] Opening '/config/cache/transcodes/678f3a84224662b67ff4c25be5757a34813.mp4' for writing
[hls @ 0xaaab238eed00] Opening '/config/cache/transcodes/678f3a84224662b67ff4c25be5757a34814.mp4' for writing
[hls @ 0xaaab238eed00] Opening '/config/cache/transcodes/678f3a84224662b67ff4c25be5757a34815.mp4' for writing
[hls @ 0xaaab238eed00] Opening '/config/cache/transcodes/678f3a84224662b67ff4c25be5757a34816.mp4' for writing
[hls @ 0xaaab238eed00] Opening '/config/cache/transcodes/678f3a84224662b67ff4c25be5757a34817.mp4' for writing
[hls @ 0xaaab238eed00] Opening '/config/cache/transcodes/678f3a84224662b67ff4c25be5757a34818.mp4' for writing
[hls @ 0xaaab238eed00] Opening '/config/cache/transcodes/678f3a84224662b67ff4c25be5757a34819.mp4' for writing
[hls @ 0xaaab238eed00] Opening '/config/cache/transcodes/678f3a84224662b67ff4c25be5757a34820.mp4' for writing
[hls @ 0xaaab238eed00] Opening '/config/cache/transcodes/678f3a84224662b67ff4c25be5757a34821.mp4' for writing
[hls @ 0xaaab238eed00] Opening '/config/cache/transcodes/678f3a84224662b67ff4c25be5757a34822.mp4' for writing
[hls @ 0xaaab238eed00] Opening '/config/cache/transcodes/678f3a84224662b67ff4c25be5757a34823.mp4' for writing
[hls @ 0xaaab238eed00] Opening '/config/cache/transcodes/678f3a84224662b67ff4c25be5757a34824.mp4' for writing
[hls @ 0xaaab238eed00] Opening '/config/cache/transcodes/678f3a84224662b67ff4c25be5757a34825.mp4' for writing
[hls @ 0xaaab238eed00] Opening '/config/cache/transcodes/678f3a84224662b67ff4c25be5757a34826.mp4' for writing
[hls @ 0xaaab238eed00] Opening '/config/cache/transcodes/678f3a84224662b67ff4c25be5757a34827.mp4' for writing
[hls @ 0xaaab238eed00] Opening '/config/cache/transcodes/678f3a84224662b67ff4c25be5757a34828.mp4' for writing
[hls @ 0xaaab238eed00] Opening '/config/cache/transcodes/678f3a84224662b67ff4c25be5757a34829.mp4' for writing
[hls @ 0xaaab238eed00] Opening '/config/cache/transcodes/678f3a84224662b67ff4c25be5757a34830.mp4' for writing
[hls @ 0xaaab238eed00] Opening '/config/cache/transcodes/678f3a84224662b67ff4c25be5757a34831.mp4' for writing
[hls @ 0xaaab238eed00] Opening '/config/cache/transcodes/678f3a84224662b67ff4c25be5757a34832.mp4' for writing
[hls @ 0xaaab238eed00] Opening '/config/cache/transcodes/678f3a84224662b67ff4c25be5757a34833.mp4' for writing
[hls @ 0xaaab238eed00] Opening '/config/cache/transcodes/678f3a84224662b67ff4c25be5757a34834.mp4' for writing
[hls @ 0xaaab238eed00] Opening '/config/cache/transcodes/678f3a84224662b67ff4c25be5757a34835.mp4' for writing
[hls @ 0xaaab238eed00] Opening '/config/cache/transcodes/678f3a84224662b67ff4c25be5757a34836.mp4' for writing
[hls @ 0xaaab238eed00] Opening '/config/cache/transcodes/678f3a84224662b67ff4c25be5757a34837.mp4' for writing
[hls @ 0xaaab238eed00] Opening '/config/cache/transcodes/678f3a84224662b67ff4c25be5757a34838.mp4' for writing
[hls @ 0xaaab238eed00] Opening '/config/cache/transcodes/678f3a84224662b67ff4c25be5757a34839.mp4' for writing
[hls @ 0xaaab238eed00] Opening '/config/cache/transcodes/678f3a84224662b67ff4c25be5757a34840.mp4' for writing
[hls @ 0xaaab238eed00] Opening '/config/cache/transcodes/678f3a84224662b67ff4c25be5757a34841.mp4' for writing
[hls @ 0xaaab238eed00] Opening '/config/cache/transcodes/678f3a84224662b67ff4c25be5757a34842.mp4' for writing
[hls @ 0xaaab238eed00] Opening '/config/cache/transcodes/678f3a84224662b67ff4c25be5757a34843.mp4' for writing
[hls @ 0xaaab238eed00] Opening '/config/cache/transcodes/678f3a84224662b67ff4c25be5757a34844.mp4' for writing
[hls @ 0xaaab238eed00] Opening '/config/cache/transcodes/678f3a84224662b67ff4c25be5757a34845.mp4' for writing
[hls @ 0xaaab238eed00] Opening '/config/cache/transcodes/678f3a84224662b67ff4c25be5757a34846.mp4' for writing
[hls @ 0xaaab238eed00] Opening '/config/cache/transcodes/678f3a84224662b67ff4c25be5757a34847.mp4' for writing
[hls @ 0xaaab238eed00] Opening '/config/cache/transcodes/678f3a84224662b67ff4c25be5757a34848.mp4' for writing
[hls @ 0xaaab238eed00] Opening '/config/cache/transcodes/678f3a84224662b67ff4c25be5757a34849.mp4' for writing
[hls @ 0xaaab238eed00] Opening '/config/cache/transcodes/678f3a84224662b67ff4c25be5757a34850.mp4' for writing
[hls @ 0xaaab238eed00] Opening '/config/cache/transcodes/678f3a84224662b67ff4c25be5757a34851.mp4' for writing
[hls @ 0xaaab238eed00] Opening '/config/cache/transcodes/678f3a84224662b67ff4c25be5757a34852.mp4' for writing
[hls @ 0xaaab238eed00] Opening '/config/cache/transcodes/678f3a84224662b67ff4c25be5757a34853.mp4' for writing
[hls @ 0xaaab238eed00] Opening '/config/cache/transcodes/678f3a84224662b67ff4c25be5757a34854.mp4' for writing
[hls @ 0xaaab238eed00] Opening '/config/cache/transcodes/678f3a84224662b67ff4c25be5757a34855.mp4' for writing
[hls @ 0xaaab238eed00] Opening '/config/cache/transcodes/678f3a84224662b67ff4c25be5757a34856.mp4' for writing
[hls @ 0xaaab238eed00] Opening '/config/cache/transcodes/678f3a84224662b67ff4c25be5757a34857.mp4' for writing
[hls @ 0xaaab238eed00] Opening '/config/cache/transcodes/678f3a84224662b67ff4c25be5757a34858.mp4' for writing
[hls @ 0xaaab238eed00] Opening '/config/cache/transcodes/678f3a84224662b67ff4c25be5757a34859.mp4' for writing
[hls @ 0xaaab238eed00] Opening '/config/cache/transcodes/678f3a84224662b67ff4c25be5757a34860.mp4' for writing
[hls @ 0xaaab238eed00] Opening '/config/cache/transcodes/678f3a84224662b67ff4c25be5757a34861.mp4' for writing
[hls @ 0xaaab238eed00] Opening '/config/cache/transcodes/678f3a84224662b67ff4c25be5757a34862.mp4' for writing
[hls @ 0xaaab238eed00] Opening '/config/cache/transcodes/678f3a84224662b67ff4c25be5757a34863.mp4' for writing
[hls @ 0xaaab238eed00] Opening '/config/cache/transcodes/678f3a84224662b67ff4c25be5757a34864.mp4' for writing
[hls @ 0xaaab238eed00] Opening '/config/cache/transcodes/678f3a84224662b67ff4c25be5757a34865.mp4' for writing
[hls @ 0xaaab238eed00] Opening '/config/cache/transcodes/678f3a84224662b67ff4c25be5757a34866.mp4' for writing
[hls @ 0xaaab238eed00] Opening '/config/cache/transcodes/678f3a84224662b67ff4c25be5757a34867.mp4' for writing
[hls @ 0xaaab238eed00] Opening '/config/cache/transcodes/678f3a84224662b67ff4c25be5757a34868.mp4' for writing
[hls @ 0xaaab238eed00] Opening '/config/cache/transcodes/678f3a84224662b67ff4c25be5757a34869.mp4' for writing
[hls @ 0xaaab238eed00] Opening '/config/cache/transcodes/678f3a84224662b67ff4c25be5757a34870.mp4' for writing
[hls @ 0xaaab238eed00] Opening '/config/cache/transcodes/678f3a84224662b67ff4c25be5757a34871.mp4' for writing
frame=125837 fps=41878 q=-1.0 size=N/A time=01:10:28.12 bitrate=N/A speed=1.41e+03x    
[hls @ 0xaaab238eed00] Opening '/config/cache/transcodes/678f3a84224662b67ff4c25be5757a34872.mp4' for writing
[hls @ 0xaaab238eed00] Opening '/config/cache/transcodes/678f3a84224662b67ff4c25be5757a34873.mp4' for writing
[hls @ 0xaaab238eed00] Opening '/config/cache/transcodes/678f3a84224662b67ff4c25be5757a34874.mp4' for writing
[hls @ 0xaaab238eed00] Opening '/config/cache/transcodes/678f3a84224662b67ff4c25be5757a34875.mp4' for writing
[hls @ 0xaaab238eed00] Opening '/config/cache/transcodes/678f3a84224662b67ff4c25be5757a34876.mp4' for writing
[hls @ 0xaaab238eed00] Opening '/config/cache/transcodes/678f3a84224662b67ff4c25be5757a34877.mp4' for writing
[hls @ 0xaaab238eed00] Opening '/config/cache/transcodes/678f3a84224662b67ff4c25be5757a34878.mp4' for writing
[hls @ 0xaaab238eed00] Opening '/config/cache/transcodes/678f3a84224662b67ff4c25be5757a34879.mp4' for writing
[hls @ 0xaaab238eed00] Opening '/config/cache/transcodes/678f3a84224662b67ff4c25be5757a34880.mp4' for writing
[hls @ 0xaaab238eed00] Opening '/config/cache/transcodes/678f3a84224662b67ff4c25be5757a34881.mp4' for writing
[hls @ 0xaaab238eed00] Opening '/config/cache/transcodes/678f3a84224662b67ff4c25be5757a34882.mp4' for writing
[hls @ 0xaaab238eed00] Opening '/config/cache/transcodes/678f3a84224662b67ff4c25be5757a34883.mp4' for writing
[hls @ 0xaaab238eed00] Opening '/config/cache/transcodes/678f3a84224662b67ff4c25be5757a34884.mp4' for writing
[hls @ 0xaaab238eed00] Opening '/config/cache/transcodes/678f3a84224662b67ff4c25be5757a34885.mp4' for writing
[hls @ 0xaaab238eed00] Opening '/config/cache/transcodes/678f3a84224662b67ff4c25be5757a34886.mp4' for writing
[hls @ 0xaaab238eed00] Opening '/config/cache/transcodes/678f3a84224662b67ff4c25be5757a34887.mp4' for writing
[hls @ 0xaaab238eed00] Opening '/config/cache/transcodes/678f3a84224662b67ff4c25be5757a34888.mp4' for writing
[hls @ 0xaaab238eed00] Opening '/config/cache/transcodes/678f3a84224662b67ff4c25be5757a34889.mp4' for writing
[hls @ 0xaaab238eed00] Opening '/config/cache/transcodes/678f3a84224662b67ff4c25be5757a34890.mp4' for writing
[hls @ 0xaaab238eed00] Opening '/config/cache/transcodes/678f3a84224662b67ff4c25be5757a34891.mp4' for writing
[hls @ 0xaaab238eed00] Opening '/config/cache/transcodes/678f3a84224662b67ff4c25be5757a34892.mp4' for writing
[hls @ 0xaaab238eed00] Opening '/config/cache/transcodes/678f3a84224662b67ff4c25be5757a34893.mp4' for writing
[hls @ 0xaaab238eed00] Opening '/config/cache/transcodes/678f3a84224662b67ff4c25be5757a34894.mp4' for writing
[hls @ 0xaaab238eed00] Opening '/config/cache/transcodes/678f3a84224662b67ff4c25be5757a34895.mp4' for writing
[hls @ 0xaaab238eed00] Opening '/config/cache/transcodes/678f3a84224662b67ff4c25be5757a34896.mp4' for writing
[hls @ 0xaaab238eed00] Opening '/config/cache/transcodes/678f3a84224662b67ff4c25be5757a34897.mp4' for writing
[hls @ 0xaaab238eed00] Opening '/config/cache/transcodes/678f3a84224662b67ff4c25be5757a34898.mp4' for writing
[hls @ 0xaaab238eed00] Opening '/config/cache/transcodes/678f3a84224662b67ff4c25be5757a34899.mp4' for writing
[hls @ 0xaaab238eed00] Opening '/config/cache/transcodes/678f3a84224662b67ff4c25be5757a34900.mp4' for writing
[hls @ 0xaaab238eed00] Opening '/config/cache/transcodes/678f3a84224662b67ff4c25be5757a34901.mp4' for writing
[hls @ 0xaaab238eed00] Opening '/config/cache/transcodes/678f3a84224662b67ff4c25be5757a34902.mp4' for writing
[hls @ 0xaaab238eed00] Opening '/config/cache/transcodes/678f3a84224662b67ff4c25be5757a34903.mp4' for writing
[hls @ 0xaaab238eed00] Opening '/config/cache/transcodes/678f3a84224662b67ff4c25be5757a34904.mp4' for writing
[hls @ 0xaaab238eed00] Opening '/config/cache/transcodes/678f3a84224662b67ff4c25be5757a34905.mp4' for writing
[hls @ 0xaaab238eed00] Opening '/config/cache/transcodes/678f3a84224662b67ff4c25be5757a34906.mp4' for writing
[hls @ 0xaaab238eed00] Opening '/config/cache/transcodes/678f3a84224662b67ff4c25be5757a34907.mp4' for writing
[hls @ 0xaaab238eed00] Opening '/config/cache/transcodes/678f3a84224662b67ff4c25be5757a34908.mp4' for writing
[hls @ 0xaaab238eed00] Opening '/config/cache/transcodes/678f3a84224662b67ff4c25be5757a34909.mp4' for writing
[hls @ 0xaaab238eed00] Opening '/config/cache/transcodes/678f3a84224662b67ff4c25be5757a34910.mp4' for writing
[hls @ 0xaaab238eed00] Opening '/config/cache/transcodes/678f3a84224662b67ff4c25be5757a34911.mp4' for writing
[hls @ 0xaaab238eed00] Opening '/config/cache/transcodes/678f3a84224662b67ff4c25be5757a34912.mp4' for writing
[hls @ 0xaaab238eed00] Opening '/config/cache/transcodes/678f3a84224662b67ff4c25be5757a34913.mp4' for writing
[hls @ 0xaaab238eed00] Opening '/config/cache/transcodes/678f3a84224662b67ff4c25be5757a34914.mp4' for writing
[hls @ 0xaaab238eed00] Opening '/config/cache/transcodes/678f3a84224662b67ff4c25be5757a34915.mp4' for writing
[hls @ 0xaaab238eed00] Opening '/config/cache/transcodes/678f3a84224662b67ff4c25be5757a34916.mp4' for writing
[hls @ 0xaaab238eed00] Opening '/config/cache/transcodes/678f3a84224662b67ff4c25be5757a34917.mp4' for writing
[hls @ 0xaaab238eed00] Opening '/config/cache/transcodes/678f3a84224662b67ff4c25be5757a34918.mp4' for writing
[hls @ 0xaaab238eed00] Opening '/config/cache/transcodes/678f3a84224662b67ff4c25be5757a34919.mp4' for writing
[hls @ 0xaaab238eed00] Opening '/config/cache/transcodes/678f3a84224662b67ff4c25be5757a34920.mp4' for writing
[hls @ 0xaaab238eed00] Opening '/config/cache/transcodes/678f3a84224662b67ff4c25be5757a34921.mp4' for writing
[hls @ 0xaaab238eed00] Opening '/config/cache/transcodes/678f3a84224662b67ff4c25be5757a34922.mp4' for writing
[hls @ 0xaaab238eed00] Opening '/config/cache/transcodes/678f3a84224662b67ff4c25be5757a34923.mp4' for writing
[hls @ 0xaaab238eed00] Opening '/config/cache/transcodes/678f3a84224662b67ff4c25be5757a34924.mp4' for writing
[hls @ 0xaaab238eed00] Opening '/config/cache/transcodes/678f3a84224662b67ff4c25be5757a34925.mp4' for writing
[hls @ 0xaaab238eed00] Opening '/config/cache/transcodes/678f3a84224662b67ff4c25be5757a34926.mp4' for writing
[hls @ 0xaaab238eed00] Opening '/config/cache/transcodes/678f3a84224662b67ff4c25be5757a34927.mp4' for writing
[hls @ 0xaaab238eed00] Opening '/config/cache/transcodes/678f3a84224662b67ff4c25be5757a34928.mp4' for writing
[hls @ 0xaaab238eed00] Opening '/config/cache/transcodes/678f3a84224662b67ff4c25be5757a34929.mp4' for writing
[hls @ 0xaaab238eed00] Opening '/config/cache/transcodes/678f3a84224662b67ff4c25be5757a34930.mp4' for writing
[hls @ 0xaaab238eed00] Opening '/config/cache/transcodes/678f3a84224662b67ff4c25be5757a34931.mp4' for writing
[hls @ 0xaaab238eed00] Opening '/config/cache/transcodes/678f3a84224662b67ff4c25be5757a34932.mp4' for writing
[hls @ 0xaaab238eed00] Opening '/config/cache/transcodes/678f3a84224662b67ff4c25be5757a34933.mp4' for writing
[hls @ 0xaaab238eed00] Opening '/config/cache/transcodes/678f3a84224662b67ff4c25be5757a34934.mp4' for writing
[hls @ 0xaaab238eed00] Opening '/config/cache/transcodes/678f3a84224662b67ff4c25be5757a34935.mp4' for writing
[hls @ 0xaaab238eed00] Opening '/config/cache/transcodes/678f3a84224662b67ff4c25be5757a34936.mp4' for writing
[hls @ 0xaaab238eed00] Opening '/config/cache/transcodes/678f3a84224662b67ff4c25be5757a34937.mp4' for writing
[hls @ 0xaaab238eed00] Opening '/config/cache/transcodes/678f3a84224662b67ff4c25be5757a34938.mp4' for writing
[hls @ 0xaaab238eed00] Opening '/config/cache/transcodes/678f3a84224662b67ff4c25be5757a34939.mp4' for writing
[hls @ 0xaaab238eed00] Opening '/config/cache/transcodes/678f3a84224662b67ff4c25be5757a34940.mp4' for writing
[hls @ 0xaaab238eed00] Opening '/config/cache/transcodes/678f3a84224662b67ff4c25be5757a34941.mp4' for writing
[hls @ 0xaaab238eed00] Opening '/config/cache/transcodes/678f3a84224662b67ff4c25be5757a34942.mp4' for writing
[hls @ 0xaaab238eed00] Opening '/config/cache/transcodes/678f3a84224662b67ff4c25be5757a34943.mp4' for writing
[hls @ 0xaaab238eed00] Opening '/config/cache/transcodes/678f3a84224662b67ff4c25be5757a34944.mp4' for writing
[hls @ 0xaaab238eed00] Opening '/config/cache/transcodes/678f3a84224662b67ff4c25be5757a34945.mp4' for writing
[hls @ 0xaaab238eed00] Opening '/config/cache/transcodes/678f3a84224662b67ff4c25be5757a34946.mp4' for writing
[hls @ 0xaaab238eed00] Opening '/config/cache/transcodes/678f3a84224662b67ff4c25be5757a34947.mp4' for writing
[hls @ 0xaaab238eed00] Opening '/config/cache/transcodes/678f3a84224662b67ff4c25be5757a34948.mp4' for writing
[hls @ 0xaaab238eed00] Opening '/config/cache/transcodes/678f3a84224662b67ff4c25be5757a34949.mp4' for writing
[hls @ 0xaaab238eed00] Opening '/config/cache/transcodes/678f3a84224662b67ff4c25be5757a34950.mp4' for writing
[hls @ 0xaaab238eed00] Opening '/config/cache/transcodes/678f3a84224662b67ff4c25be5757a34951.mp4' for writing
[hls @ 0xaaab238eed00] Opening '/config/cache/transcodes/678f3a84224662b67ff4c25be5757a34952.mp4' for writing
[hls @ 0xaaab238eed00] Opening '/config/cache/transcodes/678f3a84224662b67ff4c25be5757a34953.mp4' for writing
[hls @ 0xaaab238eed00] Opening '/config/cache/transcodes/678f3a84224662b67ff4c25be5757a34954.mp4' for writing
[hls @ 0xaaab238eed00] Opening '/config/cache/transcodes/678f3a84224662b67ff4c25be5757a34955.mp4' for writing
[hls @ 0xaaab238eed00] Opening '/config/cache/transcodes/678f3a84224662b67ff4c25be5757a34956.mp4' for writing
[hls @ 0xaaab238eed00] Opening '/config/cache/transcodes/678f3a84224662b67ff4c25be5757a34957.mp4' for writing
[hls @ 0xaaab238eed00] Opening '/config/cache/transcodes/678f3a84224662b67ff4c25be5757a34958.mp4' for writing
[hls @ 0xaaab238eed00] Opening '/config/cache/transcodes/678f3a84224662b67ff4c25be5757a34959.mp4' for writing
[hls @ 0xaaab238eed00] Opening '/config/cache/transcodes/678f3a84224662b67ff4c25be5757a34960.mp4' for writing
[hls @ 0xaaab238eed00] Opening '/config/cache/transcodes/678f3a84224662b67ff4c25be5757a34961.mp4' for writing
[hls @ 0xaaab238eed00] Opening '/config/cache/transcodes/678f3a84224662b67ff4c25be5757a34962.mp4' for writing
[hls @ 0xaaab238eed00] Opening '/config/cache/transcodes/678f3a84224662b67ff4c25be5757a34963.mp4' for writing
[hls @ 0xaaab238eed00] Opening '/config/cache/transcodes/678f3a84224662b67ff4c25be5757a34964.mp4' for writing
[matroska,webm @ 0xaaab238c25a0] File extends beyond end of segment.
[hls @ 0xaaab238eed00] Opening '/config/cache/transcodes/678f3a84224662b67ff4c25be5757a34965.mp4' for writing
[out#0/hls @ 0xaaab238c36e0] video:1522832KiB audio:219298KiB subtitle:0KiB other streams:0KiB global headers:2KiB muxing overhead: unknown
frame=141144 fps=42504 q=-1.0 Lsize=N/A time=01:21:05.83 bitrate=N/A speed=1.47e+03x    